Seleção,Grupo,Camisa1,Nº,Nome,Posição_Copa,FC26_ID,FC26_Nome,FC26_Posição,FC26_PosAlternativas,Overall,PAC,SHO,PAS,DRI,DEF,PHY,Acceleration,SprintSpeed,Finishing,ShotPower,LongShots,Volleys,Penalties,Positioning,ShortPassing,LongPassing,Curve,FKAccuracy,Crossing,Vision,Dribbling,BallControl,Agility,Balance,Reactions,Composure,Interceptions,DefensiveAwareness,StandingTackle,SlidingTackle,HeadingAccuracy,Aggression,Jumping,Stamina,Strength,GKDiving,GKHandling,GKKicking,GKPositioning,GKReflexes,PlayStyles,PlayStylesPlus,SkillMoves,WeakFoot,PreferredFoot
New Zealand,G,Max Crocombe,22,Michael Woud,GK,235860,Michael Woud,GK,,60,,,,,,,,,,,,,,,,,,,,,,,,,,,,,,,,,,,,65,50,60,56,63,,,1,2,2
Paraguay,D,Roberto Junior Fernández,12,Orlando Gill,GK,75260,Orlando Gill,GK,,62,,,,,,,,,,,,,,,,,,,,,,,,,,,,,,,,,,,,63,62,60,63,62,,,1,3,2
Canada,B,Dayne St. Clair,18,Owen Goodman,GK,276806,Owen Goodman,GK,,65,,,,,,,,,,,,,,,,,,,,,,,,,,,,,,,,,,,,64,63,64,64,66,,,1,3,2
Czechia,A,Matej Kovar,2,David Zima,DEF,255687,David Zima,CB,,74,76,38,54,62,75,75,72,80,30,61,35,33,44,27,64,61,51,32,36,55,60,63,59,58,73,73,76,78,74,74,67,70,80,71,78,5,12,13,10,,Jockey,,2,4,1
Czechia,A,Matej Kovar,3,Tomas Holes,DEF,251116,Tomáš Holeš,CB,CDM,76,74,58,69,69,75,80,74,74,52,72,60,50,54,64,70,70,58,55,73,67,65,70,70,82,74,73,76,76,74,75,77,80,89,77,81,9,10,8,13,,"Long Ball Pass,Slide Tackle",,2,4,1
Czechia,A,Matej Kovar,4,Robin Hranac,DEF,276646,Robin Hranáč,CB,,71,75,38,51,52,70,76,65,84,25,68,38,33,42,36,66,64,31,28,30,45,48,56,55,42,69,54,70,68,71,70,73,70,84,64,84,5,15,15,6,,"Long Ball Pass,Aerial Fortress",,2,2,1
Czechia,A,Matej Kovar,5,Vladimir Coufal,DEF,244470,Vladimír Coufal,RB,RM,73,58,56,70,70,74,71,62,54,50,66,59,61,49,68,71,69,74,42,77,68,69,72,64,70,74,72,74,75,75,75,68,86,71,63,68,13,12,12,6,,"Whipped Pass,Jockey,Long Throw",,3,3,1
Czechia,A,Matej Kovar,6,Stepan Chaloupek,DEF,73456,Štěpán Chaloupek,CB,,70,69,34,52,57,68,76,65,73,31,45,31,24,38,37,64,60,40,34,35,51,51,64,51,55,66,66,67,67,68,72,71,75,83,65,81,11,9,12,9,,Slide Tackle,,2,3,1
Czechia,A,Matej Kovar,7,Ladislav Krejci,DEF,252064,Ladislav Krejčí,CB,CDM,78,72,68,68,69,76,84,68,75,62,78,68,65,76,73,75,74,55,54,56,70,69,72,55,65,75,75,77,75,76,74,82,88,89,79,85,9,5,6,14,,"Pinged Pass,Bruiser",,3,3,2
Czechia,A,Matej Kovar,14,David Jurasek,DEF,267594,David Jurásek,LB,LM,73,83,61,68,72,67,74,84,83,51,77,67,58,55,67,66,63,72,69,76,68,73,72,71,74,71,67,67,66,68,65,64,73,82,75,74,6,6,7,8,,"Pinged Pass,Long Ball Pass,Whipped Pass,Press Proven",,3,2,2
Czechia,A,Matej Kovar,20,Jaroslav Zeleny,DEF,199323,Jaroslav Zelený,CB,"LB,LM",72,74,62,69,70,71,75,72,75,61,66,63,61,51,67,73,68,51,61,71,68,70,72,68,57,74,75,71,70,70,68,76,68,88,71,78,11,7,11,11,,,,3,3,2
Czechia,A,Matej Kovar,21,David Doudera,DEF,269509,David Douděra,RM,"RB,RW",74,89,66,65,72,65,67,88,89,68,69,63,70,45,73,68,64,52,48,75,57,71,72,84,74,70,56,66,62,67,69,58,71,73,85,56,15,15,8,11,,"Whipped Pass,Rapid,Relentless",,3,2,1
Czechia,A,Matej Kovar,8,Vladimír Darida,MID,N/A,N/A,N/A,N/A,N/A,N/A,N/A,N/A,N/A,N/A,N/A,N/A,N/A,N/A,N/A,N/A,N/A,N/A,N/A,N/A,N/A,N/A,N/A,N/A,N/A,N/A,N/A,N/A,N/A,N/A,N/A,N/A,N/A,N/A,N/A,N/A,N/A,N/A,N/A,N/A,N/A,N/A,N/A,N/A,N/A,N/A,N/A,N/A,N/A,N/A
Czechia,A,Matej Kovar,12,Lukas Cerv,MID,71259,Lukáš Červ,CDM,CM,74,69,65,67,69,71,78,69,69,61,73,66,61,68,62,73,72,51,51,64,63,68,71,68,69,72,63,72,69,72,70,70,88,77,78,75,6,12,6,7,,"Relentless,Bruiser",,2,2,1
New Zealand,G,Max Crocombe,25,Lachlan Bayliss,MID,276249,Lachlan Bayliss,CAM,"CM,RM",62,74,56,56,64,50,56,75,73,56,58,55,49,53,60,60,56,55,52,48,60,62,64,79,73,57,57,48,46,55,53,48,50,60,60,56,7,11,12,8,,,,3,4,1
Czechia,A,Matej Kovar,18,Michal Sadilek,MID,245209,Michal Sadílek,CDM,CM,76,53,58,75,71,72,79,74,36,50,71,60,55,62,64,78,81,71,69,69,73,68,74,72,84,71,70,72,74,71,73,64,83,70,86,74,7,15,9,14,,"Slide Tackle,Relentless,Bruiser",,3,2,2
Czechia,A,Matej Kovar,22,Tomas Soucek,MID,236792,Tomáš Souček,CDM,CM,78,45,72,71,68,78,82,42,47,72,73,70,79,70,76,75,75,63,53,68,71,71,75,34,48,78,73,77,75,79,79,84,79,79,87,80,11,13,5,6,,"Precision Header,Aerial Fortress",,3,3,1
Czechia,A,Matej Kovar,24,Alexandr Sojka,MID,N/A,N/A,N/A,N/A,N/A,N/A,N/A,N/A,N/A,N/A,N/A,N/A,N/A,N/A,N/A,N/A,N/A,N/A,N/A,N/A,N/A,N/A,N/A,N/A,N/A,N/A,N/A,N/A,N/A,N/A,N/A,N/A,N/A,N/A,N/A,N/A,N/A,N/A,N/A,N/A,N/A,N/A,N/A,N/A,N/A,N/A,N/A,N/A,N/A,N/A
Czechia,A,Matej Kovar,25,Hugo Sochurek,MID,N/A,N/A,N/A,N/A,N/A,N/A,N/A,N/A,N/A,N/A,N/A,N/A,N/A,N/A,N/A,N/A,N/A,N/A,N/A,N/A,N/A,N/A,N/A,N/A,N/A,N/A,N/A,N/A,N/A,N/A,N/A,N/A,N/A,N/A,N/A,N/A,N/A,N/A,N/A,N/A,N/A,N/A,N/A,N/A,N/A,N/A,N/A,N/A,N/A,N/A
Czechia,A,Matej Kovar,26,Denis Visinsky,MID,80073,Denis Višinský,LW,"CAM,RW,LM",68,76,61,65,69,47,59,77,75,63,62,56,58,58,70,67,62,60,55,66,68,69,68,73,72,65,66,45,42,50,45,57,56,69,63,57,6,8,8,8,,,,3,3,1
Japan,F,Zion Suzuki,9,Keisuke Goto,FWD,76570,Keisuke Goto,ST,,56,53,58,40,47,29,65,53,53,64,54,50,47,65,57,43,32,40,40,31,51,47,45,52,46,55,45,20,30,25,25,63,35,73,59,80,7,7,5,8,,,,2,3,1
Australia,D,Mathew Ryan,26,Tete Yengi,FWD,260386,Tete Yengi,ST,,59,69,57,48,55,37,78,73,66,59,58,53,50,55,58,49,42,54,38,49,50,59,54,51,34,55,53,39,32,36,33,58,75,74,61,89,7,6,8,6,,Enforcer,,3,5,1
New Zealand,G,Max Crocombe,18,Ben Waine,FWD,245539,Ben Waine,ST,,62,77,61,54,60,44,68,75,78,61,62,58,61,62,62,54,50,59,53,57,54,60,61,65,61,56,56,48,36,45,38,60,73,74,64,68,13,7,11,13,,Finesse Shot,,2,3,1
Bosnia and Herzegovina,B,Nikola Vasilj,25,Jovo Lukic,FWD,75209,Jovo Lukić,ST,,64,61,64,47,59,27,69,58,63,65,66,60,60,59,65,55,40,47,40,38,49,58,64,51,50,61,61,25,17,27,25,67,60,72,67,74,13,10,8,14,,,,2,3,2
Côte d'Ivoire,E,Yahia Fofana,26,Christ Inao Oulaï,MID,74735,Christ Ravynel Inao Oulaï,CAM,"CDM,CM",64,74,50,61,69,58,49,76,73,53,44,47,50,54,57,68,67,48,52,47,64,68,67,84,87,49,67,55,56,66,62,42,55,46,68,38,14,10,11,13,,,,3,3,1
Ecuador,E,Hernán Galíndez,16,Jordy Caicedo,FWD,268508,Jordy Caicedo,ST,,66,69,65,44,62,34,77,63,73,66,68,60,60,66,63,57,35,40,39,22,54,62,65,62,53,59,65,27,29,34,26,70,59,82,64,90,6,11,7,10,,,,2,2,1
Mexico,A,Raúl Rangel,1,Raúl Rangel,GK,N/A,N/A,N/A,N/A,N/A,N/A,N/A,N/A,N/A,N/A,N/A,N/A,N/A,N/A,N/A,N/A,N/A,N/A,N/A,N/A,N/A,N/A,N/A,N/A,N/A,N/A,N/A,N/A,N/A,N/A,N/A,N/A,N/A,N/A,N/A,N/A,N/A,N/A,N/A,N/A,N/A,N/A,N/A,N/A,N/A,N/A,N/A,N/A,N/A,N/A
Mexico,A,Raúl Rangel,12,Carlos Acevedo,GK,N/A,N/A,N/A,N/A,N/A,N/A,N/A,N/A,N/A,N/A,N/A,N/A,N/A,N/A,N/A,N/A,N/A,N/A,N/A,N/A,N/A,N/A,N/A,N/A,N/A,N/A,N/A,N/A,N/A,N/A,N/A,N/A,N/A,N/A,N/A,N/A,N/A,N/A,N/A,N/A,N/A,N/A,N/A,N/A,N/A,N/A,N/A,N/A,N/A,N/A
Mexico,A,Raúl Rangel,13,Guillermo Ochoa,GK,N/A,N/A,N/A,N/A,N/A,N/A,N/A,N/A,N/A,N/A,N/A,N/A,N/A,N/A,N/A,N/A,N/A,N/A,N/A,N/A,N/A,N/A,N/A,N/A,N/A,N/A,N/A,N/A,N/A,N/A,N/A,N/A,N/A,N/A,N/A,N/A,N/A,N/A,N/A,N/A,N/A,N/A,N/A,N/A,N/A,N/A,N/A,N/A,N/A,N/A
Mexico,A,Raúl Rangel,2,Jorge Sánchez,DEF,N/A,N/A,N/A,N/A,N/A,N/A,N/A,N/A,N/A,N/A,N/A,N/A,N/A,N/A,N/A,N/A,N/A,N/A,N/A,N/A,N/A,N/A,N/A,N/A,N/A,N/A,N/A,N/A,N/A,N/A,N/A,N/A,N/A,N/A,N/A,N/A,N/A,N/A,N/A,N/A,N/A,N/A,N/A,N/A,N/A,N/A,N/A,N/A,N/A,N/A
Mexico,A,Raúl Rangel,3,César Montes,DEF,N/A,N/A,N/A,N/A,N/A,N/A,N/A,N/A,N/A,N/A,N/A,N/A,N/A,N/A,N/A,N/A,N/A,N/A,N/A,N/A,N/A,N/A,N/A,N/A,N/A,N/A,N/A,N/A,N/A,N/A,N/A,N/A,N/A,N/A,N/A,N/A,N/A,N/A,N/A,N/A,N/A,N/A,N/A,N/A,N/A,N/A,N/A,N/A,N/A,N/A
Mexico,A,Raúl Rangel,5,Johan Vásquez,DEF,244349,Johan Vásquez,CB,,75,61,33,58,60,76,75,59,62,32,38,25,29,45,40,65,60,40,40,62,47,53,68,51,64,76,69,76,76,76,76,76,86,76,80,67,9,12,7,12,,"Block,Intercept,Aerial Fortress",,2,2,2
Mexico,A,Raúl Rangel,15,Israel Reyes,DEF,N/A,N/A,N/A,N/A,N/A,N/A,N/A,N/A,N/A,N/A,N/A,N/A,N/A,N/A,N/A,N/A,N/A,N/A,N/A,N/A,N/A,N/A,N/A,N/A,N/A,N/A,N/A,N/A,N/A,N/A,N/A,N/A,N/A,N/A,N/A,N/A,N/A,N/A,N/A,N/A,N/A,N/A,N/A,N/A,N/A,N/A,N/A,N/A,N/A,N/A
Mexico,A,Raúl Rangel,20,Mateo Chávez,DEF,78784,Mateo Chávez,LB,LM,72,82,45,64,71,65,68,81,83,41,59,39,39,37,53,68,59,67,37,69,61,71,70,79,72,67,63,67,66,67,71,50,77,67,80,58,13,6,7,8,,,,3,3,2
Mexico,A,Raúl Rangel,23,Jesús Gallardo,DEF,N/A,N/A,N/A,N/A,N/A,N/A,N/A,N/A,N/A,N/A,N/A,N/A,N/A,N/A,N/A,N/A,N/A,N/A,N/A,N/A,N/A,N/A,N/A,N/A,N/A,N/A,N/A,N/A,N/A,N/A,N/A,N/A,N/A,N/A,N/A,N/A,N/A,N/A,N/A,N/A,N/A,N/A,N/A,N/A,N/A,N/A,N/A,N/A,N/A,N/A
Mexico,A,Raúl Rangel,4,Edson Álvarez,MID,235844,Edson Álvarez,CDM,CM,78,65,58,69,72,78,79,64,65,57,74,40,63,65,56,78,76,42,40,64,69,72,76,60,68,77,76,79,76,79,77,82,86,79,72,80,7,11,10,7,,"Block,Anticipate,Slide Tackle,Bruiser",,2,2,1
Mexico,A,Raúl Rangel,6,Erik Lira,MID,N/A,N/A,N/A,N/A,N/A,N/A,N/A,N/A,N/A,N/A,N/A,N/A,N/A,N/A,N/A,N/A,N/A,N/A,N/A,N/A,N/A,N/A,N/A,N/A,N/A,N/A,N/A,N/A,N/A,N/A,N/A,N/A,N/A,N/A,N/A,N/A,N/A,N/A,N/A,N/A,N/A,N/A,N/A,N/A,N/A,N/A,N/A,N/A,N/A,N/A
Mexico,A,Raúl Rangel,7,Luis Romo,MID,N/A,N/A,N/A,N/A,N/A,N/A,N/A,N/A,N/A,N/A,N/A,N/A,N/A,N/A,N/A,N/A,N/A,N/A,N/A,N/A,N/A,N/A,N/A,N/A,N/A,N/A,N/A,N/A,N/A,N/A,N/A,N/A,N/A,N/A,N/A,N/A,N/A,N/A,N/A,N/A,N/A,N/A,N/A,N/A,N/A,N/A,N/A,N/A,N/A,N/A
Mexico,A,Raúl Rangel,8,Álvaro Fidalgo,MID,N/A,N/A,N/A,N/A,N/A,N/A,N/A,N/A,N/A,N/A,N/A,N/A,N/A,N/A,N/A,N/A,N/A,N/A,N/A,N/A,N/A,N/A,N/A,N/A,N/A,N/A,N/A,N/A,N/A,N/A,N/A,N/A,N/A,N/A,N/A,N/A,N/A,N/A,N/A,N/A,N/A,N/A,N/A,N/A,N/A,N/A,N/A,N/A,N/A,N/A
Switzerland,B,Gregor Kobel,9,Johan Manzambi,FWD,276694,Johan Manzambi,CAM,"CM,ST",67,75,61,59,72,56,62,80,70,65,66,51,55,42,66,66,60,46,37,52,63,72,70,80,78,65,63,55,57,56,52,58,55,73,60,64,8,10,8,13,,Technical,,4,3,1
Mexico,A,Raúl Rangel,18,Obed Vargas,MID,263701,Obed Vargas,CM,"CDM,RM,CAM",69,74,52,64,73,63,57,76,73,51,55,49,44,47,70,69,64,53,44,57,69,71,72,79,78,79,70,68,65,65,60,48,68,53,78,43,6,9,11,7,,Technical,,3,3,1
Mexico,A,Raúl Rangel,19,Gilberto Mora,MID,N/A,N/A,N/A,N/A,N/A,N/A,N/A,N/A,N/A,N/A,N/A,N/A,N/A,N/A,N/A,N/A,N/A,N/A,N/A,N/A,N/A,N/A,N/A,N/A,N/A,N/A,N/A,N/A,N/A,N/A,N/A,N/A,N/A,N/A,N/A,N/A,N/A,N/A,N/A,N/A,N/A,N/A,N/A,N/A,N/A,N/A,N/A,N/A,N/A,N/A
Mexico,A,Raúl Rangel,24,Luis Chávez,MID,N/A,N/A,N/A,N/A,N/A,N/A,N/A,N/A,N/A,N/A,N/A,N/A,N/A,N/A,N/A,N/A,N/A,N/A,N/A,N/A,N/A,N/A,N/A,N/A,N/A,N/A,N/A,N/A,N/A,N/A,N/A,N/A,N/A,N/A,N/A,N/A,N/A,N/A,N/A,N/A,N/A,N/A,N/A,N/A,N/A,N/A,N/A,N/A,N/A,N/A
Mexico,A,Raúl Rangel,26,Brian Gutiérrez,MID,260984,Brian Gutiérrez,LM,"CM,CAM,LW",68,67,63,64,69,41,58,68,67,66,65,61,48,50,68,69,67,55,51,57,66,69,69,71,73,65,61,32,43,42,45,42,55,53,64,57,10,13,7,13,,,,3,4,1
Japan,F,Zion Suzuki,26,Kento Shiogai,FWD,74879,Kento Shiogai,ST,,66,84,65,55,66,21,57,85,84,64,75,61,59,59,63,57,49,67,59,52,54,69,64,65,64,66,54,13,22,14,19,59,58,73,51,58,8,7,14,11,,Quick Step,,2,4,1
Mexico,A,Raúl Rangel,10,Alexis Vega,FWD,N/A,N/A,N/A,N/A,N/A,N/A,N/A,N/A,N/A,N/A,N/A,N/A,N/A,N/A,N/A,N/A,N/A,N/A,N/A,N/A,N/A,N/A,N/A,N/A,N/A,N/A,N/A,N/A,N/A,N/A,N/A,N/A,N/A,N/A,N/A,N/A,N/A,N/A,N/A,N/A,N/A,N/A,N/A,N/A,N/A,N/A,N/A,N/A,N/A,N/A
Mexico,A,Raúl Rangel,11,Santiago Gimenez,FWD,N/A,N/A,N/A,N/A,N/A,N/A,N/A,N/A,N/A,N/A,N/A,N/A,N/A,N/A,N/A,N/A,N/A,N/A,N/A,N/A,N/A,N/A,N/A,N/A,N/A,N/A,N/A,N/A,N/A,N/A,N/A,N/A,N/A,N/A,N/A,N/A,N/A,N/A,N/A,N/A,N/A,N/A,N/A,N/A,N/A,N/A,N/A,N/A,N/A,N/A
Mexico,A,Raúl Rangel,14,Armando González,FWD,N/A,N/A,N/A,N/A,N/A,N/A,N/A,N/A,N/A,N/A,N/A,N/A,N/A,N/A,N/A,N/A,N/A,N/A,N/A,N/A,N/A,N/A,N/A,N/A,N/A,N/A,N/A,N/A,N/A,N/A,N/A,N/A,N/A,N/A,N/A,N/A,N/A,N/A,N/A,N/A,N/A,N/A,N/A,N/A,N/A,N/A,N/A,N/A,N/A,N/A
Mexico,A,Raúl Rangel,16,Julián Quiñones,FWD,N/A,N/A,N/A,N/A,N/A,N/A,N/A,N/A,N/A,N/A,N/A,N/A,N/A,N/A,N/A,N/A,N/A,N/A,N/A,N/A,N/A,N/A,N/A,N/A,N/A,N/A,N/A,N/A,N/A,N/A,N/A,N/A,N/A,N/A,N/A,N/A,N/A,N/A,N/A,N/A,N/A,N/A,N/A,N/A,N/A,N/A,N/A,N/A,N/A,N/A
Mexico,A,Raúl Rangel,21,César Huerta,FWD,246289,César Huerta,LW,"LM,RW",73,84,68,68,75,48,70,83,84,69,66,67,69,68,68,70,68,51,53,72,68,79,71,91,77,55,57,24,40,61,60,66,51,82,79,72,7,12,6,11,,Rapid,,3,3,1
Mexico,A,Raúl Rangel,22,Guillermo Martínez,FWD,N/A,N/A,N/A,N/A,N/A,N/A,N/A,N/A,N/A,N/A,N/A,N/A,N/A,N/A,N/A,N/A,N/A,N/A,N/A,N/A,N/A,N/A,N/A,N/A,N/A,N/A,N/A,N/A,N/A,N/A,N/A,N/A,N/A,N/A,N/A,N/A,N/A,N/A,N/A,N/A,N/A,N/A,N/A,N/A,N/A,N/A,N/A,N/A,N/A,N/A
Mexico,A,Raúl Rangel,25,Roberto Alvarado,FWD,N/A,N/A,N/A,N/A,N/A,N/A,N/A,N/A,N/A,N/A,N/A,N/A,N/A,N/A,N/A,N/A,N/A,N/A,N/A,N/A,N/A,N/A,N/A,N/A,N/A,N/A,N/A,N/A,N/A,N/A,N/A,N/A,N/A,N/A,N/A,N/A,N/A,N/A,N/A,N/A,N/A,N/A,N/A,N/A,N/A,N/A,N/A,N/A,N/A,N/A
South Africa,A,Ronwen Williams,1,Ronwen Williams,GK,N/A,N/A,N/A,N/A,N/A,N/A,N/A,N/A,N/A,N/A,N/A,N/A,N/A,N/A,N/A,N/A,N/A,N/A,N/A,N/A,N/A,N/A,N/A,N/A,N/A,N/A,N/A,N/A,N/A,N/A,N/A,N/A,N/A,N/A,N/A,N/A,N/A,N/A,N/A,N/A,N/A,N/A,N/A,N/A,N/A,N/A,N/A,N/A,N/A,N/A
South Africa,A,Ronwen Williams,16,Sipho Chaine,GK,N/A,N/A,N/A,N/A,N/A,N/A,N/A,N/A,N/A,N/A,N/A,N/A,N/A,N/A,N/A,N/A,N/A,N/A,N/A,N/A,N/A,N/A,N/A,N/A,N/A,N/A,N/A,N/A,N/A,N/A,N/A,N/A,N/A,N/A,N/A,N/A,N/A,N/A,N/A,N/A,N/A,N/A,N/A,N/A,N/A,N/A,N/A,N/A,N/A,N/A
South Africa,A,Ronwen Williams,22,Ricardo Goss,GK,N/A,N/A,N/A,N/A,N/A,N/A,N/A,N/A,N/A,N/A,N/A,N/A,N/A,N/A,N/A,N/A,N/A,N/A,N/A,N/A,N/A,N/A,N/A,N/A,N/A,N/A,N/A,N/A,N/A,N/A,N/A,N/A,N/A,N/A,N/A,N/A,N/A,N/A,N/A,N/A,N/A,N/A,N/A,N/A,N/A,N/A,N/A,N/A,N/A,N/A
South Africa,A,Ronwen Williams,2,Thabang Matuludi,DEF,N/A,N/A,N/A,N/A,N/A,N/A,N/A,N/A,N/A,N/A,N/A,N/A,N/A,N/A,N/A,N/A,N/A,N/A,N/A,N/A,N/A,N/A,N/A,N/A,N/A,N/A,N/A,N/A,N/A,N/A,N/A,N/A,N/A,N/A,N/A,N/A,N/A,N/A,N/A,N/A,N/A,N/A,N/A,N/A,N/A,N/A,N/A,N/A,N/A,N/A
South Africa,A,Ronwen Williams,3,Khulumani Ndamane,DEF,N/A,N/A,N/A,N/A,N/A,N/A,N/A,N/A,N/A,N/A,N/A,N/A,N/A,N/A,N/A,N/A,N/A,N/A,N/A,N/A,N/A,N/A,N/A,N/A,N/A,N/A,N/A,N/A,N/A,N/A,N/A,N/A,N/A,N/A,N/A,N/A,N/A,N/A,N/A,N/A,N/A,N/A,N/A,N/A,N/A,N/A,N/A,N/A,N/A,N/A
South Africa,A,Ronwen Williams,14,Mbekezeli Mbokazi,DEF,N/A,N/A,N/A,N/A,N/A,N/A,N/A,N/A,N/A,N/A,N/A,N/A,N/A,N/A,N/A,N/A,N/A,N/A,N/A,N/A,N/A,N/A,N/A,N/A,N/A,N/A,N/A,N/A,N/A,N/A,N/A,N/A,N/A,N/A,N/A,N/A,N/A,N/A,N/A,N/A,N/A,N/A,N/A,N/A,N/A,N/A,N/A,N/A,N/A,N/A
South Africa,A,Ronwen Williams,18,Samukele Kabini,DEF,77951,Samukele Kabini,LB,"CB,LM",63,71,29,54,60,59,60,70,72,25,31,25,31,40,51,58,54,44,28,58,52,59,63,57,65,58,54,59,57,60,59,62,56,69,63,60,12,15,6,10,,,,2,3,2
South Africa,A,Ronwen Williams,19,Nkosinathi Sibisi,DEF,N/A,N/A,N/A,N/A,N/A,N/A,N/A,N/A,N/A,N/A,N/A,N/A,N/A,N/A,N/A,N/A,N/A,N/A,N/A,N/A,N/A,N/A,N/A,N/A,N/A,N/A,N/A,N/A,N/A,N/A,N/A,N/A,N/A,N/A,N/A,N/A,N/A,N/A,N/A,N/A,N/A,N/A,N/A,N/A,N/A,N/A,N/A,N/A,N/A,N/A
South Africa,A,Ronwen Williams,20,Khuliso Mudau,DEF,N/A,N/A,N/A,N/A,N/A,N/A,N/A,N/A,N/A,N/A,N/A,N/A,N/A,N/A,N/A,N/A,N/A,N/A,N/A,N/A,N/A,N/A,N/A,N/A,N/A,N/A,N/A,N/A,N/A,N/A,N/A,N/A,N/A,N/A,N/A,N/A,N/A,N/A,N/A,N/A,N/A,N/A,N/A,N/A,N/A,N/A,N/A,N/A,N/A,N/A
South Africa,A,Ronwen Williams,21,Ime Okon,DEF,79280,Ime Okon,CB,,67,77,30,44,59,68,70,79,76,22,53,24,29,34,35,57,40,30,22,41,35,56,68,52,53,58,51,66,71,67,65,66,68,81,64,72,7,12,12,11,,,,2,3,1
South Africa,A,Ronwen Williams,24,Olwethu Makhanya,DEF,278688,Olwethu Makhanya,CB,,57,74,32,42,44,56,64,78,70,30,41,29,30,40,28,53,50,34,29,36,26,38,49,32,68,50,52,49,54,62,59,55,55,74,59,69,6,9,12,12,,,,2,2,1
South Africa,A,Ronwen Williams,25,Kamogelo Sebelebele,DEF,N/A,N/A,N/A,N/A,N/A,N/A,N/A,N/A,N/A,N/A,N/A,N/A,N/A,N/A,N/A,N/A,N/A,N/A,N/A,N/A,N/A,N/A,N/A,N/A,N/A,N/A,N/A,N/A,N/A,N/A,N/A,N/A,N/A,N/A,N/A,N/A,N/A,N/A,N/A,N/A,N/A,N/A,N/A,N/A,N/A,N/A,N/A,N/A,N/A,N/A
South Africa,A,Ronwen Williams,26,Bradley Cross,DEF,N/A,N/A,N/A,N/A,N/A,N/A,N/A,N/A,N/A,N/A,N/A,N/A,N/A,N/A,N/A,N/A,N/A,N/A,N/A,N/A,N/A,N/A,N/A,N/A,N/A,N/A,N/A,N/A,N/A,N/A,N/A,N/A,N/A,N/A,N/A,N/A,N/A,N/A,N/A,N/A,N/A,N/A,N/A,N/A,N/A,N/A,N/A,N/A,N/A,N/A
South Africa,A,Ronwen Williams,4,Teboho Mokoena,MID,N/A,N/A,N/A,N/A,N/A,N/A,N/A,N/A,N/A,N/A,N/A,N/A,N/A,N/A,N/A,N/A,N/A,N/A,N/A,N/A,N/A,N/A,N/A,N/A,N/A,N/A,N/A,N/A,N/A,N/A,N/A,N/A,N/A,N/A,N/A,N/A,N/A,N/A,N/A,N/A,N/A,N/A,N/A,N/A,N/A,N/A,N/A,N/A,N/A,N/A
South Africa,A,Ronwen Williams,5,Thalente Mbatha,MID,N/A,N/A,N/A,N/A,N/A,N/A,N/A,N/A,N/A,N/A,N/A,N/A,N/A,N/A,N/A,N/A,N/A,N/A,N/A,N/A,N/A,N/A,N/A,N/A,N/A,N/A,N/A,N/A,N/A,N/A,N/A,N/A,N/A,N/A,N/A,N/A,N/A,N/A,N/A,N/A,N/A,N/A,N/A,N/A,N/A,N/A,N/A,N/A,N/A,N/A
South Africa,A,Ronwen Williams,6,Aubrey Modiba,MID,N/A,N/A,N/A,N/A,N/A,N/A,N/A,N/A,N/A,N/A,N/A,N/A,N/A,N/A,N/A,N/A,N/A,N/A,N/A,N/A,N/A,N/A,N/A,N/A,N/A,N/A,N/A,N/A,N/A,N/A,N/A,N/A,N/A,N/A,N/A,N/A,N/A,N/A,N/A,N/A,N/A,N/A,N/A,N/A,N/A,N/A,N/A,N/A,N/A,N/A
South Africa,A,Ronwen Williams,13,Sphephelo Sithole,MID,257293,Sphephelo Sithole,CDM,CM,65,64,53,59,61,64,74,63,64,46,64,59,42,51,66,64,61,39,48,50,64,62,61,56,51,63,66,65,63,65,60,65,74,76,66,78,12,14,14,10,,,,2,2,1
South Africa,A,Ronwen Williams,23,Jayden Adams,MID,N/A,N/A,N/A,N/A,N/A,N/A,N/A,N/A,N/A,N/A,N/A,N/A,N/A,N/A,N/A,N/A,N/A,N/A,N/A,N/A,N/A,N/A,N/A,N/A,N/A,N/A,N/A,N/A,N/A,N/A,N/A,N/A,N/A,N/A,N/A,N/A,N/A,N/A,N/A,N/A,N/A,N/A,N/A,N/A,N/A,N/A,N/A,N/A,N/A,N/A
South Africa,A,Ronwen Williams,7,Oswin Appollis,FWD,N/A,N/A,N/A,N/A,N/A,N/A,N/A,N/A,N/A,N/A,N/A,N/A,N/A,N/A,N/A,N/A,N/A,N/A,N/A,N/A,N/A,N/A,N/A,N/A,N/A,N/A,N/A,N/A,N/A,N/A,N/A,N/A,N/A,N/A,N/A,N/A,N/A,N/A,N/A,N/A,N/A,N/A,N/A,N/A,N/A,N/A,N/A,N/A,N/A,N/A
South Africa,A,Ronwen Williams,8,Tshepang Moremi,FWD,N/A,N/A,N/A,N/A,N/A,N/A,N/A,N/A,N/A,N/A,N/A,N/A,N/A,N/A,N/A,N/A,N/A,N/A,N/A,N/A,N/A,N/A,N/A,N/A,N/A,N/A,N/A,N/A,N/A,N/A,N/A,N/A,N/A,N/A,N/A,N/A,N/A,N/A,N/A,N/A,N/A,N/A,N/A,N/A,N/A,N/A,N/A,N/A,N/A,N/A
Ecuador,E,Hernán Galíndez,11,Kevin Rodríguez,FWD,272569,Kevin Rodríguez,ST,"CAM,CM",67,79,65,54,68,25,67,77,81,65,70,64,61,52,66,58,52,53,41,55,53,69,67,73,65,65,63,34,20,15,17,62,43,80,67,75,15,9,11,7,,"Gamechanger,Trickster",,4,3,1
South Africa,A,Ronwen Williams,10,Relebohile Mofokeng,FWD,N/A,N/A,N/A,N/A,N/A,N/A,N/A,N/A,N/A,N/A,N/A,N/A,N/A,N/A,N/A,N/A,N/A,N/A,N/A,N/A,N/A,N/A,N/A,N/A,N/A,N/A,N/A,N/A,N/A,N/A,N/A,N/A,N/A,N/A,N/A,N/A,N/A,N/A,N/A,N/A,N/A,N/A,N/A,N/A,N/A,N/A,N/A,N/A,N/A,N/A
South Africa,A,Ronwen Williams,11,Themba Zwane,FWD,N/A,N/A,N/A,N/A,N/A,N/A,N/A,N/A,N/A,N/A,N/A,N/A,N/A,N/A,N/A,N/A,N/A,N/A,N/A,N/A,N/A,N/A,N/A,N/A,N/A,N/A,N/A,N/A,N/A,N/A,N/A,N/A,N/A,N/A,N/A,N/A,N/A,N/A,N/A,N/A,N/A,N/A,N/A,N/A,N/A,N/A,N/A,N/A,N/A,N/A
South Africa,A,Ronwen Williams,12,Thapelo Maseko,FWD,N/A,N/A,N/A,N/A,N/A,N/A,N/A,N/A,N/A,N/A,N/A,N/A,N/A,N/A,N/A,N/A,N/A,N/A,N/A,N/A,N/A,N/A,N/A,N/A,N/A,N/A,N/A,N/A,N/A,N/A,N/A,N/A,N/A,N/A,N/A,N/A,N/A,N/A,N/A,N/A,N/A,N/A,N/A,N/A,N/A,N/A,N/A,N/A,N/A,N/A
South Africa,A,Ronwen Williams,15,Iqraam Rayners,FWD,N/A,N/A,N/A,N/A,N/A,N/A,N/A,N/A,N/A,N/A,N/A,N/A,N/A,N/A,N/A,N/A,N/A,N/A,N/A,N/A,N/A,N/A,N/A,N/A,N/A,N/A,N/A,N/A,N/A,N/A,N/A,N/A,N/A,N/A,N/A,N/A,N/A,N/A,N/A,N/A,N/A,N/A,N/A,N/A,N/A,N/A,N/A,N/A,N/A,N/A
South Africa,A,Ronwen Williams,17,Evidence Makgopa,FWD,N/A,N/A,N/A,N/A,N/A,N/A,N/A,N/A,N/A,N/A,N/A,N/A,N/A,N/A,N/A,N/A,N/A,N/A,N/A,N/A,N/A,N/A,N/A,N/A,N/A,N/A,N/A,N/A,N/A,N/A,N/A,N/A,N/A,N/A,N/A,N/A,N/A,N/A,N/A,N/A,N/A,N/A,N/A,N/A,N/A,N/A,N/A,N/A,N/A,N/A
South Korea,A,Kim Seung-gyu,1,Kim Seung-gyu,GK,N/A,N/A,N/A,N/A,N/A,N/A,N/A,N/A,N/A,N/A,N/A,N/A,N/A,N/A,N/A,N/A,N/A,N/A,N/A,N/A,N/A,N/A,N/A,N/A,N/A,N/A,N/A,N/A,N/A,N/A,N/A,N/A,N/A,N/A,N/A,N/A,N/A,N/A,N/A,N/A,N/A,N/A,N/A,N/A,N/A,N/A,N/A,N/A,N/A,N/A
Australia,D,Mathew Ryan,18,Patrick Beach,GK,267599,Patrick Beach,GK,,65,,,,,,,,,,,,,,,,,,,,,,,,,,,,,,,,,,,,68,62,64,62,71,,,1,2,2
New Zealand,G,Max Crocombe,1,Max Crocombe,GK,206566,Max Crocombe,GK,,65,,,,,,,,,,,,,,,,,,,,,,,,,,,,,,,,,,,,64,65,62,64,65,"Long Ball Pass,Footwork,Cross Claimer",,1,2,1
South Korea,A,Kim Seung-gyu,2,Lee Han-beom,DEF,261062,Lee Han Beom,CB,,69,55,29,51,58,69,71,53,56,31,30,19,24,38,33,66,63,28,24,26,53,56,64,49,63,62,56,66,70,69,67,70,67,74,58,78,7,14,5,6,,"Precision Header,Block,Anticipate,Aerial Fortress",,2,3,1
South Korea,A,Kim Seung-gyu,3,Lee Ki-hyuk,DEF,N/A,N/A,N/A,N/A,N/A,N/A,N/A,N/A,N/A,N/A,N/A,N/A,N/A,N/A,N/A,N/A,N/A,N/A,N/A,N/A,N/A,N/A,N/A,N/A,N/A,N/A,N/A,N/A,N/A,N/A,N/A,N/A,N/A,N/A,N/A,N/A,N/A,N/A,N/A,N/A,N/A,N/A,N/A,N/A,N/A,N/A,N/A,N/A,N/A,N/A
South Korea,A,Kim Seung-gyu,4,Kim Min-jae,DEF,237086,Kim Min Jae,CB,,82,73,33,58,63,83,84,73,73,23,51,37,24,30,48,76,64,36,23,35,57,57,67,65,65,81,66,88,80,84,81,80,86,82,79,85,13,7,11,14,,"Long Ball Pass,Block,Intercept,Slide Tackle,Aerial Fortress",,2,3,1
South Korea,A,Kim Seung-gyu,5,Kim Tae-hyeon,DEF,243672,Kim Tae Hyun,LB,"RB,CB,RM",67,72,48,60,65,61,67,74,70,47,47,53,46,44,56,62,57,49,50,69,56,64,63,76,76,65,47,65,62,63,59,47,53,65,79,67,9,14,8,10,,,,2,3,1
South Korea,A,Kim Seung-gyu,13,Lee Tae-seok,DEF,261063,Lee Tae Seok,LB,LM,69,79,40,60,68,62,71,80,78,32,44,51,40,35,57,61,53,61,57,69,53,64,66,86,84,67,60,66,66,63,62,37,61,64,84,70,13,8,8,8,,"Tiki Taka,Whipped Pass",,3,3,2
South Korea,A,Kim Seung-gyu,14,Cho Wi-je,DEF,N/A,N/A,N/A,N/A,N/A,N/A,N/A,N/A,N/A,N/A,N/A,N/A,N/A,N/A,N/A,N/A,N/A,N/A,N/A,N/A,N/A,N/A,N/A,N/A,N/A,N/A,N/A,N/A,N/A,N/A,N/A,N/A,N/A,N/A,N/A,N/A,N/A,N/A,N/A,N/A,N/A,N/A,N/A,N/A,N/A,N/A,N/A,N/A,N/A,N/A
South Korea,A,Kim Seung-gyu,15,Kim Moon-hwan,DEF,244800,Kim Moon Hwan,RB,,69,83,53,60,69,62,68,85,81,51,57,57,43,45,62,62,57,63,58,62,55,65,67,87,83,66,62,63,65,62,59,49,63,68,87,60,8,8,8,7,,"Whipped Pass,Jockey,Relentless",,3,3,1
South Korea,A,Kim Seung-gyu,16,Park Jin-seob,DEF,243673,Park Jin Seob,CB,"CDM,CM",71,70,54,60,62,69,84,68,72,47,66,59,45,49,57,65,70,42,43,48,62,59,66,62,56,67,56,68,71,69,62,72,70,87,82,90,8,10,6,5,,"Long Ball Pass,Anticipate,Aerial Fortress,Bruiser",,2,3,1
South Korea,A,Kim Seung-gyu,22,Seol Young-woo,DEF,N/A,N/A,N/A,N/A,N/A,N/A,N/A,N/A,N/A,N/A,N/A,N/A,N/A,N/A,N/A,N/A,N/A,N/A,N/A,N/A,N/A,N/A,N/A,N/A,N/A,N/A,N/A,N/A,N/A,N/A,N/A,N/A,N/A,N/A,N/A,N/A,N/A,N/A,N/A,N/A,N/A,N/A,N/A,N/A,N/A,N/A,N/A,N/A,N/A,N/A
South Korea,A,Kim Seung-gyu,23,Jens Castrop,DEF,264194,Jens Castrop,CM,CAM,70,80,54,67,74,62,69,79,80,57,54,51,49,40,63,73,69,63,54,57,69,72,73,88,79,71,60,66,59,65,67,49,86,64,79,57,11,14,14,8,,Rapid,,3,3,1
South Korea,A,Kim Seung-gyu,6,Hwang In-beom,MID,228010,Hwang In Beom,CM,"CDM,CAM",77,62,70,76,77,63,65,64,61,67,78,76,59,42,72,80,78,74,75,65,78,76,76,80,83,78,77,68,64,65,52,56,59,63,86,58,7,12,11,9,,"Pinged Pass,Inventive,Press Proven",,4,5,1
South Korea,A,Kim Seung-gyu,8,Paik Seung-ho,MID,237424,Paik Seung Ho,CDM,CM,72,67,67,70,73,66,75,72,63,63,74,72,65,68,65,73,71,66,72,61,72,73,72,77,81,69,70,68,67,68,63,53,63,71,89,73,5,12,6,15,,"Tiki Taka,Press Proven",,3,5,1
New Zealand,G,Max Crocombe,20,Callum McCowatt,FWD,243666,Callum McCowatt,CAM,"LW,RW,CM",67,76,67,65,67,52,67,75,76,67,71,67,58,60,64,67,64,65,63,63,67,67,68,69,68,65,64,55,45,55,51,57,72,70,73,62,7,10,5,10,,"Finesse Shot,Power Shot",,3,3,1
South Korea,A,Kim Seung-gyu,20,Yang Hyun-jun,MID,260397,Yang Hyun Jun,RW,"LW,RM",71,82,64,69,74,39,69,80,83,63,73,60,60,62,63,71,62,72,59,69,71,74,71,87,79,73,62,30,39,37,44,59,74,73,77,63,6,9,12,15,,Technical,,4,4,1
South Korea,A,Kim Seung-gyu,24,Kim Jin-gyu,MID,227659,Kim Jin Kyu,CM,"CDM,ST,CB",71,70,67,67,72,50,69,68,71,69,73,66,45,54,69,73,72,57,72,50,71,71,72,81,71,70,67,56,44,59,37,43,52,60,83,70,13,6,15,8,,"Incisive Pass,Long Ball Pass,Tiki Taka,Inventive",,3,3,1
Germany,E,Manuel Neuer,25,Assan Ouédraogo,MID,276602,Assan Ouédraogo,CAM,CM,69,76,56,60,76,45,67,76,76,55,58,56,49,55,64,67,64,53,46,42,67,78,74,83,77,64,63,46,41,46,41,60,49,80,57,77,8,10,6,11,,"Inventive,Technical",,4,3,1
South Korea,A,Kim Seung-gyu,7,Son Heung-min,FWD,200104,Heung Min Son,LW,"ST,LM",85,84,84,81,83,42,73,85,83,84,88,81,83,75,85,83,72,87,74,81,83,84,85,79,74,85,86,39,45,34,33,72,62,82,87,69,11,13,13,6,,"Low Driven Shot,Gamechanger,Whipped Pass,First Touch",Finesse Shot+,4,5,1
Scotland,C,Angus Gunn,9,Lyndon Dykes,FWD,247279,Lyndon Dykes,ST,"CAM,CM",68,66,67,52,64,29,82,64,67,68,71,60,65,74,68,62,55,47,39,34,54,62,67,62,68,67,64,18,24,27,23,76,81,88,79,84,10,5,9,11,,Enforcer,,2,3,1
Australia,D,Mathew Ryan,9,Mohamed Touré,FWD,255767,Mohamed Touré,ST,CAM,68,86,65,57,67,33,72,85,86,68,67,59,56,60,66,60,51,57,53,56,56,65,66,80,68,66,65,27,29,32,30,62,65,87,54,83,11,5,8,10,,"Rapid,Enforcer",,4,3,1
South Korea,A,Kim Seung-gyu,17,Bae Jun-ho,FWD,266774,Bae Jun Ho,LM,"CAM,LW",71,74,61,69,73,36,55,75,74,61,63,60,56,54,67,71,66,64,62,67,72,73,72,80,82,69,69,25,34,41,43,38,54,51,72,48,8,6,8,7,,Technical,,3,4,1
Japan,F,Zion Suzuki,19,Koki Ogawa,FWD,232829,Koki Ogawa,ST,,68,51,69,57,65,29,67,50,51,70,72,64,67,60,74,63,48,58,40,49,63,64,67,67,56,68,72,12,25,32,19,74,55,66,68,72,9,10,14,9,,"Precision Header,Acrobatic",,2,4,1
South Korea,A,Kim Seung-gyu,19,Lee Kang-in,FWD,243780,Lee Kang In,RW,"CM,RM",79,72,75,80,82,50,64,75,69,75,79,73,75,70,78,80,79,82,77,81,80,82,82,86,87,76,81,53,45,51,42,65,72,70,73,56,11,12,12,8,,"Dead Ball,Whipped Pass,Inventive,Technical",,4,3,2
South Korea,A,Kim Seung-gyu,25,Eom Ji-sung,FWD,260492,Eom Ji Sung,LM,"LW,RM",71,85,64,63,73,36,65,82,87,63,64,67,56,61,69,64,55,64,63,64,68,74,69,89,78,70,61,33,38,37,30,34,59,61,79,60,13,6,12,14,,"Finesse Shot,Rapid,Quick Step",,3,3,1
Scotland,C,Angus Gunn,12,Liam Kelly,GK,225203,Liam Kelly,GK,,67,,,,,,,,,,,,,,,,,,,,,,,,,,,,,,,,,,,,68,66,67,66,69,"Long Ball Pass,Far Throw,Footwork,Cross Claimer",,1,3,1
Bosnia and Herzegovina,B,Nikola Vasilj,12,Mladen Jurkas,GK,N/A,N/A,N/A,N/A,N/A,N/A,N/A,N/A,N/A,N/A,N/A,N/A,N/A,N/A,N/A,N/A,N/A,N/A,N/A,N/A,N/A,N/A,N/A,N/A,N/A,N/A,N/A,N/A,N/A,N/A,N/A,N/A,N/A,N/A,N/A,N/A,N/A,N/A,N/A,N/A,N/A,N/A,N/A,N/A,N/A,N/A,N/A,N/A,N/A,N/A
Bosnia and Herzegovina,B,Nikola Vasilj,22,Martin Zlomislic,GK,N/A,N/A,N/A,N/A,N/A,N/A,N/A,N/A,N/A,N/A,N/A,N/A,N/A,N/A,N/A,N/A,N/A,N/A,N/A,N/A,N/A,N/A,N/A,N/A,N/A,N/A,N/A,N/A,N/A,N/A,N/A,N/A,N/A,N/A,N/A,N/A,N/A,N/A,N/A,N/A,N/A,N/A,N/A,N/A,N/A,N/A,N/A,N/A,N/A,N/A
Bosnia and Herzegovina,B,Nikola Vasilj,2,Nihad Mujakic,DEF,251168,Nihad Mujakić,CB,,67,70,28,42,47,66,77,64,75,23,45,25,24,28,24,53,55,23,25,30,35,35,53,59,53,69,62,66,67,66,63,66,78,77,73,79,8,14,8,13,,"Block,Anticipate",,2,3,2
Bosnia and Herzegovina,B,Nikola Vasilj,3,Dennis Hadzikadunic,DEF,N/A,N/A,N/A,N/A,N/A,N/A,N/A,N/A,N/A,N/A,N/A,N/A,N/A,N/A,N/A,N/A,N/A,N/A,N/A,N/A,N/A,N/A,N/A,N/A,N/A,N/A,N/A,N/A,N/A,N/A,N/A,N/A,N/A,N/A,N/A,N/A,N/A,N/A,N/A,N/A,N/A,N/A,N/A,N/A,N/A,N/A,N/A,N/A,N/A,N/A
Bosnia and Herzegovina,B,Nikola Vasilj,4,Tarik Muharemovic,DEF,262027,Tarik Muharemović,CB,,70,59,23,47,56,73,67,54,63,17,40,18,18,25,26,61,58,29,26,34,37,52,60,53,60,70,59,73,74,74,72,66,73,66,65,65,11,10,14,6,,Block,,2,3,2
Bosnia and Herzegovina,B,Nikola Vasilj,5,Sead Kolasinac,DEF,207993,Sead Kolašinac,CB,,79,61,63,68,69,79,82,54,67,60,75,58,55,54,69,74,63,61,42,73,65,67,74,57,58,79,72,78,80,81,78,76,84,81,78,83,15,9,16,7,,"Jockey,Anticipate",,2,2,2
Bosnia and Herzegovina,B,Nikola Vasilj,7,Amar Dedic,DEF,257345,Amar Dedić,RB,"LB,RM",73,83,58,68,74,66,74,83,83,56,67,57,59,44,64,68,69,63,61,74,64,76,73,78,74,64,72,66,62,72,70,56,68,76,88,69,11,6,9,14,,Technical,,3,4,1
Bosnia and Herzegovina,B,Nikola Vasilj,18,Nikola Katic,DEF,244204,Nikola Katić,CB,,69,51,35,45,53,68,79,44,56,27,50,43,26,33,33,60,54,27,26,29,35,54,58,33,39,64,65,65,68,68,67,72,77,77,69,85,9,7,12,14,,"Precision Header,Anticipate,Slide Tackle,Aerial Fortress",,2,2,1
Bosnia and Herzegovina,B,Nikola Vasilj,21,Stjepan Radeljic,DEF,N/A,N/A,N/A,N/A,N/A,N/A,N/A,N/A,N/A,N/A,N/A,N/A,N/A,N/A,N/A,N/A,N/A,N/A,N/A,N/A,N/A,N/A,N/A,N/A,N/A,N/A,N/A,N/A,N/A,N/A,N/A,N/A,N/A,N/A,N/A,N/A,N/A,N/A,N/A,N/A,N/A,N/A,N/A,N/A,N/A,N/A,N/A,N/A,N/A,N/A
Bosnia and Herzegovina,B,Nikola Vasilj,24,Nidal Celik,DEF,77056,Nidal Čelik,CB,,64,60,35,49,50,62,71,52,67,32,44,31,30,42,38,55,51,43,30,44,48,46,54,47,45,61,57,62,60,65,60,63,67,73,52,81,6,12,8,14,,,,2,3,1
Bosnia and Herzegovina,B,Nikola Vasilj,6,Benjamin Tahirovic,MID,272596,Benjamin Tahirović,CDM,CM,67,51,50,62,66,62,71,51,51,45,66,49,34,56,50,70,69,41,41,55,62,66,71,58,49,62,64,60,58,68,67,54,70,62,72,71,9,11,8,8,,,,2,3,1
Bosnia and Herzegovina,B,Nikola Vasilj,8,Armin Gigovic,MID,251617,Armin Gigović,CM,CAM,72,65,61,70,74,60,74,69,61,58,64,66,58,54,67,76,68,65,65,60,74,75,75,78,69,69,69,63,57,63,57,59,65,72,80,74,5,9,7,14,,Press Proven,,3,4,1
Bosnia and Herzegovina,B,Nikola Vasilj,13,Ivan Basic,MID,N/A,N/A,N/A,N/A,N/A,N/A,N/A,N/A,N/A,N/A,N/A,N/A,N/A,N/A,N/A,N/A,N/A,N/A,N/A,N/A,N/A,N/A,N/A,N/A,N/A,N/A,N/A,N/A,N/A,N/A,N/A,N/A,N/A,N/A,N/A,N/A,N/A,N/A,N/A,N/A,N/A,N/A,N/A,N/A,N/A,N/A,N/A,N/A,N/A,N/A
Bosnia and Herzegovina,B,Nikola Vasilj,14,Ivan Sunjic,MID,N/A,N/A,N/A,N/A,N/A,N/A,N/A,N/A,N/A,N/A,N/A,N/A,N/A,N/A,N/A,N/A,N/A,N/A,N/A,N/A,N/A,N/A,N/A,N/A,N/A,N/A,N/A,N/A,N/A,N/A,N/A,N/A,N/A,N/A,N/A,N/A,N/A,N/A,N/A,N/A,N/A,N/A,N/A,N/A,N/A,N/A,N/A,N/A,N/A,N/A
Bosnia and Herzegovina,B,Nikola Vasilj,16,Amir Hadziahmetovic,MID,233053,Amir Hadžiahmetović,CDM,CM,73,65,60,73,72,70,73,66,64,52,72,67,50,55,69,74,76,74,70,72,71,72,73,68,70,68,73,72,71,71,69,63,71,65,80,71,7,15,7,14,,,,2,3,1
Bosnia and Herzegovina,B,Nikola Vasilj,17,Dzenis Burnic,MID,228082,Dženis Burnić,CM,"RM,CAM,RW",68,76,58,66,71,62,67,75,76,54,66,58,57,55,57,70,67,54,39,64,68,69,71,77,74,69,66,67,63,63,62,49,63,65,77,64,10,11,10,9,,,,3,3,2
Bosnia and Herzegovina,B,Nikola Vasilj,26,Ermin Mahmic,MID,N/A,N/A,N/A,N/A,N/A,N/A,N/A,N/A,N/A,N/A,N/A,N/A,N/A,N/A,N/A,N/A,N/A,N/A,N/A,N/A,N/A,N/A,N/A,N/A,N/A,N/A,N/A,N/A,N/A,N/A,N/A,N/A,N/A,N/A,N/A,N/A,N/A,N/A,N/A,N/A,N/A,N/A,N/A,N/A,N/A,N/A,N/A,N/A,N/A,N/A
New Zealand,G,Max Crocombe,17,Kosta Barbarouses,FWD,182091,Kosta Barbarouses,ST,CAM,68,78,69,58,69,40,77,79,77,72,70,66,62,60,71,57,51,68,48,56,66,70,60,82,80,70,67,45,28,44,38,56,73,77,88,73,8,11,12,13,,"Low Driven Shot,Rapid",,3,3,1
Panama,L,Luis Mejía,17,José Fajardo,FWD,243545,José Fajardo,ST,"RW,RM",68,69,68,58,68,33,68,66,71,73,63,64,64,68,69,65,58,60,44,57,52,69,69,66,67,62,62,26,35,25,22,71,60,79,65,72,9,14,14,7,,,,2,3,1
Bosnia and Herzegovina,B,Nikola Vasilj,9,Samed Bazdar,FWD,72360,Samed Baždar,ST,"CAM,CM",69,70,66,70,74,40,63,69,70,63,68,72,54,56,73,72,72,65,48,66,78,77,77,67,68,60,62,26,42,43,30,67,40,73,65,70,5,10,12,12,,Press Proven,,3,3,1
Bosnia and Herzegovina,B,Nikola Vasilj,15,Amar Memic,FWD,76602,Amar Memić,RM,"LM,RW",72,81,69,68,73,48,61,84,78,70,69,69,59,60,74,68,67,65,58,71,68,72,73,82,76,65,68,49,43,48,46,62,53,76,64,61,10,6,7,14,,,,3,3,1
Bosnia and Herzegovina,B,Nikola Vasilj,19,Kerim Alajbegovic,FWD,75533,Kerim Alajbegović,LM,"CAM,LW",61,70,58,55,64,36,53,69,70,61,58,55,55,50,56,57,52,53,45,54,59,64,61,74,81,54,50,25,34,41,37,45,50,52,60,50,8,10,8,14,,,,3,4,1
Bosnia and Herzegovina,B,Nikola Vasilj,20,Esmir Bajraktarevic,FWD,269823,Esmir Bajraktarević,RW,RM,67,77,54,65,76,40,59,79,76,54,61,52,42,51,58,68,67,60,54,51,75,78,73,84,77,56,70,41,39,40,39,41,49,60,65,59,15,13,5,5,,Technical,,4,2,2
Ghana,L,Lawrence Ati-Zigi,10,Brandon Thomas-Asante,FWD,235744,Brandon Thomas-Asante,ST,,69,83,67,59,69,34,76,84,83,66,70,69,64,56,70,63,49,55,49,60,60,67,66,84,83,67,63,41,31,27,23,63,71,84,77,76,11,9,6,15,,Gamechanger,,3,4,1
South Korea,A,Kim Seung-gyu,9,Cho Gue-sung,FWD,247686,Cho Gue Sung,ST,,70,75,69,52,66,30,77,73,77,71,70,63,65,67,70,61,42,58,44,42,53,64,67,76,56,70,58,23,30,23,20,70,68,82,76,80,13,9,10,11,,"Power Shot,Precision Header,Aerial Fortress",,3,5,1
Scotland,C,Angus Gunn,21,Craig Gordon,GK,53110,Craig Gordon,GK,,67,,,,,,,,,,,,,,,,,,,,,,,,,,,,,,,,,,,,67,66,63,66,68,"Far Throw,Footwork",,1,3,2
Austria,J,Alexander Schlager,12,Florian Wiegele,GK,72937,Florian Wiegele,GK,,67,,,,,,,,,,,,,,,,,,,,,,,,,,,,,,,,,,,,70,64,63,65,66,Cross Claimer,,1,3,2
DR Congo,K,Lionel Mpasi,1,Lionel Mpasi,GK,223150,Lionel Mpasi,GK,,67,,,,,,,,,,,,,,,,,,,,,,,,,,,,,,,,,,,,67,66,66,66,65,"Far Throw,Deflector",,1,3,1
Canada,B,Dayne St. Clair,2,Alistair Johnston,DEF,256107,Alistair Johnston,RB,RM,78,82,59,73,72,73,80,76,86,57,68,53,46,60,74,77,75,69,37,74,75,67,76,76,76,77,78,67,75,76,76,66,85,80,85,76,8,9,14,11,,"Jockey,Anticipate,Relentless,Bruiser",,2,3,1
Canada,B,Dayne St. Clair,3,Alfie Jones,DEF,236315,Alfie Jones,CB,,71,64,40,59,59,71,77,63,65,37,49,38,37,44,45,70,67,49,36,42,59,56,64,52,61,68,68,70,71,72,70,71,75,72,78,78,8,10,12,10,,"Long Ball Pass,Intercept",,2,3,1
Canada,B,Dayne St. Clair,4,Luc De Fougerolles,DEF,279008,Luc De Fougerolles,CB,"RB,LB",58,64,32,44,48,60,58,65,63,27,46,27,33,44,29,56,49,28,33,33,37,45,46,57,64,56,51,58,61,60,58,59,52,62,63,57,6,12,5,8,,,,2,4,1
Canada,B,Dayne St. Clair,5,Joel Waterman,DEF,255956,Joel Waterman,CB,RB,68,43,42,58,50,68,74,34,50,45,59,17,22,64,45,71,73,28,24,39,60,49,58,32,32,69,54,70,70,68,62,61,73,65,68,78,6,7,10,11,,Long Ball Pass,,2,2,1
Canada,B,Dayne St. Clair,13,Derek Cornelius,DEF,243009,Derek Cornelius,CB,,74,67,45,55,57,71,85,61,71,27,76,57,47,32,44,67,63,46,56,34,52,52,61,61,52,70,65,73,69,71,66,78,90,88,70,91,13,10,13,7,,,,2,2,2
Canada,B,Dayne St. Clair,15,Moïse Bombito,DEF,274536,Moïse Bombito,CB,,76,93,49,58,65,75,76,92,93,55,50,42,22,32,59,70,59,43,29,51,55,65,69,54,48,69,74,70,74,79,74,77,75,88,64,81,7,5,5,9,,Block,,2,3,1
Canada,B,Dayne St. Clair,19,Alphonso Davies,DEF,234396,Alphonso Davies,LB,LM,84,94,66,78,85,74,76,95,93,64,74,63,59,54,77,84,71,72,44,85,77,85,85,84,83,86,78,79,72,74,73,74,72,95,79,75,11,11,6,5,,"Rapid,Quick Step",,4,3,2
Canada,B,Dayne St. Clair,22,Richie Laryea,DEF,232081,Richie Laryea,RM,"RB,LM",72,81,61,65,74,64,71,79,83,60,70,57,38,57,70,69,62,58,49,65,64,76,71,80,69,66,75,63,65,68,64,51,74,70,81,65,8,8,9,12,,"Block,Rapid,Long Throw",,4,4,1
Canada,B,Dayne St. Clair,23,Niko Sigur,DEF,275238,Niko Sigur,RB,"CDM,RW,RM",70,71,61,68,73,62,68,69,72,54,74,72,49,50,55,74,71,58,54,63,68,72,72,75,72,75,75,66,60,62,69,48,82,58,81,56,15,10,10,7,,Slide Tackle,,2,3,1
Canada,B,Dayne St. Clair,6,Mathieu Choinière,MID,244680,Mathieu Choinière,CM,"LM,LW",67,60,58,66,66,62,59,68,54,58,60,54,60,59,67,68,67,64,58,64,68,66,66,60,71,66,72,62,64,69,60,32,35,53,74,62,14,11,7,13,,Technical,,3,4,1
Canada,B,Dayne St. Clair,7,Stephen Eustáquio,MID,242380,Stephen Eustáquio,CDM,"CM,CB",77,66,67,76,73,73,74,67,65,64,72,69,58,65,68,78,77,74,66,72,77,71,77,72,73,75,76,75,74,75,72,56,78,76,79,70,6,5,13,7,,"Jockey,Press Proven,Bruiser",,2,3,1
Canada,B,Dayne St. Clair,8,Ismaël Koné,MID,264207,Ismaël Koné,CM,,72,78,63,68,71,64,69,74,81,59,71,73,46,44,68,74,72,72,48,56,71,72,73,69,52,73,74,67,65,66,58,52,62,69,75,69,7,7,13,9,,,,3,4,1
Canada,B,Dayne St. Clair,14,Jacob Shaffelburg,MID,251352,Jacob Shaffelburg,LM,"RM,LB,LW",67,91,63,60,65,52,63,91,91,62,75,60,54,49,64,61,54,60,42,68,58,65,62,80,64,54,55,47,54,56,45,46,62,70,69,60,11,9,7,9,,"Whipped Pass,Rapid",,3,2,2
Canada,B,Dayne St. Clair,21,Jonathan Osorio,MID,213439,Jonathan Osorio,CM,"CAM,CDM",71,50,67,70,72,61,65,53,48,66,74,66,63,50,71,78,70,65,65,56,71,72,71,76,75,70,76,63,61,64,53,55,58,60,78,61,8,11,7,15,,Technical,,3,5,1
Canada,B,Dayne St. Clair,25,Nathan-Dylan Saliba,MID,260398,Nathan-Dylan Saliba,CM,"CAM,CDM",68,67,61,67,74,58,64,72,63,59,69,64,31,63,59,74,69,65,60,58,66,73,73,80,79,64,73,53,60,64,50,53,59,65,77,60,13,14,10,7,,,,2,5,1
Canada,B,Dayne St. Clair,12,Tani Oluwaseyi,FWD,271108,Tani Oluwaseyi,ST,,70,85,71,54,66,31,67,82,88,73,73,68,52,73,70,65,44,41,48,38,61,64,66,74,64,63,63,23,27,29,26,73,62,84,62,69,7,13,11,8,,,,3,4,1
Switzerland,B,Gregor Kobel,26,Cedric Itten,FWD,233139,Cedric Itten,ST,,70,68,71,61,66,36,79,68,68,68,80,73,67,68,69,62,59,50,51,62,63,65,67,64,63,70,70,29,28,35,36,74,73,85,72,84,9,9,9,7,,"Precision Header,Enforcer",,3,3,1
Canada,B,Dayne St. Clair,11,Liam Millar,FWD,240925,Liam Millar,LM,LW,72,85,66,66,75,52,59,86,85,66,70,66,59,56,69,68,59,69,56,67,68,76,73,84,79,63,65,53,49,54,51,55,55,69,72,54,14,9,13,7,,"Inventive,Rapid",,4,3,1
Ecuador,E,Hernán Galíndez,9,John Yeboah,FWD,242755,John Yeboah,ST,CAM,70,92,66,62,75,26,57,91,92,69,66,65,61,48,71,68,61,54,46,58,60,75,72,92,88,70,58,19,24,23,20,61,40,73,79,52,7,9,12,13,,Gamechanger,,3,3,2
Canada,B,Dayne St. Clair,17,Tajon Buchanan,FWD,246800,Tajon Buchanan,RM,"RB,RW",74,90,65,66,74,67,73,91,90,65,75,58,58,55,64,70,61,55,47,67,68,75,74,77,69,73,66,68,68,66,64,68,78,83,73,69,13,9,7,8,,"Rapid,Quick Step,Relentless",,3,3,1
Canada,B,Dayne St. Clair,20,Ali Ahmed,FWD,272604,Ali Ahmed,CM,"RM,LM,CAM",68,78,58,65,72,61,65,78,78,60,61,55,52,39,66,71,65,66,30,61,66,72,72,76,75,65,71,64,60,65,62,48,59,66,75,62,11,10,13,14,,,,3,3,1
Cape Verde,H,Josimar Vozinha Dias,19,Dailon Livramento,FWD,73853,Dailon Livramento,ST,CAM,70,82,71,56,68,34,64,79,84,72,71,70,73,70,67,61,49,62,51,58,52,67,68,78,64,65,65,20,34,33,23,71,61,82,55,68,11,6,11,7,,,,2,3,1
Canada,B,Dayne St. Clair,26,Marcelo Flores,FWD,N/A,N/A,N/A,N/A,N/A,N/A,N/A,N/A,N/A,N/A,N/A,N/A,N/A,N/A,N/A,N/A,N/A,N/A,N/A,N/A,N/A,N/A,N/A,N/A,N/A,N/A,N/A,N/A,N/A,N/A,N/A,N/A,N/A,N/A,N/A,N/A,N/A,N/A,N/A,N/A,N/A,N/A,N/A,N/A,N/A,N/A,N/A,N/A,N/A,N/A
Qatar,B,Mahmoud Abunada,1,Mahmoud Abunada,GK,N/A,N/A,N/A,N/A,N/A,N/A,N/A,N/A,N/A,N/A,N/A,N/A,N/A,N/A,N/A,N/A,N/A,N/A,N/A,N/A,N/A,N/A,N/A,N/A,N/A,N/A,N/A,N/A,N/A,N/A,N/A,N/A,N/A,N/A,N/A,N/A,N/A,N/A,N/A,N/A,N/A,N/A,N/A,N/A,N/A,N/A,N/A,N/A,N/A,N/A
Qatar,B,Mahmoud Abunada,21,Salah Zakaria,GK,N/A,N/A,N/A,N/A,N/A,N/A,N/A,N/A,N/A,N/A,N/A,N/A,N/A,N/A,N/A,N/A,N/A,N/A,N/A,N/A,N/A,N/A,N/A,N/A,N/A,N/A,N/A,N/A,N/A,N/A,N/A,N/A,N/A,N/A,N/A,N/A,N/A,N/A,N/A,N/A,N/A,N/A,N/A,N/A,N/A,N/A,N/A,N/A,N/A,N/A
Qatar,B,Mahmoud Abunada,22,Meshaal Barsham,GK,N/A,N/A,N/A,N/A,N/A,N/A,N/A,N/A,N/A,N/A,N/A,N/A,N/A,N/A,N/A,N/A,N/A,N/A,N/A,N/A,N/A,N/A,N/A,N/A,N/A,N/A,N/A,N/A,N/A,N/A,N/A,N/A,N/A,N/A,N/A,N/A,N/A,N/A,N/A,N/A,N/A,N/A,N/A,N/A,N/A,N/A,N/A,N/A,N/A,N/A
Qatar,B,Mahmoud Abunada,2,Pedro Miguel,DEF,N/A,N/A,N/A,N/A,N/A,N/A,N/A,N/A,N/A,N/A,N/A,N/A,N/A,N/A,N/A,N/A,N/A,N/A,N/A,N/A,N/A,N/A,N/A,N/A,N/A,N/A,N/A,N/A,N/A,N/A,N/A,N/A,N/A,N/A,N/A,N/A,N/A,N/A,N/A,N/A,N/A,N/A,N/A,N/A,N/A,N/A,N/A,N/A,N/A,N/A
Qatar,B,Mahmoud Abunada,3,Lucas Mendes,DEF,N/A,N/A,N/A,N/A,N/A,N/A,N/A,N/A,N/A,N/A,N/A,N/A,N/A,N/A,N/A,N/A,N/A,N/A,N/A,N/A,N/A,N/A,N/A,N/A,N/A,N/A,N/A,N/A,N/A,N/A,N/A,N/A,N/A,N/A,N/A,N/A,N/A,N/A,N/A,N/A,N/A,N/A,N/A,N/A,N/A,N/A,N/A,N/A,N/A,N/A
Qatar,B,Mahmoud Abunada,4,Issa Laye,DEF,N/A,N/A,N/A,N/A,N/A,N/A,N/A,N/A,N/A,N/A,N/A,N/A,N/A,N/A,N/A,N/A,N/A,N/A,N/A,N/A,N/A,N/A,N/A,N/A,N/A,N/A,N/A,N/A,N/A,N/A,N/A,N/A,N/A,N/A,N/A,N/A,N/A,N/A,N/A,N/A,N/A,N/A,N/A,N/A,N/A,N/A,N/A,N/A,N/A,N/A
Qatar,B,Mahmoud Abunada,13,Ayoub Alawi,DEF,N/A,N/A,N/A,N/A,N/A,N/A,N/A,N/A,N/A,N/A,N/A,N/A,N/A,N/A,N/A,N/A,N/A,N/A,N/A,N/A,N/A,N/A,N/A,N/A,N/A,N/A,N/A,N/A,N/A,N/A,N/A,N/A,N/A,N/A,N/A,N/A,N/A,N/A,N/A,N/A,N/A,N/A,N/A,N/A,N/A,N/A,N/A,N/A,N/A,N/A
Qatar,B,Mahmoud Abunada,14,Homam Ahmed,DEF,N/A,N/A,N/A,N/A,N/A,N/A,N/A,N/A,N/A,N/A,N/A,N/A,N/A,N/A,N/A,N/A,N/A,N/A,N/A,N/A,N/A,N/A,N/A,N/A,N/A,N/A,N/A,N/A,N/A,N/A,N/A,N/A,N/A,N/A,N/A,N/A,N/A,N/A,N/A,N/A,N/A,N/A,N/A,N/A,N/A,N/A,N/A,N/A,N/A,N/A
Qatar,B,Mahmoud Abunada,16,Boualem Khoukhi,DEF,N/A,N/A,N/A,N/A,N/A,N/A,N/A,N/A,N/A,N/A,N/A,N/A,N/A,N/A,N/A,N/A,N/A,N/A,N/A,N/A,N/A,N/A,N/A,N/A,N/A,N/A,N/A,N/A,N/A,N/A,N/A,N/A,N/A,N/A,N/A,N/A,N/A,N/A,N/A,N/A,N/A,N/A,N/A,N/A,N/A,N/A,N/A,N/A,N/A,N/A
Qatar,B,Mahmoud Abunada,18,Sultan Al-Brake,DEF,N/A,N/A,N/A,N/A,N/A,N/A,N/A,N/A,N/A,N/A,N/A,N/A,N/A,N/A,N/A,N/A,N/A,N/A,N/A,N/A,N/A,N/A,N/A,N/A,N/A,N/A,N/A,N/A,N/A,N/A,N/A,N/A,N/A,N/A,N/A,N/A,N/A,N/A,N/A,N/A,N/A,N/A,N/A,N/A,N/A,N/A,N/A,N/A,N/A,N/A
Qatar,B,Mahmoud Abunada,25,Hashmi Hussein,DEF,N/A,N/A,N/A,N/A,N/A,N/A,N/A,N/A,N/A,N/A,N/A,N/A,N/A,N/A,N/A,N/A,N/A,N/A,N/A,N/A,N/A,N/A,N/A,N/A,N/A,N/A,N/A,N/A,N/A,N/A,N/A,N/A,N/A,N/A,N/A,N/A,N/A,N/A,N/A,N/A,N/A,N/A,N/A,N/A,N/A,N/A,N/A,N/A,N/A,N/A
Qatar,B,Mahmoud Abunada,5,Jassem Gaber,MID,N/A,N/A,N/A,N/A,N/A,N/A,N/A,N/A,N/A,N/A,N/A,N/A,N/A,N/A,N/A,N/A,N/A,N/A,N/A,N/A,N/A,N/A,N/A,N/A,N/A,N/A,N/A,N/A,N/A,N/A,N/A,N/A,N/A,N/A,N/A,N/A,N/A,N/A,N/A,N/A,N/A,N/A,N/A,N/A,N/A,N/A,N/A,N/A,N/A,N/A
Qatar,B,Mahmoud Abunada,6,Abdulaziz Hatem,MID,N/A,N/A,N/A,N/A,N/A,N/A,N/A,N/A,N/A,N/A,N/A,N/A,N/A,N/A,N/A,N/A,N/A,N/A,N/A,N/A,N/A,N/A,N/A,N/A,N/A,N/A,N/A,N/A,N/A,N/A,N/A,N/A,N/A,N/A,N/A,N/A,N/A,N/A,N/A,N/A,N/A,N/A,N/A,N/A,N/A,N/A,N/A,N/A,N/A,N/A
Qatar,B,Mahmoud Abunada,12,Karim Boudiaf,MID,N/A,N/A,N/A,N/A,N/A,N/A,N/A,N/A,N/A,N/A,N/A,N/A,N/A,N/A,N/A,N/A,N/A,N/A,N/A,N/A,N/A,N/A,N/A,N/A,N/A,N/A,N/A,N/A,N/A,N/A,N/A,N/A,N/A,N/A,N/A,N/A,N/A,N/A,N/A,N/A,N/A,N/A,N/A,N/A,N/A,N/A,N/A,N/A,N/A,N/A
Qatar,B,Mahmoud Abunada,20,Ahmed Fathy,MID,N/A,N/A,N/A,N/A,N/A,N/A,N/A,N/A,N/A,N/A,N/A,N/A,N/A,N/A,N/A,N/A,N/A,N/A,N/A,N/A,N/A,N/A,N/A,N/A,N/A,N/A,N/A,N/A,N/A,N/A,N/A,N/A,N/A,N/A,N/A,N/A,N/A,N/A,N/A,N/A,N/A,N/A,N/A,N/A,N/A,N/A,N/A,N/A,N/A,N/A
Qatar,B,Mahmoud Abunada,23,Assim Madibo,MID,N/A,N/A,N/A,N/A,N/A,N/A,N/A,N/A,N/A,N/A,N/A,N/A,N/A,N/A,N/A,N/A,N/A,N/A,N/A,N/A,N/A,N/A,N/A,N/A,N/A,N/A,N/A,N/A,N/A,N/A,N/A,N/A,N/A,N/A,N/A,N/A,N/A,N/A,N/A,N/A,N/A,N/A,N/A,N/A,N/A,N/A,N/A,N/A,N/A,N/A
Qatar,B,Mahmoud Abunada,26,Mohamed Al-Mannai,MID,N/A,N/A,N/A,N/A,N/A,N/A,N/A,N/A,N/A,N/A,N/A,N/A,N/A,N/A,N/A,N/A,N/A,N/A,N/A,N/A,N/A,N/A,N/A,N/A,N/A,N/A,N/A,N/A,N/A,N/A,N/A,N/A,N/A,N/A,N/A,N/A,N/A,N/A,N/A,N/A,N/A,N/A,N/A,N/A,N/A,N/A,N/A,N/A,N/A,N/A
Qatar,B,Mahmoud Abunada,7,Ahmed Alaaeldin,FWD,N/A,N/A,N/A,N/A,N/A,N/A,N/A,N/A,N/A,N/A,N/A,N/A,N/A,N/A,N/A,N/A,N/A,N/A,N/A,N/A,N/A,N/A,N/A,N/A,N/A,N/A,N/A,N/A,N/A,N/A,N/A,N/A,N/A,N/A,N/A,N/A,N/A,N/A,N/A,N/A,N/A,N/A,N/A,N/A,N/A,N/A,N/A,N/A,N/A,N/A
Qatar,B,Mahmoud Abunada,8,Edmilson Junior,FWD,N/A,N/A,N/A,N/A,N/A,N/A,N/A,N/A,N/A,N/A,N/A,N/A,N/A,N/A,N/A,N/A,N/A,N/A,N/A,N/A,N/A,N/A,N/A,N/A,N/A,N/A,N/A,N/A,N/A,N/A,N/A,N/A,N/A,N/A,N/A,N/A,N/A,N/A,N/A,N/A,N/A,N/A,N/A,N/A,N/A,N/A,N/A,N/A,N/A,N/A
Qatar,B,Mahmoud Abunada,9,Mohammed Muntari,FWD,N/A,N/A,N/A,N/A,N/A,N/A,N/A,N/A,N/A,N/A,N/A,N/A,N/A,N/A,N/A,N/A,N/A,N/A,N/A,N/A,N/A,N/A,N/A,N/A,N/A,N/A,N/A,N/A,N/A,N/A,N/A,N/A,N/A,N/A,N/A,N/A,N/A,N/A,N/A,N/A,N/A,N/A,N/A,N/A,N/A,N/A,N/A,N/A,N/A,N/A
Qatar,B,Mahmoud Abunada,10,Hassan Al-Haydos,FWD,N/A,N/A,N/A,N/A,N/A,N/A,N/A,N/A,N/A,N/A,N/A,N/A,N/A,N/A,N/A,N/A,N/A,N/A,N/A,N/A,N/A,N/A,N/A,N/A,N/A,N/A,N/A,N/A,N/A,N/A,N/A,N/A,N/A,N/A,N/A,N/A,N/A,N/A,N/A,N/A,N/A,N/A,N/A,N/A,N/A,N/A,N/A,N/A,N/A,N/A
Qatar,B,Mahmoud Abunada,11,Akram Afif,FWD,N/A,N/A,N/A,N/A,N/A,N/A,N/A,N/A,N/A,N/A,N/A,N/A,N/A,N/A,N/A,N/A,N/A,N/A,N/A,N/A,N/A,N/A,N/A,N/A,N/A,N/A,N/A,N/A,N/A,N/A,N/A,N/A,N/A,N/A,N/A,N/A,N/A,N/A,N/A,N/A,N/A,N/A,N/A,N/A,N/A,N/A,N/A,N/A,N/A,N/A
Qatar,B,Mahmoud Abunada,15,Yusuf Abdurisag,FWD,N/A,N/A,N/A,N/A,N/A,N/A,N/A,N/A,N/A,N/A,N/A,N/A,N/A,N/A,N/A,N/A,N/A,N/A,N/A,N/A,N/A,N/A,N/A,N/A,N/A,N/A,N/A,N/A,N/A,N/A,N/A,N/A,N/A,N/A,N/A,N/A,N/A,N/A,N/A,N/A,N/A,N/A,N/A,N/A,N/A,N/A,N/A,N/A,N/A,N/A
Qatar,B,Mahmoud Abunada,17,Ahmed Al-Ganehi,FWD,N/A,N/A,N/A,N/A,N/A,N/A,N/A,N/A,N/A,N/A,N/A,N/A,N/A,N/A,N/A,N/A,N/A,N/A,N/A,N/A,N/A,N/A,N/A,N/A,N/A,N/A,N/A,N/A,N/A,N/A,N/A,N/A,N/A,N/A,N/A,N/A,N/A,N/A,N/A,N/A,N/A,N/A,N/A,N/A,N/A,N/A,N/A,N/A,N/A,N/A
Qatar,B,Mahmoud Abunada,19,Almoez Ali,FWD,N/A,N/A,N/A,N/A,N/A,N/A,N/A,N/A,N/A,N/A,N/A,N/A,N/A,N/A,N/A,N/A,N/A,N/A,N/A,N/A,N/A,N/A,N/A,N/A,N/A,N/A,N/A,N/A,N/A,N/A,N/A,N/A,N/A,N/A,N/A,N/A,N/A,N/A,N/A,N/A,N/A,N/A,N/A,N/A,N/A,N/A,N/A,N/A,N/A,N/A
Qatar,B,Mahmoud Abunada,24,Tahsin Mohammed Jamshid,FWD,N/A,N/A,N/A,N/A,N/A,N/A,N/A,N/A,N/A,N/A,N/A,N/A,N/A,N/A,N/A,N/A,N/A,N/A,N/A,N/A,N/A,N/A,N/A,N/A,N/A,N/A,N/A,N/A,N/A,N/A,N/A,N/A,N/A,N/A,N/A,N/A,N/A,N/A,N/A,N/A,N/A,N/A,N/A,N/A,N/A,N/A,N/A,N/A,N/A,N/A
Ghana,L,Lawrence Ati-Zigi,12,Joseph Anang,GK,244191,Joseph Anang,GK,,67,,,,,,,,,,,,,,,,,,,,,,,,,,,,,,,,,,,,67,67,66,65,68,,,1,3,1
Switzerland,B,Gregor Kobel,12,Yvon Mvogo,GK,N/A,N/A,N/A,N/A,N/A,N/A,N/A,N/A,N/A,N/A,N/A,N/A,N/A,N/A,N/A,N/A,N/A,N/A,N/A,N/A,N/A,N/A,N/A,N/A,N/A,N/A,N/A,N/A,N/A,N/A,N/A,N/A,N/A,N/A,N/A,N/A,N/A,N/A,N/A,N/A,N/A,N/A,N/A,N/A,N/A,N/A,N/A,N/A,N/A,N/A
Côte d'Ivoire,E,Yahia Fofana,16,Mohamed Koné,GK,263922,Mohamed Koné,GK,,68,,,,,,,,,,,,,,,,,,,,,,,,,,,,,,,,,,,,68,68,64,64,70,,,1,3,1
Switzerland,B,Gregor Kobel,2,Miro Muheim,DEF,232839,Miro Muheim,LB,"CB,LM",75,73,66,73,73,71,73,77,70,62,75,72,51,56,71,75,72,74,73,74,70,74,74,72,72,69,69,70,73,73,71,59,70,74,86,68,11,14,10,8,,"Power Shot,Dead Ball,Long Ball Pass,Whipped Pass",,2,3,2
Switzerland,B,Gregor Kobel,3,Silvan Widmer,DEF,216158,Silvan Widmer,RB,RM,72,73,62,70,71,70,72,72,74,59,72,62,48,56,70,70,70,70,56,73,69,69,72,75,67,75,76,71,71,69,65,72,67,84,67,76,10,8,7,5,,Long Throw,,3,3,1
Switzerland,B,Gregor Kobel,4,Nico Elvedi,DEF,221491,Nico Elvedi,CB,,77,70,39,63,65,78,76,68,71,30,50,45,30,37,53,71,61,45,29,65,60,62,68,64,55,73,70,78,78,79,76,77,72,84,70,79,9,15,10,12,,"Intercept,Slide Tackle",,2,3,1
Switzerland,B,Gregor Kobel,5,Manuel Akanji,DEF,229237,Manuel Akanji,CB,,82,74,48,69,73,82,81,71,76,38,75,48,42,40,37,79,77,54,59,55,65,74,75,66,54,82,80,82,83,83,82,79,82,81,71,85,10,9,13,6,,Long Ball Pass,,2,4,1
Switzerland,B,Gregor Kobel,13,Ricardo Rodriguez,DEF,N/A,N/A,N/A,N/A,N/A,N/A,N/A,N/A,N/A,N/A,N/A,N/A,N/A,N/A,N/A,N/A,N/A,N/A,N/A,N/A,N/A,N/A,N/A,N/A,N/A,N/A,N/A,N/A,N/A,N/A,N/A,N/A,N/A,N/A,N/A,N/A,N/A,N/A,N/A,N/A,N/A,N/A,N/A,N/A,N/A,N/A,N/A,N/A,N/A,N/A
Switzerland,B,Gregor Kobel,18,Eray Cömert,DEF,233885,Eray Cömert,CB,,72,66,49,61,55,72,76,61,70,30,76,67,41,55,33,69,67,48,59,49,59,41,67,68,67,71,62,70,71,73,70,74,75,80,75,77,6,8,5,7,,"Jockey,Intercept",,2,4,1
Switzerland,B,Gregor Kobel,24,Aurèle Amenda,DEF,270846,Aurèle Amenda,CB,,71,68,27,51,48,69,75,71,65,23,42,18,27,36,38,69,65,26,23,40,35,42,58,35,35,66,62,66,72,71,69,62,78,83,39,90,12,6,10,13,,"Long Ball Pass,Aerial Fortress,Bruiser",,2,3,1
Switzerland,B,Gregor Kobel,25,Luca Jaquez,DEF,266685,Luca Jaquez,CB,,69,64,42,52,62,68,71,60,68,45,45,34,31,45,50,66,63,32,33,38,43,60,66,59,61,68,59,67,66,70,67,66,65,75,59,79,14,15,11,10,,,,2,3,1
Switzerland,B,Gregor Kobel,6,Denis Zakaria,MID,229261,Denis Zakaria,CDM,CM,82,80,67,74,77,80,85,72,86,64,80,69,46,48,65,82,79,63,46,68,74,78,80,67,61,80,82,79,81,82,78,78,87,89,80,87,12,12,7,13,,"Precision Header,Intercept,Anticipate",,3,3,1
Switzerland,B,Gregor Kobel,8,Remo Freuler,MID,202024,Remo Freuler,CDM,CM,81,58,72,76,77,77,74,63,53,70,75,74,68,61,78,83,78,61,70,65,78,76,83,67,65,82,83,79,80,84,75,48,71,62,91,67,12,8,9,14,,"Block,Intercept,Anticipate,Relentless",,4,3,1
Switzerland,B,Gregor Kobel,10,Granit Xhaka,MID,199503,Granit Xhaka,CDM,CM,85,47,75,85,74,78,82,40,53,67,89,84,55,65,76,89,90,80,78,77,85,73,82,51,61,86,84,77,80,79,75,72,90,70,84,78,7,8,11,7,,"Finesse Shot,Power Shot,Incisive Pass,Aerial Fortress,Bruiser",Long Ball Pass+,3,3,2
Switzerland,B,Gregor Kobel,14,Ardon Jashari,MID,257186,Ardon Jashari,CDM,CM,77,75,67,75,73,72,82,77,74,64,76,70,63,60,65,80,76,64,62,68,76,70,75,77,80,74,76,74,76,72,68,62,78,81,91,80,8,7,14,13,,"Long Ball Pass,Relentless",,2,4,2
Switzerland,B,Gregor Kobel,15,Djibril Sow,MID,229752,Djibril Sow,CM,CDM,76,78,69,73,76,74,78,75,81,69,71,69,66,58,74,77,76,68,62,70,73,73,80,74,73,77,80,77,75,76,74,62,77,70,87,74,6,12,9,7,,Relentless,,3,4,1
Switzerland,B,Gregor Kobel,16,Christian Fassnacht,MID,234913,Christian Fassnacht,RM,"LM,ST,RW",72,76,67,68,72,36,69,76,76,68,68,66,70,60,69,69,68,60,68,68,68,73,72,74,68,67,68,35,32,32,25,73,43,86,71,76,12,13,13,12,,Precision Header,,3,3,1
Switzerland,B,Gregor Kobel,20,Michel Aebischer,MID,236898,Michel Aebischer,CM,CDM,74,66,67,72,75,74,70,73,61,66,73,69,57,51,68,75,72,67,65,68,73,73,78,75,72,72,72,76,74,77,74,62,67,74,72,69,10,9,15,9,,,,3,4,1
Cape Verde,H,Josimar Vozinha Dias,10,Jamiro Monteiro,MID,231150,Jamiro Monteiro,CAM,CM,69,72,59,70,72,54,68,68,75,56,63,60,38,65,71,71,70,70,68,66,72,69,71,82,83,69,74,58,50,56,59,51,70,62,83,60,5,7,12,8,,,,3,4,1
DR Congo,K,Lionel Mpasi,13,Meschack Elia,FWD,251532,Meschack Elia,ST,,70,82,68,67,75,26,70,86,79,72,69,62,62,60,71,70,64,53,52,66,70,72,77,82,87,69,72,21,22,26,22,54,58,75,80,70,6,15,7,11,,Rapid,,3,4,1
Curaçao,E,Eloy Room,21,Tahith Chong,FWD,233510,Tahith Chong,CAM,"CM,RM",71,77,66,70,73,54,63,75,78,67,70,62,59,51,70,72,68,68,62,70,72,75,73,71,58,69,72,51,54,59,48,53,65,65,69,59,13,7,14,8,,Inventive,,4,3,2
Switzerland,B,Gregor Kobel,11,Dan Ndoye,FWD,257980,Dan Ndoye,LM,"RM,LW",79,89,72,70,81,62,68,86,92,74,75,68,67,60,76,71,63,74,57,76,70,83,81,84,74,75,74,62,59,67,65,53,59,73,81,65,10,14,10,15,,"Gamechanger,Incisive Pass,Rapid,Quick Step",,3,3,1
Switzerland,B,Gregor Kobel,17,Ruben Vargas,FWD,238581,Ruben Vargas,LM,"CAM,RM,LW",75,84,70,69,78,54,64,83,84,68,72,74,62,60,72,72,69,59,62,67,69,78,75,91,88,73,63,48,59,51,45,66,49,77,79,62,12,7,5,6,,Technical,,4,4,1
Ghana,L,Lawrence Ati-Zigi,25,Prince Kwabena Adu,FWD,74753,Prince Kwabena Adu,ST,,70,73,69,57,67,26,66,70,76,71,72,63,66,61,70,62,55,58,54,53,54,67,70,61,63,71,62,22,21,21,23,68,54,76,60,73,8,6,12,13,,,,3,2,1
South Korea,A,Kim Seung-gyu,18,Oh Hyeon-gyu,FWD,248712,Oh Hyeon Gyu,ST,,71,78,71,54,67,43,80,72,82,73,75,65,62,71,68,60,45,53,58,48,55,65,69,71,75,72,55,29,38,47,43,72,78,79,74,84,10,6,10,10,,,,3,4,1
Scotland,C,Angus Gunn,14,Ross Stewart,FWD,244319,Ross Stewart,ST,,71,68,71,57,64,30,70,70,67,73,74,63,60,72,74,66,54,61,51,44,59,65,67,55,49,67,61,23,26,24,27,73,64,83,54,79,11,13,14,12,,Precision Header,,2,3,1
Canada,B,Dayne St. Clair,16,Maxime Crépeau,GK,213536,Maxime Crépeau,GK,,69,,,,,,,,,,,,,,,,,,,,,,,,,,,,,,,,,,,,71,69,64,66,72,"Far Throw,Footwork",,1,2,1
Brazil,C,Alisson,12,Weverton,GK,N/A,N/A,N/A,N/A,N/A,N/A,N/A,N/A,N/A,N/A,N/A,N/A,N/A,N/A,N/A,N/A,N/A,N/A,N/A,N/A,N/A,N/A,N/A,N/A,N/A,N/A,N/A,N/A,N/A,N/A,N/A,N/A,N/A,N/A,N/A,N/A,N/A,N/A,N/A,N/A,N/A,N/A,N/A,N/A,N/A,N/A,N/A,N/A,N/A,N/A
Haiti,C,Johny Placide,1,Johny Placide,GK,178363,Johny Placide,GK,,69,,,,,,,,,,,,,,,,,,,,,,,,,,,,,,,,,,,,65,70,69,72,67,"Footwork,Cross Claimer",,1,2,1
Brazil,C,Alisson,3,Gabriel Magalhães,DEF,N/A,N/A,N/A,N/A,N/A,N/A,N/A,N/A,N/A,N/A,N/A,N/A,N/A,N/A,N/A,N/A,N/A,N/A,N/A,N/A,N/A,N/A,N/A,N/A,N/A,N/A,N/A,N/A,N/A,N/A,N/A,N/A,N/A,N/A,N/A,N/A,N/A,N/A,N/A,N/A,N/A,N/A,N/A,N/A,N/A,N/A,N/A,N/A,N/A,N/A
Brazil,C,Alisson,4,Marquinhos,DEF,207865,Marquinhos,CB,,87,78,56,75,74,89,80,75,80,59,65,45,35,52,70,84,85,58,32,68,76,69,79,68,67,86,86,89,90,89,88,88,81,89,79,79,6,6,12,10,,"Jockey,Anticipate,Aerial Fortress",Intercept+,3,3,1
Brazil,C,Alisson,6,Alex Sandro,DEF,N/A,N/A,N/A,N/A,N/A,N/A,N/A,N/A,N/A,N/A,N/A,N/A,N/A,N/A,N/A,N/A,N/A,N/A,N/A,N/A,N/A,N/A,N/A,N/A,N/A,N/A,N/A,N/A,N/A,N/A,N/A,N/A,N/A,N/A,N/A,N/A,N/A,N/A,N/A,N/A,N/A,N/A,N/A,N/A,N/A,N/A,N/A,N/A,N/A,N/A
Senegal,I,Yehvann Diouf,9,Bamba Dieng,FWD,261084,Bamba Dieng,ST,,71,78,72,60,68,33,60,79,78,69,83,67,74,72,70,63,47,54,55,62,64,68,68,67,71,69,69,32,24,31,27,69,42,77,60,65,10,14,11,8,,Rapid,,3,3,1
Brazil,C,Alisson,14,Bremer,DEF,239580,Bremer,CB,,85,82,50,58,66,86,80,78,86,49,68,39,38,43,58,75,69,42,24,46,45,62,68,65,63,78,78,84,87,87,84,87,84,92,65,84,13,15,13,5,,"Precision Header,Long Ball Pass,Block,Aerial Fortress,Bruiser",,2,2,1
Brazil,C,Alisson,15,Léo Pereira,DEF,N/A,N/A,N/A,N/A,N/A,N/A,N/A,N/A,N/A,N/A,N/A,N/A,N/A,N/A,N/A,N/A,N/A,N/A,N/A,N/A,N/A,N/A,N/A,N/A,N/A,N/A,N/A,N/A,N/A,N/A,N/A,N/A,N/A,N/A,N/A,N/A,N/A,N/A,N/A,N/A,N/A,N/A,N/A,N/A,N/A,N/A,N/A,N/A,N/A,N/A
Brazil,C,Alisson,16,Douglas Santos,DEF,N/A,N/A,N/A,N/A,N/A,N/A,N/A,N/A,N/A,N/A,N/A,N/A,N/A,N/A,N/A,N/A,N/A,N/A,N/A,N/A,N/A,N/A,N/A,N/A,N/A,N/A,N/A,N/A,N/A,N/A,N/A,N/A,N/A,N/A,N/A,N/A,N/A,N/A,N/A,N/A,N/A,N/A,N/A,N/A,N/A,N/A,N/A,N/A,N/A,N/A
Brazil,C,Alisson,24,Roger Ibañez,DEF,N/A,N/A,N/A,N/A,N/A,N/A,N/A,N/A,N/A,N/A,N/A,N/A,N/A,N/A,N/A,N/A,N/A,N/A,N/A,N/A,N/A,N/A,N/A,N/A,N/A,N/A,N/A,N/A,N/A,N/A,N/A,N/A,N/A,N/A,N/A,N/A,N/A,N/A,N/A,N/A,N/A,N/A,N/A,N/A,N/A,N/A,N/A,N/A,N/A,N/A
Brazil,C,Alisson,2,Éderson,MID,266866,Éderson,CM,,82,78,72,77,80,80,81,78,78,72,78,70,59,57,74,84,82,65,50,70,80,81,84,69,66,80,84,83,80,84,75,65,80,80,89,77,14,10,12,13,,"Precision Header,Incisive Pass,Long Ball Pass,Intercept,Anticipate,Aerial Fortress,Relentless",,3,3,1
Brazil,C,Alisson,5,Casemiro,MID,200145,Casemiro,CDM,CM,80,36,74,76,69,80,76,35,36,69,82,78,77,66,71,79,80,75,70,68,76,68,77,48,51,79,77,77,78,83,83,80,90,75,54,81,13,14,16,12,,"Long Ball Pass,Block,Slide Tackle,Aerial Fortress,Bruiser",,2,3,1
Brazil,C,Alisson,8,Bruno Guimarães,MID,247851,Bruno Guimarães,CM,CDM,86,66,75,84,84,79,81,66,66,73,76,82,65,65,77,88,88,83,63,76,86,86,86,73,79,85,88,82,78,82,81,66,86,75,90,76,7,11,15,11,,"Gamechanger,Incisive Pass,Long Ball Pass,Press Proven,Relentless",,3,2,1
Brazil,C,Alisson,17,Fabinho,MID,209499,Fabinho,CDM,CM,82,53,69,78,77,81,80,45,59,63,81,70,47,85,70,85,82,71,53,76,74,78,82,59,59,77,86,82,80,83,80,73,82,73,83,78,13,12,6,8,,"Power Shot,Block,Slide Tackle,Aerial Fortress,Press Proven,Bruiser",,3,2,1
Brazil,C,Alisson,18,Danilo Santos,MID,N/A,N/A,N/A,N/A,N/A,N/A,N/A,N/A,N/A,N/A,N/A,N/A,N/A,N/A,N/A,N/A,N/A,N/A,N/A,N/A,N/A,N/A,N/A,N/A,N/A,N/A,N/A,N/A,N/A,N/A,N/A,N/A,N/A,N/A,N/A,N/A,N/A,N/A,N/A,N/A,N/A,N/A,N/A,N/A,N/A,N/A,N/A,N/A,N/A,N/A
Brazil,C,Alisson,20,Lucas Paquetá,MID,233927,Lucas Paquetá,CM,"LM,CAM",80,68,78,78,84,69,75,69,67,78,77,77,74,82,77,80,80,77,74,74,80,86,85,75,76,79,86,71,67,73,63,68,78,75,76,73,14,9,12,11,,"Long Ball Pass,Aerial Fortress,Technical,First Touch",,5,4,2
Brazil,C,Alisson,7,Vinícius Júnior,FWD,N/A,N/A,N/A,N/A,N/A,N/A,N/A,N/A,N/A,N/A,N/A,N/A,N/A,N/A,N/A,N/A,N/A,N/A,N/A,N/A,N/A,N/A,N/A,N/A,N/A,N/A,N/A,N/A,N/A,N/A,N/A,N/A,N/A,N/A,N/A,N/A,N/A,N/A,N/A,N/A,N/A,N/A,N/A,N/A,N/A,N/A,N/A,N/A,N/A,N/A
Japan,F,Zion Suzuki,17,Yuito Suzuki,MID,255185,Yuito Suzuki,CAM,ST,71,83,68,65,74,48,57,84,83,69,72,68,57,52,69,68,66,61,58,62,66,73,72,83,81,67,68,49,45,50,48,46,56,59,81,45,15,12,8,13,,"Dead Ball,Quick Step",,3,4,1
Brazil,C,Alisson,10,Neymar,FWD,N/A,N/A,N/A,N/A,N/A,N/A,N/A,N/A,N/A,N/A,N/A,N/A,N/A,N/A,N/A,N/A,N/A,N/A,N/A,N/A,N/A,N/A,N/A,N/A,N/A,N/A,N/A,N/A,N/A,N/A,N/A,N/A,N/A,N/A,N/A,N/A,N/A,N/A,N/A,N/A,N/A,N/A,N/A,N/A,N/A,N/A,N/A,N/A,N/A,N/A
Brazil,C,Alisson,11,Raphinha,FWD,233419,Raphinha,LM,LW,89,91,84,85,87,53,75,90,91,87,83,82,72,78,89,85,80,85,79,86,87,88,88,88,79,87,85,56,49,54,38,74,77,82,91,65,8,7,13,8,,"Finesse Shot,Power Shot,Trickster,Quick Step,Relentless",Rapid+,4,4,2
South Africa,A,Ronwen Williams,9,Lyle Foster,FWD,241173,Lyle Foster,ST,"LM,CAM",72,81,72,61,69,36,73,79,82,74,76,65,66,65,73,65,51,55,47,62,63,69,71,65,66,68,68,24,36,33,31,70,66,83,71,76,5,6,10,9,,,,3,3,1
Brazil,C,Alisson,21,Luiz Henrique,FWD,N/A,N/A,N/A,N/A,N/A,N/A,N/A,N/A,N/A,N/A,N/A,N/A,N/A,N/A,N/A,N/A,N/A,N/A,N/A,N/A,N/A,N/A,N/A,N/A,N/A,N/A,N/A,N/A,N/A,N/A,N/A,N/A,N/A,N/A,N/A,N/A,N/A,N/A,N/A,N/A,N/A,N/A,N/A,N/A,N/A,N/A,N/A,N/A,N/A,N/A
Brazil,C,Alisson,22,Gabriel Martinelli,FWD,251566,Gabriel Martinelli,LW,LM,81,90,77,75,83,46,72,92,89,79,77,73,81,62,80,77,65,74,68,77,77,85,82,87,81,78,79,39,44,44,43,72,80,83,82,63,10,6,7,6,,"Finesse Shot,Inventive,Quick Step",,4,3,1
Haiti,C,Johny Placide,18,Wilson Isidor,FWD,247335,Wilson Isidor,ST,,72,81,71,60,70,31,72,77,84,73,72,67,68,65,72,64,53,66,55,55,65,71,70,70,64,70,71,29,26,28,25,68,72,80,68,73,12,11,11,13,,,,3,3,1
Brazil,C,Alisson,26,Rayan,FWD,N/A,N/A,N/A,N/A,N/A,N/A,N/A,N/A,N/A,N/A,N/A,N/A,N/A,N/A,N/A,N/A,N/A,N/A,N/A,N/A,N/A,N/A,N/A,N/A,N/A,N/A,N/A,N/A,N/A,N/A,N/A,N/A,N/A,N/A,N/A,N/A,N/A,N/A,N/A,N/A,N/A,N/A,N/A,N/A,N/A,N/A,N/A,N/A,N/A,N/A
USA,D,Matt Turner,24,Matt Freese,GK,247506,Matt Freese,GK,,69,,,,,,,,,,,,,,,,,,,,,,,,,,,,,,,,,,,,70,68,68,69,71,"Far Throw,Rush Out",,1,2,1
Haiti,C,Johny Placide,12,Alexandre Pierre,GK,N/A,N/A,N/A,N/A,N/A,N/A,N/A,N/A,N/A,N/A,N/A,N/A,N/A,N/A,N/A,N/A,N/A,N/A,N/A,N/A,N/A,N/A,N/A,N/A,N/A,N/A,N/A,N/A,N/A,N/A,N/A,N/A,N/A,N/A,N/A,N/A,N/A,N/A,N/A,N/A,N/A,N/A,N/A,N/A,N/A,N/A,N/A,N/A,N/A,N/A
Haiti,C,Johny Placide,23,Josué Duverger,GK,N/A,N/A,N/A,N/A,N/A,N/A,N/A,N/A,N/A,N/A,N/A,N/A,N/A,N/A,N/A,N/A,N/A,N/A,N/A,N/A,N/A,N/A,N/A,N/A,N/A,N/A,N/A,N/A,N/A,N/A,N/A,N/A,N/A,N/A,N/A,N/A,N/A,N/A,N/A,N/A,N/A,N/A,N/A,N/A,N/A,N/A,N/A,N/A,N/A,N/A
Haiti,C,Johny Placide,2,Carlens Arcus,DEF,228591,Carlens Arcus,RB,RM,71,75,44,66,66,66,75,73,76,38,58,40,41,43,65,69,64,64,39,70,63,65,67,66,76,67,66,65,62,70,68,63,71,77,79,74,8,10,6,15,,Intercept,,2,2,1
Haiti,C,Johny Placide,3,Keeto Thermoncy,DEF,N/A,N/A,N/A,N/A,N/A,N/A,N/A,N/A,N/A,N/A,N/A,N/A,N/A,N/A,N/A,N/A,N/A,N/A,N/A,N/A,N/A,N/A,N/A,N/A,N/A,N/A,N/A,N/A,N/A,N/A,N/A,N/A,N/A,N/A,N/A,N/A,N/A,N/A,N/A,N/A,N/A,N/A,N/A,N/A,N/A,N/A,N/A,N/A,N/A,N/A
Haiti,C,Johny Placide,4,Ricardo Adé,DEF,N/A,N/A,N/A,N/A,N/A,N/A,N/A,N/A,N/A,N/A,N/A,N/A,N/A,N/A,N/A,N/A,N/A,N/A,N/A,N/A,N/A,N/A,N/A,N/A,N/A,N/A,N/A,N/A,N/A,N/A,N/A,N/A,N/A,N/A,N/A,N/A,N/A,N/A,N/A,N/A,N/A,N/A,N/A,N/A,N/A,N/A,N/A,N/A,N/A,N/A
Haiti,C,Johny Placide,5,Hannes Delcroix,DEF,237440,Hannes Delcroix,CB,LB,71,66,35,61,61,71,70,64,68,33,45,30,28,33,40,72,68,43,27,58,51,55,66,65,67,69,69,72,69,73,71,70,69,75,63,73,10,11,7,8,,,,2,2,2
Haiti,C,Johny Placide,8,Martin Expérience,DEF,78651,Martin Expérience,LB,LM,62,68,36,53,59,58,64,66,69,30,45,42,28,35,41,60,58,44,39,59,39,59,58,59,70,54,49,55,57,64,63,46,60,59,70,63,8,9,9,7,,,,2,3,2
Haiti,C,Johny Placide,13,Duke Lacroix,DEF,N/A,N/A,N/A,N/A,N/A,N/A,N/A,N/A,N/A,N/A,N/A,N/A,N/A,N/A,N/A,N/A,N/A,N/A,N/A,N/A,N/A,N/A,N/A,N/A,N/A,N/A,N/A,N/A,N/A,N/A,N/A,N/A,N/A,N/A,N/A,N/A,N/A,N/A,N/A,N/A,N/A,N/A,N/A,N/A,N/A,N/A,N/A,N/A,N/A,N/A
Haiti,C,Johny Placide,22,Jean-Kévin Duverne,DEF,229705,Jean-Kévin Duverne,LB,"RB,CB,LM",71,60,38,62,67,72,73,57,62,31,55,36,32,33,55,73,63,54,28,58,54,65,71,65,65,69,65,72,71,73,72,70,68,73,73,75,13,9,8,6,,Bruiser,,3,3,1
Haiti,C,Johny Placide,24,Wilguens Paugain,DEF,78421,Wilguens Paugain,RB,RM,55,62,34,42,50,54,63,68,57,30,36,31,36,44,56,38,32,42,35,54,46,50,40,68,73,57,41,58,59,50,50,44,64,55,63,64,9,9,10,13,,,,2,3,1
Haiti,C,Johny Placide,6,Carl Fred Sainté,MID,N/A,N/A,N/A,N/A,N/A,N/A,N/A,N/A,N/A,N/A,N/A,N/A,N/A,N/A,N/A,N/A,N/A,N/A,N/A,N/A,N/A,N/A,N/A,N/A,N/A,N/A,N/A,N/A,N/A,N/A,N/A,N/A,N/A,N/A,N/A,N/A,N/A,N/A,N/A,N/A,N/A,N/A,N/A,N/A,N/A,N/A,N/A,N/A,N/A,N/A
Algeria,J,Melvin Mastil,22,Ibrahim Maza,MID,275029,Ibrahim Maza,CAM,CM,71,75,66,66,79,40,62,74,76,64,82,61,55,60,65,70,63,67,54,63,68,81,77,84,79,67,70,41,35,42,31,52,49,66,70,62,11,11,6,12,,"Inventive,Technical",,4,3,1
Haiti,C,Johny Placide,14,Leverton Pierre,MID,N/A,N/A,N/A,N/A,N/A,N/A,N/A,N/A,N/A,N/A,N/A,N/A,N/A,N/A,N/A,N/A,N/A,N/A,N/A,N/A,N/A,N/A,N/A,N/A,N/A,N/A,N/A,N/A,N/A,N/A,N/A,N/A,N/A,N/A,N/A,N/A,N/A,N/A,N/A,N/A,N/A,N/A,N/A,N/A,N/A,N/A,N/A,N/A,N/A,N/A
Haiti,C,Johny Placide,17,Danley Jean Jacques,MID,268805,Danley Jean Jacques,CM,CDM,70,69,56,66,70,67,74,68,69,51,67,59,44,35,68,74,70,62,45,56,67,68,74,68,68,68,69,66,66,71,67,64,73,74,76,73,11,12,7,9,,,,2,3,2
Haiti,C,Johny Placide,25,Dominique Simon,MID,N/A,N/A,N/A,N/A,N/A,N/A,N/A,N/A,N/A,N/A,N/A,N/A,N/A,N/A,N/A,N/A,N/A,N/A,N/A,N/A,N/A,N/A,N/A,N/A,N/A,N/A,N/A,N/A,N/A,N/A,N/A,N/A,N/A,N/A,N/A,N/A,N/A,N/A,N/A,N/A,N/A,N/A,N/A,N/A,N/A,N/A,N/A,N/A,N/A,N/A
Haiti,C,Johny Placide,26,Woodensky Pierre,MID,N/A,N/A,N/A,N/A,N/A,N/A,N/A,N/A,N/A,N/A,N/A,N/A,N/A,N/A,N/A,N/A,N/A,N/A,N/A,N/A,N/A,N/A,N/A,N/A,N/A,N/A,N/A,N/A,N/A,N/A,N/A,N/A,N/A,N/A,N/A,N/A,N/A,N/A,N/A,N/A,N/A,N/A,N/A,N/A,N/A,N/A,N/A,N/A,N/A,N/A
Haiti,C,Johny Placide,7,Derrick Etienne Jr,FWD,N/A,N/A,N/A,N/A,N/A,N/A,N/A,N/A,N/A,N/A,N/A,N/A,N/A,N/A,N/A,N/A,N/A,N/A,N/A,N/A,N/A,N/A,N/A,N/A,N/A,N/A,N/A,N/A,N/A,N/A,N/A,N/A,N/A,N/A,N/A,N/A,N/A,N/A,N/A,N/A,N/A,N/A,N/A,N/A,N/A,N/A,N/A,N/A,N/A,N/A
Haiti,C,Johny Placide,9,Duckens Nazon,FWD,N/A,N/A,N/A,N/A,N/A,N/A,N/A,N/A,N/A,N/A,N/A,N/A,N/A,N/A,N/A,N/A,N/A,N/A,N/A,N/A,N/A,N/A,N/A,N/A,N/A,N/A,N/A,N/A,N/A,N/A,N/A,N/A,N/A,N/A,N/A,N/A,N/A,N/A,N/A,N/A,N/A,N/A,N/A,N/A,N/A,N/A,N/A,N/A,N/A,N/A
Haiti,C,Johny Placide,11,Louicius Deedson,FWD,N/A,N/A,N/A,N/A,N/A,N/A,N/A,N/A,N/A,N/A,N/A,N/A,N/A,N/A,N/A,N/A,N/A,N/A,N/A,N/A,N/A,N/A,N/A,N/A,N/A,N/A,N/A,N/A,N/A,N/A,N/A,N/A,N/A,N/A,N/A,N/A,N/A,N/A,N/A,N/A,N/A,N/A,N/A,N/A,N/A,N/A,N/A,N/A,N/A,N/A
Haiti,C,Johny Placide,15,Ruben Providence,FWD,N/A,N/A,N/A,N/A,N/A,N/A,N/A,N/A,N/A,N/A,N/A,N/A,N/A,N/A,N/A,N/A,N/A,N/A,N/A,N/A,N/A,N/A,N/A,N/A,N/A,N/A,N/A,N/A,N/A,N/A,N/A,N/A,N/A,N/A,N/A,N/A,N/A,N/A,N/A,N/A,N/A,N/A,N/A,N/A,N/A,N/A,N/A,N/A,N/A,N/A
Haiti,C,Johny Placide,16,Lenny Joseph,FWD,262652,Lenny Joseph,RW,RM,68,80,61,58,71,27,64,81,80,70,55,47,60,66,65,64,57,42,45,57,58,72,72,70,76,62,63,17,29,19,21,67,42,79,73,67,10,12,15,9,,,,3,2,1
Haiti,C,Johny Placide,20,Frantzdy Pierrot,FWD,244949,Frantzdy Pierrot,ST,,72,65,72,56,62,32,82,59,69,74,81,65,61,60,76,68,49,31,48,42,60,64,66,54,33,57,71,20,30,28,21,82,70,91,70,92,9,7,13,15,,Precision Header,Aerial Fortress+,2,3,1
Haiti,C,Johny Placide,19,Yassin Fortuné,FWD,N/A,N/A,N/A,N/A,N/A,N/A,N/A,N/A,N/A,N/A,N/A,N/A,N/A,N/A,N/A,N/A,N/A,N/A,N/A,N/A,N/A,N/A,N/A,N/A,N/A,N/A,N/A,N/A,N/A,N/A,N/A,N/A,N/A,N/A,N/A,N/A,N/A,N/A,N/A,N/A,N/A,N/A,N/A,N/A,N/A,N/A,N/A,N/A,N/A,N/A
Scotland,C,Angus Gunn,18,George Hirst,FWD,233602,George Hirst,ST,,72,73,71,55,66,43,74,71,74,73,72,66,67,66,75,65,46,56,44,42,62,64,71,57,59,68,70,44,40,38,32,73,67,85,67,80,13,13,13,10,,,,3,3,1
Haiti,C,Johny Placide,21,Josué Casimir,FWD,260943,Josué Casimir,RM,"ST,RW",71,82,68,63,71,43,67,80,84,70,68,67,62,61,69,69,49,58,56,67,64,72,72,68,73,70,67,45,41,39,37,63,51,77,75,68,8,5,6,9,,,,3,3,1
USA,D,Matt Turner,25,Chris Brady,GK,260982,Chris Brady,GK,,69,,,,,,,,,,,,,,,,,,,,,,,,,,,,,,,,,,,,74,64,62,67,72,Footwork,,1,2,1
Morocco,C,Yassine Bounou,12,Munir El Kajoui,GK,N/A,N/A,N/A,N/A,N/A,N/A,N/A,N/A,N/A,N/A,N/A,N/A,N/A,N/A,N/A,N/A,N/A,N/A,N/A,N/A,N/A,N/A,N/A,N/A,N/A,N/A,N/A,N/A,N/A,N/A,N/A,N/A,N/A,N/A,N/A,N/A,N/A,N/A,N/A,N/A,N/A,N/A,N/A,N/A,N/A,N/A,N/A,N/A,N/A,N/A
Morocco,C,Yassine Bounou,22,Ahmed Reda Tagnaouti,GK,N/A,N/A,N/A,N/A,N/A,N/A,N/A,N/A,N/A,N/A,N/A,N/A,N/A,N/A,N/A,N/A,N/A,N/A,N/A,N/A,N/A,N/A,N/A,N/A,N/A,N/A,N/A,N/A,N/A,N/A,N/A,N/A,N/A,N/A,N/A,N/A,N/A,N/A,N/A,N/A,N/A,N/A,N/A,N/A,N/A,N/A,N/A,N/A,N/A,N/A
Morocco,C,Yassine Bounou,2,Achraf Hakimi,DEF,235212,Achraf Hakimi,RB,RM,89,92,79,82,83,82,79,89,95,80,82,77,74,68,84,86,73,78,80,85,78,82,85,81,78,90,84,85,82,85,79,71,77,84,95,72,10,8,14,6,,"Low Driven Shot,Whipped Pass,Jockey,Anticipate,Press Proven,Quick Step",Relentless+,4,4,1
Morocco,C,Yassine Bounou,3,Noussair Mazraoui,DEF,236401,Noussair Mazraoui,RB,"CB,RM",80,75,66,76,80,77,72,78,73,69,68,61,56,44,76,80,74,69,42,79,77,80,81,76,74,79,79,80,76,77,80,73,71,81,76,69,12,7,13,12,,"Jockey,Block,Anticipate,Technical",,3,3,1
Morocco,C,Yassine Bounou,5,Nayef Aguerd,DEF,244749,Nayef Aguerd,CB,,81,72,50,67,65,82,77,65,78,40,69,54,41,48,52,78,76,55,41,48,68,60,75,54,49,80,74,82,82,83,80,81,81,84,72,78,7,15,9,14,,"Precision Header,Long Ball Pass,Anticipate",,2,3,2
Morocco,C,Yassine Bounou,13,Zakaria El Ouahdi,DEF,275353,Zakaria El Ouahdi,RB,"RM,RW",76,73,66,70,77,69,71,81,67,67,69,65,68,58,61,73,64,68,63,73,67,77,75,82,89,76,72,75,65,75,77,38,68,63,91,63,8,8,11,14,,"Low Driven Shot,Technical,Quick Step",,3,3,1
Morocco,C,Yassine Bounou,14,Issa Diop,DEF,231633,Issa Diop,CB,,76,57,37,53,55,77,78,49,63,30,51,31,48,44,42,68,63,32,34,37,43,52,59,52,33,75,65,77,77,76,75,77,78,82,60,87,10,7,6,14,,Bruiser,,2,3,1
Morocco,C,Yassine Bounou,18,Chadi Riad,DEF,258490,Chadi Riad,CB,,72,60,32,57,61,71,72,56,64,27,42,32,34,46,28,75,65,65,28,42,41,57,68,60,58,67,54,68,69,75,73,73,74,78,59,78,10,12,9,8,,,,2,3,2
Morocco,C,Yassine Bounou,19,Youssef Belammari,DEF,N/A,N/A,N/A,N/A,N/A,N/A,N/A,N/A,N/A,N/A,N/A,N/A,N/A,N/A,N/A,N/A,N/A,N/A,N/A,N/A,N/A,N/A,N/A,N/A,N/A,N/A,N/A,N/A,N/A,N/A,N/A,N/A,N/A,N/A,N/A,N/A,N/A,N/A,N/A,N/A,N/A,N/A,N/A,N/A,N/A,N/A,N/A,N/A,N/A,N/A
Morocco,C,Yassine Bounou,25,Redouane Halhal,DEF,264657,Redouane Halhal,CB,,63,59,30,44,48,64,65,57,61,25,46,21,25,41,37,55,39,41,32,37,39,43,49,55,60,55,45,62,65,67,64,56,55,69,50,76,6,13,14,11,,,,2,3,1
Morocco,C,Yassine Bounou,26,Anass Salah-Eddine,DEF,268728,Anass Salah-Eddine,LB,LM,71,82,42,68,73,65,64,80,84,38,50,39,32,37,67,74,68,66,39,66,68,74,72,79,72,68,72,66,65,67,65,53,65,68,71,59,14,8,15,14,,First Touch,,3,3,2
Morocco,C,Yassine Bounou,4,Sofyan Amrabat,MID,224158,Sofyan Amrabat,CDM,"CM,CB",78,61,70,73,74,75,82,62,61,65,81,73,68,57,66,77,78,73,65,64,75,74,77,62,76,74,76,77,74,78,76,65,86,76,79,82,13,13,6,16,,"Slide Tackle,Press Proven,Relentless",,3,2,1
Morocco,C,Yassine Bounou,6,Ayyoub Bouaddi,MID,278901,Ayyoub Bouaddi,CM,CDM,75,75,58,72,75,67,71,76,74,59,61,56,46,54,66,79,77,62,52,59,76,75,78,67,64,73,76,74,59,75,62,56,68,75,74,71,9,7,12,12,,Technical,,3,3,1
Morocco,C,Yassine Bounou,8,Azzedine Ounahi,MID,255125,Azzedine Ounahi,CM,CAM,76,64,66,73,77,63,67,63,64,67,73,63,52,57,73,80,74,67,54,60,77,76,81,77,68,75,73,67,58,68,64,58,58,66,82,64,14,13,6,8,,"Incisive Pass,First Touch",,3,3,1
Austria,J,Alexander Schlager,24,Paul Wanner,MID,266237,Paul Wanner,CAM,"RM,CM",72,75,61,71,74,44,50,77,73,60,70,55,49,59,68,76,71,60,70,60,74,75,75,76,76,70,64,49,42,41,43,51,50,55,73,38,7,12,13,11,,"Finesse Shot,Inventive,Technical",,4,2,2
Morocco,C,Yassine Bounou,15,Samir El Mourabet,MID,279702,Samir El Mourabet,CM,,65,57,48,63,62,57,61,56,58,48,50,47,33,46,56,70,69,48,45,48,68,59,67,59,63,64,65,63,49,63,56,52,54,59,62,64,12,14,6,13,,,,2,2,2
Morocco,C,Yassine Bounou,16,Gessime Yassine,MID,70017,Gessime Yassine,RM,"LM,RW",65,66,61,62,74,40,43,70,62,61,61,63,59,51,64,68,54,74,53,59,59,76,70,91,83,55,65,48,31,41,44,42,57,40,47,35,9,7,10,11,,Low Driven Shot,,3,2,2
Ecuador,E,Hernán Galíndez,10,Kendry Páez,FWD,274559,Kendry Páez,CAM,"RW,CM",73,79,68,69,75,43,54,77,81,70,68,71,44,51,71,72,70,73,60,61,72,75,74,82,75,69,72,57,34,42,41,48,44,58,70,49,10,11,9,15,,"Pinged Pass,Technical,First Touch,Trickster",,4,3,2
Morocco,C,Yassine Bounou,24,Neil El Aynaoui,MID,262745,Neil El Aynaoui,CM,CDM,77,62,63,76,74,73,75,57,66,61,64,64,46,79,69,79,79,66,53,74,77,75,78,69,52,77,75,77,69,76,67,73,64,83,82,75,10,5,7,14,,"Intercept,Aerial Fortress",,3,3,1
Morocco,C,Yassine Bounou,7,Chemsdine Talbi,FWD,275048,Chemsdine Talbi,RM,"LM,RW",73,90,59,64,79,47,57,92,88,62,63,50,60,50,65,65,50,74,34,72,68,80,77,87,84,60,70,57,60,37,33,36,40,63,74,55,5,6,12,8,,Technical,,3,4,1
Morocco,C,Yassine Bounou,9,Soufiane Rahimi,FWD,264348,Soufiane Rahimi,LM,"LW,ST",78,85,76,72,77,38,66,87,84,79,71,78,73,67,78,74,66,68,65,72,76,79,75,75,76,75,74,41,35,34,30,62,52,77,81,62,8,9,5,8,,"Power Shot,Rapid,Quick Step",,4,4,1
Morocco,C,Yassine Bounou,10,Brahim Díaz,FWD,N/A,N/A,N/A,N/A,N/A,N/A,N/A,N/A,N/A,N/A,N/A,N/A,N/A,N/A,N/A,N/A,N/A,N/A,N/A,N/A,N/A,N/A,N/A,N/A,N/A,N/A,N/A,N/A,N/A,N/A,N/A,N/A,N/A,N/A,N/A,N/A,N/A,N/A,N/A,N/A,N/A,N/A,N/A,N/A,N/A,N/A,N/A,N/A,N/A,N/A
Morocco,C,Yassine Bounou,17,Abdessamad Ezzalzouli,FWD,264432,Abdessamad Ezzalzouli,LM,LW,77,87,69,70,81,29,63,87,87,70,73,70,60,53,73,72,65,66,49,72,72,84,80,83,78,73,70,18,25,32,28,50,68,69,70,57,7,5,6,12,,"Gamechanger,Inventive,Technical",,4,3,1
Côte d'Ivoire,E,Yahia Fofana,14,Oumar Diakité,FWD,277178,Oumar Diakité,ST,,72,82,71,57,70,21,71,83,81,72,75,66,66,66,72,63,44,59,46,58,58,70,70,73,68,69,68,15,13,19,12,71,66,87,66,74,12,11,8,12,,,,2,3,1
Morocco,C,Yassine Bounou,21,Ayoube Amaimouni,FWD,78474,Ayoube Amaimouni,RW,RM,63,71,65,57,68,21,50,69,73,64,70,66,62,56,59,60,55,54,47,58,56,70,66,75,76,44,56,20,18,17,15,49,47,51,55,48,12,12,12,13,,,,3,3,2
Norway,I,Ørjan Håskjold Nyland,12,Sander Tangvik,GK,257568,Sander Tangvik,GK,,69,,,,,,,,,,,,,,,,,,,,,,,,,,,,,,,,,,,,69,68,66,67,68,"Footwork,Cross Claimer",,1,2,1
Australia,D,Mathew Ryan,12,Paul Izzo,GK,204424,Paul Izzo,GK,,70,,,,,,,,,,,,,,,,,,,,,,,,,,,,,,,,,,,,71,69,66,69,72,"Cross Claimer,Far Reach",,1,3,1
Ecuador,E,Hernán Galíndez,22,Gonzalo Valle,GK,259904,Gonzalo Valle,GK,,70,,,,,,,,,,,,,,,,,,,,,,,,,,,,,,,,,,,,67,70,65,69,72,"Far Reach,Deflector",,1,2,1
Scotland,C,Angus Gunn,2,Aaron Hickey,DEF,248808,Aaron Hickey,RB,RM,74,71,54,70,73,74,64,70,72,48,63,60,56,47,59,75,68,61,40,74,67,74,74,71,64,73,72,72,75,76,75,67,78,69,60,59,13,14,8,13,,,,2,5,1
Scotland,C,Angus Gunn,3,Andy Robertson,DEF,N/A,N/A,N/A,N/A,N/A,N/A,N/A,N/A,N/A,N/A,N/A,N/A,N/A,N/A,N/A,N/A,N/A,N/A,N/A,N/A,N/A,N/A,N/A,N/A,N/A,N/A,N/A,N/A,N/A,N/A,N/A,N/A,N/A,N/A,N/A,N/A,N/A,N/A,N/A,N/A,N/A,N/A,N/A,N/A,N/A,N/A,N/A,N/A,N/A,N/A
Scotland,C,Angus Gunn,5,Grant Hanley,DEF,198904,Grant Hanley,CB,,71,52,30,47,49,71,78,51,52,30,40,22,32,26,29,60,63,33,35,29,39,43,52,44,51,68,66,71,70,72,72,71,80,78,65,83,9,9,11,12,,"Precision Header,Bruiser",,2,3,1
Scotland,C,Angus Gunn,6,Kieran Tierney,DEF,226491,Kieran Tierney,LB,LM,77,76,60,75,76,75,73,77,76,52,79,66,38,42,72,78,68,73,56,80,74,77,76,75,73,76,75,77,76,77,76,59,84,76,67,71,13,16,8,12,,"Jockey,Long Throw",,3,3,2
Scotland,C,Angus Gunn,13,Jack Hendry,DEF,225316,Jack Hendry,CB,,74,73,56,63,64,71,82,62,82,50,77,61,26,37,58,77,78,42,28,48,58,59,72,58,60,68,71,69,68,72,71,77,82,85,81,83,13,11,13,8,,"Long Ball Pass,Aerial Fortress",,2,2,1
Scotland,C,Angus Gunn,15,John Souttar,DEF,212516,John Souttar,CB,,73,73,48,63,70,72,77,69,76,42,70,47,28,49,33,72,74,61,41,48,59,70,72,63,68,71,74,70,73,73,70,73,70,85,66,84,13,11,15,10,,"Pinged Pass,Long Ball Pass,Block,Aerial Fortress,Bruiser",,2,4,1
Scotland,C,Angus Gunn,16,Dominic Hyam,DEF,221281,Dominic Hyam,CB,,71,51,32,54,58,71,76,50,52,23,54,28,35,31,31,65,64,45,26,41,48,54,62,56,50,69,65,71,72,71,70,72,71,76,74,79,10,11,10,15,,"Long Ball Pass,Aerial Fortress",,2,3,1
Scotland,C,Angus Gunn,22,Nathan Patterson,DEF,257896,Nathan Patterson,RB,RM,71,71,46,63,70,70,69,68,73,41,62,41,41,35,55,66,63,58,54,69,54,70,69,73,75,68,58,69,70,74,72,62,74,71,66,68,7,13,9,7,,Slide Tackle,,2,2,1
Scotland,C,Angus Gunn,24,Anthony Ralston,DEF,234072,Anthony Ralston,RB,RM,71,76,59,69,70,64,78,74,77,58,68,54,55,44,66,73,72,67,41,66,71,68,69,73,76,70,72,63,59,68,67,68,76,81,81,77,11,14,5,7,,,,2,3,1
Scotland,C,Angus Gunn,26,Scott McKenna,DEF,225974,Scott McKenna,CB,,75,60,32,51,56,76,80,56,64,22,59,32,26,36,21,64,67,28,31,41,36,54,60,43,56,58,66,74,75,75,74,86,82,87,72,83,11,7,11,6,,Aerial Fortress,,2,3,2
Scotland,C,Angus Gunn,4,Scott McTominay,MID,237238,Scott McTominay,CM,CAM,85,76,82,77,80,80,85,70,80,84,86,81,76,60,87,84,81,69,60,66,79,84,85,55,48,86,80,81,78,81,75,81,84,86,92,82,9,6,6,10,,"Precision Header,Low Driven Shot,Incisive Pass,Aerial Fortress,Technical,Enforcer",,3,3,1
Scotland,C,Angus Gunn,7,John McGinn,MID,210881,John McGinn,LM,"RM,CAM,LB",81,69,77,78,80,77,83,69,69,76,84,77,75,55,77,81,80,76,61,76,79,81,80,77,85,81,77,79,79,82,75,57,86,74,92,79,9,13,12,10,,"Press Proven,Relentless,Enforcer",,3,2,2
Scotland,C,Angus Gunn,8,Tyler Fletcher,MID,N/A,N/A,N/A,N/A,N/A,N/A,N/A,N/A,N/A,N/A,N/A,N/A,N/A,N/A,N/A,N/A,N/A,N/A,N/A,N/A,N/A,N/A,N/A,N/A,N/A,N/A,N/A,N/A,N/A,N/A,N/A,N/A,N/A,N/A,N/A,N/A,N/A,N/A,N/A,N/A,N/A,N/A,N/A,N/A,N/A,N/A,N/A,N/A,N/A,N/A
Scotland,C,Angus Gunn,11,Ryan Christie,MID,213884,Ryan Christie,CDM,CM,79,69,70,77,78,74,76,73,66,68,77,70,50,73,74,80,79,75,70,72,77,77,77,78,80,80,79,81,74,76,74,53,82,69,85,69,13,9,12,7,,"Intercept,Relentless",,3,4,2
Scotland,C,Angus Gunn,19,Lewis Ferguson,MID,242280,Lewis Ferguson,CM,"CDM,CAM",78,72,78,74,78,72,75,72,72,78,78,76,76,80,84,79,76,69,67,67,76,78,81,78,73,72,75,74,67,76,68,76,85,81,77,70,6,11,6,14,,Aerial Fortress,,3,4,1
Scotland,C,Angus Gunn,23,Kenny McLean,MID,201368,Kenny McLean,CDM,"LB,CM",72,58,67,68,71,66,73,64,53,66,78,58,56,75,64,73,71,68,70,55,69,70,74,68,61,73,71,68,67,67,62,63,74,70,81,69,8,14,15,14,,"Long Ball Pass,Intercept,Aerial Fortress,Press Proven",,2,4,2
Sweden,F,Jacob Widell Zetterström,21,Alexander Bernhardsson,MID,255459,Alexander Bernhardsson,ST,"RW,CAM,RM",72,81,70,64,74,48,69,87,76,72,76,67,57,56,72,68,62,56,44,61,68,76,74,75,65,70,58,42,45,49,50,62,65,79,75,67,12,9,6,5,,,,3,3,1
Scotland,C,Angus Gunn,10,Che Adams,FWD,N/A,N/A,N/A,N/A,N/A,N/A,N/A,N/A,N/A,N/A,N/A,N/A,N/A,N/A,N/A,N/A,N/A,N/A,N/A,N/A,N/A,N/A,N/A,N/A,N/A,N/A,N/A,N/A,N/A,N/A,N/A,N/A,N/A,N/A,N/A,N/A,N/A,N/A,N/A,N/A,N/A,N/A,N/A,N/A,N/A,N/A,N/A,N/A,N/A,N/A
Uruguay,H,Sergio Rochet,21,Federico Viñas,FWD,253385,Federico Viñas,ST,,72,73,72,56,70,25,76,71,74,71,77,69,72,73,73,65,56,55,54,41,58,68,72,67,77,72,72,20,14,22,26,71,68,85,71,81,6,8,6,12,,Precision Header,,3,3,2
Scotland,C,Angus Gunn,17,Ben Gannon-Doak,FWD,N/A,N/A,N/A,N/A,N/A,N/A,N/A,N/A,N/A,N/A,N/A,N/A,N/A,N/A,N/A,N/A,N/A,N/A,N/A,N/A,N/A,N/A,N/A,N/A,N/A,N/A,N/A,N/A,N/A,N/A,N/A,N/A,N/A,N/A,N/A,N/A,N/A,N/A,N/A,N/A,N/A,N/A,N/A,N/A,N/A,N/A,N/A,N/A,N/A,N/A
Czechia,A,Matej Kovar,11,Jan Kuchta,FWD,257536,Jan Kuchta,ST,"RW,LW",73,77,71,64,71,34,80,77,77,71,72,68,72,66,78,68,61,62,60,58,68,70,71,74,74,72,69,30,26,34,27,75,84,88,76,79,10,6,13,9,,Bruiser,,3,3,1
Bosnia and Herzegovina,B,Nikola Vasilj,23,Haris Tabakovic,FWD,212002,Haris Tabaković,ST,,73,60,73,52,65,29,80,50,69,78,75,60,69,72,79,64,41,39,42,38,58,64,65,60,55,79,70,20,32,18,17,79,65,84,78,87,11,16,6,9,,"Precision Header,Acrobatic,Aerial Fortress,Press Proven,Enforcer",,2,3,1
Scotland,C,Angus Gunn,25,Findlay Curtis,FWD,76784,Findlay Curtis,LW,"RW,LM",63,63,53,61,66,34,44,61,65,58,53,47,43,41,59,66,61,52,37,64,58,69,64,58,63,64,62,32,43,28,31,34,39,41,44,47,11,7,8,8,,,,3,3,1
Australia,D,Mathew Ryan,1,Mathew Ryan,GK,N/A,N/A,N/A,N/A,N/A,N/A,N/A,N/A,N/A,N/A,N/A,N/A,N/A,N/A,N/A,N/A,N/A,N/A,N/A,N/A,N/A,N/A,N/A,N/A,N/A,N/A,N/A,N/A,N/A,N/A,N/A,N/A,N/A,N/A,N/A,N/A,N/A,N/A,N/A,N/A,N/A,N/A,N/A,N/A,N/A,N/A,N/A,N/A,N/A,N/A
Norway,I,Ørjan Håskjold Nyland,13,Egil Selvik,GK,247611,Egil Selvik,GK,,70,,,,,,,,,,,,,,,,,,,,,,,,,,,,,,,,,,,,70,69,66,69,70,"Footwork,Deflector",,1,2,2
Senegal,I,Yehvann Diouf,23,Mory Diaw,GK,220820,Mory Diaw,GK,,70,,,,,,,,,,,,,,,,,,,,,,,,,,,,,,,,,,,,70,70,71,70,72,"Far Throw,Footwork",,1,2,1
Australia,D,Mathew Ryan,2,Milos Degenek,DEF,N/A,N/A,N/A,N/A,N/A,N/A,N/A,N/A,N/A,N/A,N/A,N/A,N/A,N/A,N/A,N/A,N/A,N/A,N/A,N/A,N/A,N/A,N/A,N/A,N/A,N/A,N/A,N/A,N/A,N/A,N/A,N/A,N/A,N/A,N/A,N/A,N/A,N/A,N/A,N/A,N/A,N/A,N/A,N/A,N/A,N/A,N/A,N/A,N/A,N/A
Australia,D,Mathew Ryan,3,Alessandro Circati,DEF,268913,Alessandro Circati,CB,,71,59,35,53,49,72,77,54,63,24,52,41,45,36,25,63,65,41,39,42,45,42,58,37,55,71,55,72,71,72,71,71,72,78,74,80,11,12,7,5,,Aerial Fortress,,2,3,1
Australia,D,Mathew Ryan,4,Jacob Italiano,DEF,241552,Jacob Italiano,LB,"LM,RM",63,76,56,59,69,58,56,79,73,53,68,56,50,50,51,60,56,63,53,58,62,69,67,79,77,56,57,59,57,62,60,41,61,55,63,51,7,7,9,10,,,,3,5,2
Australia,D,Mathew Ryan,5,Jordan Bos,DEF,260521,Jordan Bos,LB,LM,69,87,58,60,68,61,79,83,90,55,66,62,48,48,59,62,57,65,50,58,63,67,64,78,84,66,64,63,60,62,61,58,68,84,84,81,5,5,6,5,,Rapid,,3,3,2
Australia,D,Mathew Ryan,6,Jason Geria,DEF,N/A,N/A,N/A,N/A,N/A,N/A,N/A,N/A,N/A,N/A,N/A,N/A,N/A,N/A,N/A,N/A,N/A,N/A,N/A,N/A,N/A,N/A,N/A,N/A,N/A,N/A,N/A,N/A,N/A,N/A,N/A,N/A,N/A,N/A,N/A,N/A,N/A,N/A,N/A,N/A,N/A,N/A,N/A,N/A,N/A,N/A,N/A,N/A,N/A,N/A
Australia,D,Mathew Ryan,15,Kai Trewin,DEF,252700,Kai Trewin,CB,"CM,CDM",69,66,43,58,59,69,79,64,68,39,52,45,37,44,46,67,64,53,41,43,57,55,58,67,67,70,67,69,70,72,68,58,64,74,90,80,14,15,8,12,,"Precision Header,Long Ball Pass,Jockey,Block,Intercept,Slide Tackle,Aerial Fortress",,2,4,1
Australia,D,Mathew Ryan,16,Aziz Behich,DEF,202157,Aziz Behich,LB,LM,67,74,60,65,69,61,71,77,71,58,67,59,57,49,59,67,64,69,54,65,64,68,66,80,80,65,63,63,60,63,62,53,80,70,72,67,14,11,11,14,,"Low Driven Shot,Long Throw",,3,4,2
Australia,D,Mathew Ryan,19,Harry Souttar,DEF,229901,Harry Souttar,CB,,73,46,28,51,54,73,75,40,51,25,33,26,23,40,26,68,66,26,31,24,49,52,62,36,30,66,64,73,74,73,71,75,70,77,52,89,12,12,12,15,,Precision Header,,2,3,1
Australia,D,Mathew Ryan,21,Cameron Burgess,DEF,216744,Cameron Burgess,CB,,73,48,37,57,54,73,78,43,52,38,45,26,23,43,55,69,67,37,30,40,55,45,67,45,55,68,69,71,74,74,72,73,72,77,65,86,9,13,14,15,,"Aerial Fortress,Bruiser",,2,3,2
Australia,D,Mathew Ryan,25,Lucas Herrington,DEF,75145,Lucas Herrington,CB,,59,65,32,42,45,57,66,63,67,30,41,27,30,32,32,53,47,29,28,28,39,38,50,50,58,58,50,56,57,58,57,58,65,66,63,67,5,8,14,14,,,,2,3,1
Australia,D,Mathew Ryan,7,Mathew Leckie,MID,195033,Mathew Leckie,CM,"LM,CAM,CDM",70,79,68,67,74,63,76,76,81,68,71,65,68,64,71,70,66,69,59,62,70,73,74,76,78,70,71,63,59,66,63,69,74,83,75,76,8,10,8,6,,"Incisive Pass,Aerial Fortress,Technical,First Touch",,3,4,1
Australia,D,Mathew Ryan,8,Connor Metcalfe,MID,240648,Connor Metcalfe,CM,"CDM,RW,CAM",69,72,60,66,70,62,75,75,69,61,63,58,49,50,65,71,68,54,50,61,68,69,70,73,76,71,69,67,61,62,58,55,72,75,78,75,6,14,12,12,,,,3,4,2
Australia,D,Mathew Ryan,10,Ajdin Hrustic,MID,N/A,N/A,N/A,N/A,N/A,N/A,N/A,N/A,N/A,N/A,N/A,N/A,N/A,N/A,N/A,N/A,N/A,N/A,N/A,N/A,N/A,N/A,N/A,N/A,N/A,N/A,N/A,N/A,N/A,N/A,N/A,N/A,N/A,N/A,N/A,N/A,N/A,N/A,N/A,N/A,N/A,N/A,N/A,N/A,N/A,N/A,N/A,N/A,N/A,N/A
Australia,D,Mathew Ryan,13,Aiden O'Neill,MID,230888,Aiden O'Neill,CDM,CM,70,76,61,65,68,66,77,74,78,59,67,65,58,53,59,71,69,60,53,54,65,66,67,78,80,68,69,66,64,69,67,58,75,77,79,77,10,15,7,12,,Rapid,,3,3,1
Australia,D,Mathew Ryan,14,Cameron Devlin,MID,246006,Cameron Devlin,CDM,CM,71,68,53,63,69,69,72,73,64,52,52,54,48,46,67,72,64,50,53,56,59,65,68,78,89,69,73,70,69,73,66,57,80,69,90,61,14,7,6,12,,"Jockey,Intercept,Slide Tackle,Press Proven,Relentless",,2,3,1
Australia,D,Mathew Ryan,20,Cristian Volpato,MID,265761,Cristian Volpato,RW,RM,69,72,67,66,71,37,60,69,74,66,74,68,54,57,67,68,66,65,56,62,71,75,75,55,60,67,64,36,34,36,42,49,47,61,66,63,11,8,8,13,,Incisive Pass,,3,3,2
Australia,D,Mathew Ryan,22,Jackson Irvine,MID,211378,Jackson Irvine,CM,CDM,75,67,68,71,70,72,80,64,69,67,73,68,58,55,73,75,72,63,58,64,76,69,74,64,59,75,72,79,65,71,74,82,76,85,91,76,7,13,11,9,,"Pinged Pass,Aerial Fortress,Relentless",,3,3,1
Australia,D,Mathew Ryan,24,Paul Okon-Engstler,MID,N/A,N/A,N/A,N/A,N/A,N/A,N/A,N/A,N/A,N/A,N/A,N/A,N/A,N/A,N/A,N/A,N/A,N/A,N/A,N/A,N/A,N/A,N/A,N/A,N/A,N/A,N/A,N/A,N/A,N/A,N/A,N/A,N/A,N/A,N/A,N/A,N/A,N/A,N/A,N/A,N/A,N/A,N/A,N/A,N/A,N/A,N/A,N/A,N/A,N/A
Brazil,C,Alisson,13,Danilo,DEF,239881,Danilo,ST,,73,74,73,60,73,24,70,79,70,77,69,69,67,67,79,71,48,67,61,43,66,72,74,77,80,69,69,22,20,16,13,73,53,75,83,70,10,9,9,8,,Technical,,3,4,1
Australia,D,Mathew Ryan,11,Awer Mabil,FWD,212830,Awer Mabil,RM,"LM,LW,RW",67,85,62,60,68,34,61,86,84,59,68,60,63,70,66,59,54,70,60,64,62,67,66,82,70,57,60,35,34,33,20,50,59,69,67,57,16,12,18,13,,Rapid,,3,3,1
Australia,D,Mathew Ryan,17,Nestory Irankunda,FWD,266245,Nestory Irankunda,RM,"ST,LM,RW",67,88,70,62,70,43,74,90,86,67,88,70,56,59,59,59,59,65,70,63,64,68,64,92,93,65,63,42,33,47,49,58,78,85,59,78,8,10,12,7,,"Power Shot,Rapid,Quick Step",,3,3,1
Australia,D,Mathew Ryan,23,Nishan Velupillay,FWD,262039,Nishan Velupillay,LM,"RM,LW",65,94,56,55,70,35,57,93,94,62,60,45,41,44,55,61,48,45,34,58,53,70,69,93,67,47,51,35,32,38,31,39,38,69,45,70,8,10,5,11,,"Low Driven Shot,Quick Step",,3,3,1
Scotland,C,Angus Gunn,20,Lawrence Shankland,FWD,216218,Lawrence Shankland,ST,CAM,73,63,75,66,72,28,80,65,62,75,78,71,69,79,75,73,69,65,49,48,72,71,72,73,77,71,76,19,26,23,20,72,72,83,82,82,13,15,14,10,,"Precision Header,Low Driven Shot,Gamechanger,Long Ball Pass,Enforcer",,2,4,1
Paraguay,D,Roberto Junior Fernández,1,Roberto Junior Fernández,GK,N/A,N/A,N/A,N/A,N/A,N/A,N/A,N/A,N/A,N/A,N/A,N/A,N/A,N/A,N/A,N/A,N/A,N/A,N/A,N/A,N/A,N/A,N/A,N/A,N/A,N/A,N/A,N/A,N/A,N/A,N/A,N/A,N/A,N/A,N/A,N/A,N/A,N/A,N/A,N/A,N/A,N/A,N/A,N/A,N/A,N/A,N/A,N/A,N/A,N/A
Panama,L,Luis Mejía,22,Orlando Mosquera,GK,263976,Orlando Mosquera,GK,,70,,,,,,,,,,,,,,,,,,,,,,,,,,,,,,,,,,,,73,68,69,65,71,Footwork,,1,3,1
Paraguay,D,Roberto Junior Fernández,22,Gastón Oliveira,GK,N/A,N/A,N/A,N/A,N/A,N/A,N/A,N/A,N/A,N/A,N/A,N/A,N/A,N/A,N/A,N/A,N/A,N/A,N/A,N/A,N/A,N/A,N/A,N/A,N/A,N/A,N/A,N/A,N/A,N/A,N/A,N/A,N/A,N/A,N/A,N/A,N/A,N/A,N/A,N/A,N/A,N/A,N/A,N/A,N/A,N/A,N/A,N/A,N/A,N/A
Paraguay,D,Roberto Junior Fernández,2,Gustavo Velázquez,DEF,246696,Gustavo Velázquez,CB,"RB,RM",73,74,31,47,55,72,78,75,74,27,50,21,23,40,31,62,50,30,30,38,35,47,57,64,65,68,74,73,73,69,71,78,75,90,72,81,9,8,14,7,,"Block,Aerial Fortress",,2,2,1
Paraguay,D,Roberto Junior Fernández,3,Omar Alderete,DEF,240359,Omar Alderete,CB,,78,60,61,62,69,79,78,56,63,55,74,67,48,45,62,70,66,56,53,58,51,70,69,68,58,75,68,78,80,79,75,79,79,82,71,81,7,13,14,13,,"Precision Header,Long Ball Pass,Aerial Fortress",,2,3,2
Paraguay,D,Roberto Junior Fernández,4,Juan José Cáceres,DEF,N/A,N/A,N/A,N/A,N/A,N/A,N/A,N/A,N/A,N/A,N/A,N/A,N/A,N/A,N/A,N/A,N/A,N/A,N/A,N/A,N/A,N/A,N/A,N/A,N/A,N/A,N/A,N/A,N/A,N/A,N/A,N/A,N/A,N/A,N/A,N/A,N/A,N/A,N/A,N/A,N/A,N/A,N/A,N/A,N/A,N/A,N/A,N/A,N/A,N/A
Paraguay,D,Roberto Junior Fernández,5,Fabián Balbuena,DEF,N/A,N/A,N/A,N/A,N/A,N/A,N/A,N/A,N/A,N/A,N/A,N/A,N/A,N/A,N/A,N/A,N/A,N/A,N/A,N/A,N/A,N/A,N/A,N/A,N/A,N/A,N/A,N/A,N/A,N/A,N/A,N/A,N/A,N/A,N/A,N/A,N/A,N/A,N/A,N/A,N/A,N/A,N/A,N/A,N/A,N/A,N/A,N/A,N/A,N/A
Paraguay,D,Roberto Junior Fernández,6,Junior Alonso,DEF,N/A,N/A,N/A,N/A,N/A,N/A,N/A,N/A,N/A,N/A,N/A,N/A,N/A,N/A,N/A,N/A,N/A,N/A,N/A,N/A,N/A,N/A,N/A,N/A,N/A,N/A,N/A,N/A,N/A,N/A,N/A,N/A,N/A,N/A,N/A,N/A,N/A,N/A,N/A,N/A,N/A,N/A,N/A,N/A,N/A,N/A,N/A,N/A,N/A,N/A
Paraguay,D,Roberto Junior Fernández,13,José Canale,DEF,253238,José Canale,CB,,69,63,32,49,49,69,73,68,59,34,43,21,21,38,27,63,57,32,31,32,42,39,56,49,66,62,59,65,67,73,65,75,70,84,61,80,11,11,11,12,,Slide Tackle,,2,2,2
Paraguay,D,Roberto Junior Fernández,15,Gustavo Gómez,DEF,N/A,N/A,N/A,N/A,N/A,N/A,N/A,N/A,N/A,N/A,N/A,N/A,N/A,N/A,N/A,N/A,N/A,N/A,N/A,N/A,N/A,N/A,N/A,N/A,N/A,N/A,N/A,N/A,N/A,N/A,N/A,N/A,N/A,N/A,N/A,N/A,N/A,N/A,N/A,N/A,N/A,N/A,N/A,N/A,N/A,N/A,N/A,N/A,N/A,N/A
Paraguay,D,Roberto Junior Fernández,26,Alexandro Maidana,DEF,77972,Alexandro Maidana,LB,LM,58,73,45,54,56,51,55,74,73,46,48,39,32,48,52,57,54,44,43,57,49,60,53,65,42,45,40,50,53,53,55,41,45,52,64,54,12,7,15,7,,,,2,2,2
Paraguay,D,Roberto Junior Fernández,8,Diego Gómez,MID,269278,Diego Gómez,CM,CDM,73,69,67,71,75,72,75,70,68,65,70,70,53,63,71,76,73,70,54,63,72,76,76,72,63,73,74,72,73,73,68,65,79,76,70,75,6,6,8,6,,,,2,3,1
Paraguay,D,Roberto Junior Fernández,11,Maurício,MID,N/A,N/A,N/A,N/A,N/A,N/A,N/A,N/A,N/A,N/A,N/A,N/A,N/A,N/A,N/A,N/A,N/A,N/A,N/A,N/A,N/A,N/A,N/A,N/A,N/A,N/A,N/A,N/A,N/A,N/A,N/A,N/A,N/A,N/A,N/A,N/A,N/A,N/A,N/A,N/A,N/A,N/A,N/A,N/A,N/A,N/A,N/A,N/A,N/A,N/A
Paraguay,D,Roberto Junior Fernández,14,Andrés Cubas,MID,222429,Andrés Cubas,CDM,"CM,CB",74,69,47,66,71,73,56,70,68,40,56,57,33,51,50,74,70,55,44,59,66,64,72,89,93,74,74,73,74,77,73,53,81,49,86,31,9,12,11,13,,Slide Tackle,,3,2,1
Paraguay,D,Roberto Junior Fernández,16,Damián Bobadilla,MID,N/A,N/A,N/A,N/A,N/A,N/A,N/A,N/A,N/A,N/A,N/A,N/A,N/A,N/A,N/A,N/A,N/A,N/A,N/A,N/A,N/A,N/A,N/A,N/A,N/A,N/A,N/A,N/A,N/A,N/A,N/A,N/A,N/A,N/A,N/A,N/A,N/A,N/A,N/A,N/A,N/A,N/A,N/A,N/A,N/A,N/A,N/A,N/A,N/A,N/A
Paraguay,D,Roberto Junior Fernández,17,Alejandro Kaku Romero,MID,N/A,N/A,N/A,N/A,N/A,N/A,N/A,N/A,N/A,N/A,N/A,N/A,N/A,N/A,N/A,N/A,N/A,N/A,N/A,N/A,N/A,N/A,N/A,N/A,N/A,N/A,N/A,N/A,N/A,N/A,N/A,N/A,N/A,N/A,N/A,N/A,N/A,N/A,N/A,N/A,N/A,N/A,N/A,N/A,N/A,N/A,N/A,N/A,N/A,N/A
Paraguay,D,Roberto Junior Fernández,20,Braian Ojeda,MID,248870,Braian Ojeda,CDM,CM,70,67,54,64,72,66,73,72,63,47,69,57,45,41,60,71,69,43,39,55,68,73,71,76,79,65,61,65,66,69,67,59,81,71,77,67,7,6,9,9,,,,4,3,1
Paraguay,D,Roberto Junior Fernández,23,Matías Galarza,MID,278020,Matías Galarza,CM,"LM,CAM",73,63,73,70,76,65,58,59,67,74,75,75,64,54,77,73,70,60,59,70,71,80,77,51,78,72,76,67,57,71,68,66,78,59,61,48,14,10,8,10,,Precision Header,,2,4,2
Paraguay,D,Roberto Junior Fernández,7,Ramón Sosa,FWD,N/A,N/A,N/A,N/A,N/A,N/A,N/A,N/A,N/A,N/A,N/A,N/A,N/A,N/A,N/A,N/A,N/A,N/A,N/A,N/A,N/A,N/A,N/A,N/A,N/A,N/A,N/A,N/A,N/A,N/A,N/A,N/A,N/A,N/A,N/A,N/A,N/A,N/A,N/A,N/A,N/A,N/A,N/A,N/A,N/A,N/A,N/A,N/A,N/A,N/A
USA,D,Matt Turner,19,Haji Wright,FWD,238743,Haji Wright,ST,"LM,LW",73,82,72,60,71,33,76,78,85,74,75,65,65,78,75,63,44,60,52,64,63,73,71,68,64,70,74,34,38,20,18,70,62,78,73,83,5,15,12,8,,"Chip Shot,Rapid,Enforcer",,2,4,1
Paraguay,D,Roberto Junior Fernández,10,Miguel Almirón,FWD,230977,Miguel Almirón,RW,"RM,CAM",76,87,72,70,79,57,64,88,86,70,75,71,74,70,72,70,69,79,63,71,71,80,78,86,69,75,75,57,61,59,49,42,64,61,87,52,6,9,13,13,,"Finesse Shot,Rapid,Quick Step,Relentless",,4,1,2
Paraguay,D,Roberto Junior Fernández,18,Álex Arce,FWD,N/A,N/A,N/A,N/A,N/A,N/A,N/A,N/A,N/A,N/A,N/A,N/A,N/A,N/A,N/A,N/A,N/A,N/A,N/A,N/A,N/A,N/A,N/A,N/A,N/A,N/A,N/A,N/A,N/A,N/A,N/A,N/A,N/A,N/A,N/A,N/A,N/A,N/A,N/A,N/A,N/A,N/A,N/A,N/A,N/A,N/A,N/A,N/A,N/A,N/A
Paraguay,D,Roberto Junior Fernández,19,Julio Enciso,FWD,N/A,N/A,N/A,N/A,N/A,N/A,N/A,N/A,N/A,N/A,N/A,N/A,N/A,N/A,N/A,N/A,N/A,N/A,N/A,N/A,N/A,N/A,N/A,N/A,N/A,N/A,N/A,N/A,N/A,N/A,N/A,N/A,N/A,N/A,N/A,N/A,N/A,N/A,N/A,N/A,N/A,N/A,N/A,N/A,N/A,N/A,N/A,N/A,N/A,N/A
Czechia,A,Matej Kovar,13,Mojmir Chytil,FWD,274906,Mojmír Chytil,ST,,74,73,72,55,68,29,81,71,75,74,74,68,69,66,77,62,42,57,60,43,64,66,73,58,75,73,68,24,23,24,23,78,72,91,74,88,9,8,10,10,,,,2,3,1
Paraguay,D,Roberto Junior Fernández,24,Gustavo Caballero,FWD,N/A,N/A,N/A,N/A,N/A,N/A,N/A,N/A,N/A,N/A,N/A,N/A,N/A,N/A,N/A,N/A,N/A,N/A,N/A,N/A,N/A,N/A,N/A,N/A,N/A,N/A,N/A,N/A,N/A,N/A,N/A,N/A,N/A,N/A,N/A,N/A,N/A,N/A,N/A,N/A,N/A,N/A,N/A,N/A,N/A,N/A,N/A,N/A,N/A,N/A
Paraguay,D,Roberto Junior Fernández,25,Isidro Pitta,FWD,N/A,N/A,N/A,N/A,N/A,N/A,N/A,N/A,N/A,N/A,N/A,N/A,N/A,N/A,N/A,N/A,N/A,N/A,N/A,N/A,N/A,N/A,N/A,N/A,N/A,N/A,N/A,N/A,N/A,N/A,N/A,N/A,N/A,N/A,N/A,N/A,N/A,N/A,N/A,N/A,N/A,N/A,N/A,N/A,N/A,N/A,N/A,N/A,N/A,N/A
Turkey,D,Mert Gunok,1,Mert Gunok,GK,N/A,N/A,N/A,N/A,N/A,N/A,N/A,N/A,N/A,N/A,N/A,N/A,N/A,N/A,N/A,N/A,N/A,N/A,N/A,N/A,N/A,N/A,N/A,N/A,N/A,N/A,N/A,N/A,N/A,N/A,N/A,N/A,N/A,N/A,N/A,N/A,N/A,N/A,N/A,N/A,N/A,N/A,N/A,N/A,N/A,N/A,N/A,N/A,N/A,N/A
Turkey,D,Mert Gunok,12,Altay Bayindir,GK,N/A,N/A,N/A,N/A,N/A,N/A,N/A,N/A,N/A,N/A,N/A,N/A,N/A,N/A,N/A,N/A,N/A,N/A,N/A,N/A,N/A,N/A,N/A,N/A,N/A,N/A,N/A,N/A,N/A,N/A,N/A,N/A,N/A,N/A,N/A,N/A,N/A,N/A,N/A,N/A,N/A,N/A,N/A,N/A,N/A,N/A,N/A,N/A,N/A,N/A
Turkey,D,Mert Gunok,23,Ugurcan Cakir,GK,N/A,N/A,N/A,N/A,N/A,N/A,N/A,N/A,N/A,N/A,N/A,N/A,N/A,N/A,N/A,N/A,N/A,N/A,N/A,N/A,N/A,N/A,N/A,N/A,N/A,N/A,N/A,N/A,N/A,N/A,N/A,N/A,N/A,N/A,N/A,N/A,N/A,N/A,N/A,N/A,N/A,N/A,N/A,N/A,N/A,N/A,N/A,N/A,N/A,N/A
Turkey,D,Mert Gunok,2,Zeki Celik,DEF,N/A,N/A,N/A,N/A,N/A,N/A,N/A,N/A,N/A,N/A,N/A,N/A,N/A,N/A,N/A,N/A,N/A,N/A,N/A,N/A,N/A,N/A,N/A,N/A,N/A,N/A,N/A,N/A,N/A,N/A,N/A,N/A,N/A,N/A,N/A,N/A,N/A,N/A,N/A,N/A,N/A,N/A,N/A,N/A,N/A,N/A,N/A,N/A,N/A,N/A
Turkey,D,Mert Gunok,3,Merih Demiral,DEF,238160,Merih Demiral,CB,,78,73,39,49,61,79,81,66,78,32,60,38,42,41,26,64,61,48,23,31,38,57,63,63,63,68,74,77,77,82,78,77,83,86,69,85,15,7,13,6,,"Jockey,Anticipate,Slide Tackle,Aerial Fortress",,2,2,1
Turkey,D,Mert Gunok,4,Caglar Soyuncu,DEF,N/A,N/A,N/A,N/A,N/A,N/A,N/A,N/A,N/A,N/A,N/A,N/A,N/A,N/A,N/A,N/A,N/A,N/A,N/A,N/A,N/A,N/A,N/A,N/A,N/A,N/A,N/A,N/A,N/A,N/A,N/A,N/A,N/A,N/A,N/A,N/A,N/A,N/A,N/A,N/A,N/A,N/A,N/A,N/A,N/A,N/A,N/A,N/A,N/A,N/A
Turkey,D,Mert Gunok,13,Eren Elmali,DEF,N/A,N/A,N/A,N/A,N/A,N/A,N/A,N/A,N/A,N/A,N/A,N/A,N/A,N/A,N/A,N/A,N/A,N/A,N/A,N/A,N/A,N/A,N/A,N/A,N/A,N/A,N/A,N/A,N/A,N/A,N/A,N/A,N/A,N/A,N/A,N/A,N/A,N/A,N/A,N/A,N/A,N/A,N/A,N/A,N/A,N/A,N/A,N/A,N/A,N/A
Turkey,D,Mert Gunok,14,Abdulkerim Bardakci,DEF,N/A,N/A,N/A,N/A,N/A,N/A,N/A,N/A,N/A,N/A,N/A,N/A,N/A,N/A,N/A,N/A,N/A,N/A,N/A,N/A,N/A,N/A,N/A,N/A,N/A,N/A,N/A,N/A,N/A,N/A,N/A,N/A,N/A,N/A,N/A,N/A,N/A,N/A,N/A,N/A,N/A,N/A,N/A,N/A,N/A,N/A,N/A,N/A,N/A,N/A
Turkey,D,Mert Gunok,15,Ozan Kabak,DEF,239890,Ozan Kabak,CB,,75,60,37,59,66,74,79,52,67,35,48,30,28,51,30,75,74,32,31,26,65,64,70,65,63,65,67,68,70,78,80,76,85,88,65,82,10,13,10,6,,"Slide Tackle,Bruiser",,2,3,1
Turkey,D,Mert Gunok,18,Mert Muldur,DEF,N/A,N/A,N/A,N/A,N/A,N/A,N/A,N/A,N/A,N/A,N/A,N/A,N/A,N/A,N/A,N/A,N/A,N/A,N/A,N/A,N/A,N/A,N/A,N/A,N/A,N/A,N/A,N/A,N/A,N/A,N/A,N/A,N/A,N/A,N/A,N/A,N/A,N/A,N/A,N/A,N/A,N/A,N/A,N/A,N/A,N/A,N/A,N/A,N/A,N/A
Turkey,D,Mert Gunok,20,Ferdi Kadioglu,DEF,N/A,N/A,N/A,N/A,N/A,N/A,N/A,N/A,N/A,N/A,N/A,N/A,N/A,N/A,N/A,N/A,N/A,N/A,N/A,N/A,N/A,N/A,N/A,N/A,N/A,N/A,N/A,N/A,N/A,N/A,N/A,N/A,N/A,N/A,N/A,N/A,N/A,N/A,N/A,N/A,N/A,N/A,N/A,N/A,N/A,N/A,N/A,N/A,N/A,N/A
Turkey,D,Mert Gunok,22,Kaan Ayhan,DEF,207790,Kaan Ayhan,RB,"CB,CDM",76,57,62,77,69,78,77,55,59,54,79,71,40,45,69,75,78,79,75,75,80,65,78,55,67,75,80,77,81,78,74,73,77,78,71,79,16,10,8,14,,"Pinged Pass,First Touch",,3,3,1
Turkey,D,Mert Gunok,25,Samet Akaydin,DEF,N/A,N/A,N/A,N/A,N/A,N/A,N/A,N/A,N/A,N/A,N/A,N/A,N/A,N/A,N/A,N/A,N/A,N/A,N/A,N/A,N/A,N/A,N/A,N/A,N/A,N/A,N/A,N/A,N/A,N/A,N/A,N/A,N/A,N/A,N/A,N/A,N/A,N/A,N/A,N/A,N/A,N/A,N/A,N/A,N/A,N/A,N/A,N/A,N/A,N/A
Turkey,D,Mert Gunok,5,Salih Özcan,MID,235407,Salih Özcan,CDM,"CM,CB",75,70,59,68,73,75,79,75,66,59,65,53,51,57,64,74,71,59,53,62,66,72,71,76,83,72,70,78,74,76,73,71,83,84,75,78,13,7,9,9,,Bruiser,,2,3,1
Turkey,D,Mert Gunok,6,Orkun Kokcu,MID,N/A,N/A,N/A,N/A,N/A,N/A,N/A,N/A,N/A,N/A,N/A,N/A,N/A,N/A,N/A,N/A,N/A,N/A,N/A,N/A,N/A,N/A,N/A,N/A,N/A,N/A,N/A,N/A,N/A,N/A,N/A,N/A,N/A,N/A,N/A,N/A,N/A,N/A,N/A,N/A,N/A,N/A,N/A,N/A,N/A,N/A,N/A,N/A,N/A,N/A
Turkey,D,Mert Gunok,8,Arda Guler,MID,N/A,N/A,N/A,N/A,N/A,N/A,N/A,N/A,N/A,N/A,N/A,N/A,N/A,N/A,N/A,N/A,N/A,N/A,N/A,N/A,N/A,N/A,N/A,N/A,N/A,N/A,N/A,N/A,N/A,N/A,N/A,N/A,N/A,N/A,N/A,N/A,N/A,N/A,N/A,N/A,N/A,N/A,N/A,N/A,N/A,N/A,N/A,N/A,N/A,N/A
Turkey,D,Mert Gunok,10,Hakan Calhanoglu,MID,N/A,N/A,N/A,N/A,N/A,N/A,N/A,N/A,N/A,N/A,N/A,N/A,N/A,N/A,N/A,N/A,N/A,N/A,N/A,N/A,N/A,N/A,N/A,N/A,N/A,N/A,N/A,N/A,N/A,N/A,N/A,N/A,N/A,N/A,N/A,N/A,N/A,N/A,N/A,N/A,N/A,N/A,N/A,N/A,N/A,N/A,N/A,N/A,N/A,N/A
Turkey,D,Mert Gunok,16,Ismail Yuksek,MID,N/A,N/A,N/A,N/A,N/A,N/A,N/A,N/A,N/A,N/A,N/A,N/A,N/A,N/A,N/A,N/A,N/A,N/A,N/A,N/A,N/A,N/A,N/A,N/A,N/A,N/A,N/A,N/A,N/A,N/A,N/A,N/A,N/A,N/A,N/A,N/A,N/A,N/A,N/A,N/A,N/A,N/A,N/A,N/A,N/A,N/A,N/A,N/A,N/A,N/A
Switzerland,B,Gregor Kobel,22,Fabian Rieder,MID,259306,Fabian Rieder,CAM,"CM,RM",74,74,69,71,75,51,62,75,73,70,73,73,42,64,69,75,74,75,74,54,79,74,75,79,82,67,74,54,45,59,53,38,53,58,75,59,13,9,12,13,,"Dead Ball,Incisive Pass,Long Ball Pass,Whipped Pass,First Touch",,3,3,2
Turkey,D,Mert Gunok,7,Kerem Akturkoglu,FWD,N/A,N/A,N/A,N/A,N/A,N/A,N/A,N/A,N/A,N/A,N/A,N/A,N/A,N/A,N/A,N/A,N/A,N/A,N/A,N/A,N/A,N/A,N/A,N/A,N/A,N/A,N/A,N/A,N/A,N/A,N/A,N/A,N/A,N/A,N/A,N/A,N/A,N/A,N/A,N/A,N/A,N/A,N/A,N/A,N/A,N/A,N/A,N/A,N/A,N/A
Turkey,D,Mert Gunok,9,Deniz Gul,FWD,N/A,N/A,N/A,N/A,N/A,N/A,N/A,N/A,N/A,N/A,N/A,N/A,N/A,N/A,N/A,N/A,N/A,N/A,N/A,N/A,N/A,N/A,N/A,N/A,N/A,N/A,N/A,N/A,N/A,N/A,N/A,N/A,N/A,N/A,N/A,N/A,N/A,N/A,N/A,N/A,N/A,N/A,N/A,N/A,N/A,N/A,N/A,N/A,N/A,N/A
Turkey,D,Mert Gunok,11,Kenan Yildiz,FWD,N/A,N/A,N/A,N/A,N/A,N/A,N/A,N/A,N/A,N/A,N/A,N/A,N/A,N/A,N/A,N/A,N/A,N/A,N/A,N/A,N/A,N/A,N/A,N/A,N/A,N/A,N/A,N/A,N/A,N/A,N/A,N/A,N/A,N/A,N/A,N/A,N/A,N/A,N/A,N/A,N/A,N/A,N/A,N/A,N/A,N/A,N/A,N/A,N/A,N/A
Turkey,D,Mert Gunok,17,Irfan Can Kahveci,FWD,N/A,N/A,N/A,N/A,N/A,N/A,N/A,N/A,N/A,N/A,N/A,N/A,N/A,N/A,N/A,N/A,N/A,N/A,N/A,N/A,N/A,N/A,N/A,N/A,N/A,N/A,N/A,N/A,N/A,N/A,N/A,N/A,N/A,N/A,N/A,N/A,N/A,N/A,N/A,N/A,N/A,N/A,N/A,N/A,N/A,N/A,N/A,N/A,N/A,N/A
Turkey,D,Mert Gunok,19,Yunus Akgun,FWD,N/A,N/A,N/A,N/A,N/A,N/A,N/A,N/A,N/A,N/A,N/A,N/A,N/A,N/A,N/A,N/A,N/A,N/A,N/A,N/A,N/A,N/A,N/A,N/A,N/A,N/A,N/A,N/A,N/A,N/A,N/A,N/A,N/A,N/A,N/A,N/A,N/A,N/A,N/A,N/A,N/A,N/A,N/A,N/A,N/A,N/A,N/A,N/A,N/A,N/A
Turkey,D,Mert Gunok,21,Baris Alper Yilmaz,FWD,N/A,N/A,N/A,N/A,N/A,N/A,N/A,N/A,N/A,N/A,N/A,N/A,N/A,N/A,N/A,N/A,N/A,N/A,N/A,N/A,N/A,N/A,N/A,N/A,N/A,N/A,N/A,N/A,N/A,N/A,N/A,N/A,N/A,N/A,N/A,N/A,N/A,N/A,N/A,N/A,N/A,N/A,N/A,N/A,N/A,N/A,N/A,N/A,N/A,N/A
Turkey,D,Mert Gunok,24,Oguz Aydin,FWD,N/A,N/A,N/A,N/A,N/A,N/A,N/A,N/A,N/A,N/A,N/A,N/A,N/A,N/A,N/A,N/A,N/A,N/A,N/A,N/A,N/A,N/A,N/A,N/A,N/A,N/A,N/A,N/A,N/A,N/A,N/A,N/A,N/A,N/A,N/A,N/A,N/A,N/A,N/A,N/A,N/A,N/A,N/A,N/A,N/A,N/A,N/A,N/A,N/A,N/A
Sweden,F,Jacob Widell Zetterström,1,Jacob Widell Zetterström,GK,247022,Jacob Widell Zetterström,GK,,71,,,,,,,,,,,,,,,,,,,,,,,,,,,,,,,,,,,,75,70,59,67,74,"Far Throw,Footwork,Cross Claimer",,1,3,1
New Zealand,G,Max Crocombe,12,Alex Paulsen,GK,263851,Alex Paulsen,GK,,71,,,,,,,,,,,,,,,,,,,,,,,,,,,,,,,,,,,,72,66,73,64,74,Long Ball Pass,,1,4,1
France,I,Brice Samba,23,Robin Risser,GK,271918,Robin Risser,GK,,71,,,,,,,,,,,,,,,,,,,,,,,,,,,,,,,,,,,,71,72,64,67,71,,,1,3,1
USA,D,Matt Turner,2,Sergiño Dest,DEF,251804,Sergiño Dest,RB,"LB,RM",79,87,60,75,83,72,72,89,86,60,65,62,46,39,73,80,71,74,43,76,76,84,82,89,88,77,75,73,72,76,75,59,73,78,76,68,11,10,10,15,,"Inventive,Technical,Quick Step,Relentless",,4,4,1
USA,D,Matt Turner,3,Chris Richards,DEF,250954,Chris Richards,CB,,77,66,27,58,62,78,77,64,67,23,36,22,26,37,38,70,65,45,24,44,55,59,64,60,58,76,61,78,77,78,79,76,74,83,71,80,13,5,13,7,,,,2,3,1
USA,D,Matt Turner,5,Antonee Robinson,DEF,229348,Antonee Robinson,LB,LM,82,88,46,75,77,78,80,87,89,44,46,43,45,45,76,76,74,80,39,81,78,79,77,73,71,80,73,83,78,81,76,64,83,81,90,73,12,9,15,14,,"Long Ball Pass,Whipped Pass,Jockey,Intercept,Rapid,Relentless",,3,3,2
USA,D,Matt Turner,6,Auston Trusty,DEF,235755,Auston Trusty,CB,LB,74,78,47,56,60,72,83,74,81,42,56,49,39,52,47,65,63,48,29,53,48,59,62,55,53,74,68,70,71,75,72,74,78,88,81,85,13,14,11,10,,,,2,3,2
USA,D,Matt Turner,12,Miles Robinson,DEF,237255,Miles Robinson,CB,,73,82,35,55,67,72,79,83,81,29,49,27,36,41,52,75,62,29,22,26,58,66,68,74,39,74,69,68,74,73,70,69,76,86,78,80,13,7,9,5,,,,2,4,1
USA,D,Matt Turner,13,Tim Ream,DEF,198261,Tim Ream,CB,LB,72,39,44,69,60,74,73,38,39,41,53,41,52,50,41,75,71,66,53,62,69,54,70,40,63,70,80,74,74,74,70,74,67,62,79,73,15,14,15,8,,,,2,3,2
USA,D,Matt Turner,16,Alex Freeman,DEF,267920,Alex Freeman,RB,,65,82,57,62,67,58,73,83,82,60,60,53,34,51,59,65,61,58,47,64,60,67,66,75,70,58,56,50,60,61,58,58,58,82,76,77,12,11,10,10,,,,2,3,1
USA,D,Matt Turner,18,Max Arfsten,DEF,274535,Max Arfsten,LM,"RM,CAM,LW",67,75,61,60,69,60,65,73,76,66,66,49,55,56,63,64,57,69,30,63,58,70,69,77,65,62,60,60,60,62,59,57,47,72,69,70,13,9,5,7,,,,3,5,2
USA,D,Matt Turner,22,Mark McKenzie,DEF,242195,Mark McKenzie,CB,,74,80,36,50,64,73,78,78,82,37,34,40,28,30,40,72,68,26,24,25,37,59,66,70,67,72,69,73,72,76,75,69,74,84,75,80,9,11,10,11,,,,2,5,1
USA,D,Matt Turner,23,Joe Scally,DEF,243133,Joe Scally,RB,"CB,LB,RM",74,83,49,60,69,71,76,80,85,49,51,50,29,39,62,69,58,60,28,54,59,68,68,77,74,69,60,71,71,74,72,64,69,80,85,74,12,7,10,10,,Anticipate,,2,3,1
USA,D,Matt Turner,4,Tyler Adams,MID,232999,Tyler Adams,CDM,CM,79,79,56,71,75,79,75,85,74,52,68,58,40,52,65,78,74,68,42,63,72,73,76,77,85,77,77,83,77,82,79,65,85,79,79,68,6,13,12,8,,,,3,3,1
USA,D,Matt Turner,7,Gio Reyna,MID,245541,Giovanni Reyna,RM,"CAM,LM,RW",75,67,72,72,80,38,68,71,63,71,78,74,76,50,72,75,66,78,64,70,75,82,79,81,78,74,75,39,36,37,37,49,55,69,65,74,10,13,14,12,,"Finesse Shot,Technical",,4,2,1
USA,D,Matt Turner,8,Weston McKennie,MID,238744,Weston McKennie,CM,"CDM,CAM",78,77,71,77,77,80,80,75,78,68,76,73,77,61,78,78,77,77,63,78,76,78,78,68,69,77,78,78,78,82,75,86,82,91,81,77,7,9,12,9,,"Incisive Pass,Aerial Fortress,Long Throw",,3,3,1
Turkey,D,Mert Gunok,26,Can Uzun,MID,275328,Can Uzun,CAM,"ST,CM",74,62,75,66,77,25,62,75,52,77,75,75,68,66,75,73,64,75,59,53,69,79,76,80,78,73,70,25,19,21,20,61,43,73,67,66,5,7,15,10,,"Finesse Shot,Gamechanger,Technical,First Touch",,4,3,1
USA,D,Matt Turner,14,Sebastian Berhalter,MID,255205,Sebastian Berhalter,CM,"RM,CDM,RW",67,71,54,66,67,65,71,72,71,55,56,51,48,53,62,69,66,60,59,65,66,64,66,79,75,69,66,64,69,71,59,47,74,63,86,63,10,8,12,9,,,,2,2,1
USA,D,Matt Turner,15,Cristian Roldan,MID,226807,Cristian Roldan,CDM,"RM,CM,RW",74,77,64,69,73,71,79,77,77,60,69,70,58,56,74,74,67,70,48,68,69,71,73,77,84,78,70,69,72,72,68,72,86,84,85,73,13,7,12,16,,"Long Ball Pass,Rapid,Relentless",,3,4,1
Japan,F,Zion Suzuki,18,Ayase Ueda,FWD,252162,Ayase Ueda,ST,,74,74,75,58,69,28,69,75,73,78,73,68,74,76,78,65,43,63,64,47,64,65,69,76,64,76,79,23,22,22,22,78,58,91,72,70,7,12,14,15,,Precision Header,,3,3,1
USA,D,Matt Turner,10,Christian Pulisic,FWD,227796,Christian Pulisic,RW,"RM,CAM",84,88,82,80,86,46,65,90,86,85,81,80,76,80,84,81,75,84,75,80,80,86,86,88,81,85,83,40,50,42,50,50,70,70,76,57,8,12,13,16,,"Dead Ball,Low Driven Shot,Incisive Pass,Quick Step",,4,5,1
USA,D,Matt Turner,11,Brenden Aaronson,MID,247361,Brenden Aaronson,CAM,CM,74,80,66,70,78,57,61,81,79,66,67,67,59,62,73,73,65,67,67,64,74,79,77,77,81,73,70,55,59,61,46,49,54,63,84,53,12,13,7,7,,Relentless,,3,3,1
Cape Verde,H,Josimar Vozinha Dias,21,Nuno da Costa,FWD,230857,Nuno da Costa,ST,,74,82,73,63,73,27,65,80,83,76,77,66,60,69,75,68,54,52,52,60,67,72,76,76,76,69,64,37,15,17,20,77,49,85,69,68,14,15,7,12,,"Precision Header,Technical,Quick Step",,3,3,1
Austria,J,Alexander Schlager,14,Saša Kalajdžić,FWD,239901,Saša Kalajdžić,ST,,74,50,72,67,68,45,64,51,49,77,74,62,73,57,77,74,64,50,47,59,75,74,75,31,31,78,74,34,39,46,47,83,44,84,41,82,7,6,13,14,,,,3,3,1
USA,D,Matt Turner,21,Tim Weah,FWD,241496,Timothy Weah,RM,RB,77,87,75,72,78,68,65,86,88,74,79,76,74,60,75,75,72,74,53,75,69,77,78,86,74,75,74,66,68,69,70,67,72,76,70,59,7,9,12,15,,"Finesse Shot,Rapid,Quick Step",,3,3,1
USA,D,Matt Turner,26,Alejandro Zendejas,FWD,N/A,N/A,N/A,N/A,N/A,N/A,N/A,N/A,N/A,N/A,N/A,N/A,N/A,N/A,N/A,N/A,N/A,N/A,N/A,N/A,N/A,N/A,N/A,N/A,N/A,N/A,N/A,N/A,N/A,N/A,N/A,N/A,N/A,N/A,N/A,N/A,N/A,N/A,N/A,N/A,N/A,N/A,N/A,N/A,N/A,N/A,N/A,N/A,N/A,N/A
Curaçao,E,Eloy Room,1,Eloy Room,GK,N/A,N/A,N/A,N/A,N/A,N/A,N/A,N/A,N/A,N/A,N/A,N/A,N/A,N/A,N/A,N/A,N/A,N/A,N/A,N/A,N/A,N/A,N/A,N/A,N/A,N/A,N/A,N/A,N/A,N/A,N/A,N/A,N/A,N/A,N/A,N/A,N/A,N/A,N/A,N/A,N/A,N/A,N/A,N/A,N/A,N/A,N/A,N/A,N/A,N/A
Curaçao,E,Eloy Room,25,Tyrick Bodak,GK,N/A,N/A,N/A,N/A,N/A,N/A,N/A,N/A,N/A,N/A,N/A,N/A,N/A,N/A,N/A,N/A,N/A,N/A,N/A,N/A,N/A,N/A,N/A,N/A,N/A,N/A,N/A,N/A,N/A,N/A,N/A,N/A,N/A,N/A,N/A,N/A,N/A,N/A,N/A,N/A,N/A,N/A,N/A,N/A,N/A,N/A,N/A,N/A,N/A,N/A
Curaçao,E,Eloy Room,26,Trevor Doornbusch,GK,N/A,N/A,N/A,N/A,N/A,N/A,N/A,N/A,N/A,N/A,N/A,N/A,N/A,N/A,N/A,N/A,N/A,N/A,N/A,N/A,N/A,N/A,N/A,N/A,N/A,N/A,N/A,N/A,N/A,N/A,N/A,N/A,N/A,N/A,N/A,N/A,N/A,N/A,N/A,N/A,N/A,N/A,N/A,N/A,N/A,N/A,N/A,N/A,N/A,N/A
Curaçao,E,Eloy Room,2,Shurandy Sambo,DEF,260099,Shurandy Sambo,RB,RM,68,78,45,59,67,63,72,77,78,41,59,40,39,39,57,64,60,52,36,60,58,65,66,74,74,65,65,65,64,63,64,58,68,76,76,71,7,8,5,13,,Block,,3,3,1
Curaçao,E,Eloy Room,3,Juriën Gaari,DEF,N/A,N/A,N/A,N/A,N/A,N/A,N/A,N/A,N/A,N/A,N/A,N/A,N/A,N/A,N/A,N/A,N/A,N/A,N/A,N/A,N/A,N/A,N/A,N/A,N/A,N/A,N/A,N/A,N/A,N/A,N/A,N/A,N/A,N/A,N/A,N/A,N/A,N/A,N/A,N/A,N/A,N/A,N/A,N/A,N/A,N/A,N/A,N/A,N/A,N/A
Curaçao,E,Eloy Room,4,Roshon van Eijma,DEF,N/A,N/A,N/A,N/A,N/A,N/A,N/A,N/A,N/A,N/A,N/A,N/A,N/A,N/A,N/A,N/A,N/A,N/A,N/A,N/A,N/A,N/A,N/A,N/A,N/A,N/A,N/A,N/A,N/A,N/A,N/A,N/A,N/A,N/A,N/A,N/A,N/A,N/A,N/A,N/A,N/A,N/A,N/A,N/A,N/A,N/A,N/A,N/A,N/A,N/A
Curaçao,E,Eloy Room,5,Sherel Floranus,DEF,233098,Sherel Floranus,RB,"LB,LM",66,82,42,55,67,62,73,76,86,36,55,38,43,40,61,60,63,55,34,55,44,67,64,81,69,64,65,62,61,63,60,60,70,78,73,73,9,9,15,9,,,,2,2,1
Curaçao,E,Eloy Room,18,Armando Obispo,DEF,241171,Armando Obispo,CB,,73,70,42,60,66,72,76,69,70,35,64,41,37,39,29,75,73,41,58,41,47,62,70,69,64,70,66,72,72,70,75,74,72,83,69,80,12,14,11,8,,Precision Header,,2,2,2
Curaçao,E,Eloy Room,20,Joshua Brenet,DEF,N/A,N/A,N/A,N/A,N/A,N/A,N/A,N/A,N/A,N/A,N/A,N/A,N/A,N/A,N/A,N/A,N/A,N/A,N/A,N/A,N/A,N/A,N/A,N/A,N/A,N/A,N/A,N/A,N/A,N/A,N/A,N/A,N/A,N/A,N/A,N/A,N/A,N/A,N/A,N/A,N/A,N/A,N/A,N/A,N/A,N/A,N/A,N/A,N/A,N/A
Curaçao,E,Eloy Room,23,Riechedly Bazoer,DEF,212269,Riechedly Bazoer,CB,CDM,74,67,68,73,74,74,74,65,69,64,77,74,68,54,64,74,78,74,63,72,73,75,74,68,74,75,79,73,75,75,74,72,73,74,63,80,6,11,12,14,,"Press Proven,Bruiser",,3,4,1
Curaçao,E,Eloy Room,24,Deveron Fonville,DEF,N/A,N/A,N/A,N/A,N/A,N/A,N/A,N/A,N/A,N/A,N/A,N/A,N/A,N/A,N/A,N/A,N/A,N/A,N/A,N/A,N/A,N/A,N/A,N/A,N/A,N/A,N/A,N/A,N/A,N/A,N/A,N/A,N/A,N/A,N/A,N/A,N/A,N/A,N/A,N/A,N/A,N/A,N/A,N/A,N/A,N/A,N/A,N/A,N/A,N/A
Curaçao,E,Eloy Room,6,Godfried Roemeratoe,MID,N/A,N/A,N/A,N/A,N/A,N/A,N/A,N/A,N/A,N/A,N/A,N/A,N/A,N/A,N/A,N/A,N/A,N/A,N/A,N/A,N/A,N/A,N/A,N/A,N/A,N/A,N/A,N/A,N/A,N/A,N/A,N/A,N/A,N/A,N/A,N/A,N/A,N/A,N/A,N/A,N/A,N/A,N/A,N/A,N/A,N/A,N/A,N/A,N/A,N/A
Curaçao,E,Eloy Room,7,Juninho Bacuna,MID,226677,Juninho Bacuna,CDM,"LM,CM",69,73,68,69,72,63,76,75,71,62,80,71,61,59,68,69,70,72,67,70,69,71,75,73,71,66,65,62,65,65,59,61,84,77,72,74,6,11,8,14,,Long Ball Pass,,4,4,1
Curaçao,E,Eloy Room,8,Livano Comenencia,MID,275206,Livano Comenencia,RB,"CB,CDM,RM",62,74,43,55,61,57,61,74,74,40,54,36,33,47,57,59,64,44,41,51,53,58,62,70,66,60,66,58,55,58,57,58,63,68,60,59,12,6,13,7,,,,2,3,1
Curaçao,E,Eloy Room,10,Leandro Bacuna,MID,N/A,N/A,N/A,N/A,N/A,N/A,N/A,N/A,N/A,N/A,N/A,N/A,N/A,N/A,N/A,N/A,N/A,N/A,N/A,N/A,N/A,N/A,N/A,N/A,N/A,N/A,N/A,N/A,N/A,N/A,N/A,N/A,N/A,N/A,N/A,N/A,N/A,N/A,N/A,N/A,N/A,N/A,N/A,N/A,N/A,N/A,N/A,N/A,N/A,N/A
Curaçao,E,Eloy Room,13,Tyrese Noslin,MID,N/A,N/A,N/A,N/A,N/A,N/A,N/A,N/A,N/A,N/A,N/A,N/A,N/A,N/A,N/A,N/A,N/A,N/A,N/A,N/A,N/A,N/A,N/A,N/A,N/A,N/A,N/A,N/A,N/A,N/A,N/A,N/A,N/A,N/A,N/A,N/A,N/A,N/A,N/A,N/A,N/A,N/A,N/A,N/A,N/A,N/A,N/A,N/A,N/A,N/A
Curaçao,E,Eloy Room,15,Ar'jany Martha,MID,264221,Ar'jany Martha,LB,LM,64,82,49,60,67,56,54,86,78,48,54,45,48,49,57,64,55,63,46,62,57,64,66,87,68,64,58,63,55,55,53,51,58,54,67,46,14,8,12,9,,,,3,2,2
Curaçao,E,Eloy Room,22,Kevin Felida,MID,N/A,N/A,N/A,N/A,N/A,N/A,N/A,N/A,N/A,N/A,N/A,N/A,N/A,N/A,N/A,N/A,N/A,N/A,N/A,N/A,N/A,N/A,N/A,N/A,N/A,N/A,N/A,N/A,N/A,N/A,N/A,N/A,N/A,N/A,N/A,N/A,N/A,N/A,N/A,N/A,N/A,N/A,N/A,N/A,N/A,N/A,N/A,N/A,N/A,N/A
Curaçao,E,Eloy Room,9,Jürgen Locadia,FWD,N/A,N/A,N/A,N/A,N/A,N/A,N/A,N/A,N/A,N/A,N/A,N/A,N/A,N/A,N/A,N/A,N/A,N/A,N/A,N/A,N/A,N/A,N/A,N/A,N/A,N/A,N/A,N/A,N/A,N/A,N/A,N/A,N/A,N/A,N/A,N/A,N/A,N/A,N/A,N/A,N/A,N/A,N/A,N/A,N/A,N/A,N/A,N/A,N/A,N/A
Curaçao,E,Eloy Room,11,Jeremy Antonisse,FWD,N/A,N/A,N/A,N/A,N/A,N/A,N/A,N/A,N/A,N/A,N/A,N/A,N/A,N/A,N/A,N/A,N/A,N/A,N/A,N/A,N/A,N/A,N/A,N/A,N/A,N/A,N/A,N/A,N/A,N/A,N/A,N/A,N/A,N/A,N/A,N/A,N/A,N/A,N/A,N/A,N/A,N/A,N/A,N/A,N/A,N/A,N/A,N/A,N/A,N/A
Curaçao,E,Eloy Room,12,Sontje Hansen,FWD,254752,Sontje Hansen,LM,"RM,LW",69,87,63,62,72,29,57,87,87,63,66,63,62,62,60,63,53,59,50,62,69,73,70,80,80,60,64,21,22,32,27,55,50,64,66,55,7,10,8,7,,Rapid,,4,4,1
Curaçao,E,Eloy Room,14,Kenji Gorré,FWD,N/A,N/A,N/A,N/A,N/A,N/A,N/A,N/A,N/A,N/A,N/A,N/A,N/A,N/A,N/A,N/A,N/A,N/A,N/A,N/A,N/A,N/A,N/A,N/A,N/A,N/A,N/A,N/A,N/A,N/A,N/A,N/A,N/A,N/A,N/A,N/A,N/A,N/A,N/A,N/A,N/A,N/A,N/A,N/A,N/A,N/A,N/A,N/A,N/A,N/A
Curaçao,E,Eloy Room,16,Jearl Margaritha,FWD,N/A,N/A,N/A,N/A,N/A,N/A,N/A,N/A,N/A,N/A,N/A,N/A,N/A,N/A,N/A,N/A,N/A,N/A,N/A,N/A,N/A,N/A,N/A,N/A,N/A,N/A,N/A,N/A,N/A,N/A,N/A,N/A,N/A,N/A,N/A,N/A,N/A,N/A,N/A,N/A,N/A,N/A,N/A,N/A,N/A,N/A,N/A,N/A,N/A,N/A
Curaçao,E,Eloy Room,17,Brandley Kuwas,FWD,228666,Brandley Kuwas,LM,"RM,LW",67,71,69,65,70,33,62,70,72,65,78,71,66,56,67,64,57,73,76,66,66,70,70,70,75,64,69,24,39,35,20,39,50,60,55,71,11,10,14,10,,,,4,2,2
Curaçao,E,Eloy Room,19,Gervane Kastaneer,FWD,N/A,N/A,N/A,N/A,N/A,N/A,N/A,N/A,N/A,N/A,N/A,N/A,N/A,N/A,N/A,N/A,N/A,N/A,N/A,N/A,N/A,N/A,N/A,N/A,N/A,N/A,N/A,N/A,N/A,N/A,N/A,N/A,N/A,N/A,N/A,N/A,N/A,N/A,N/A,N/A,N/A,N/A,N/A,N/A,N/A,N/A,N/A,N/A,N/A,N/A
Algeria,J,Melvin Mastil,10,Farès Chaïbi,MID,270670,Farès Chaïbi,CAM,"LW,ST,CM",74,69,68,75,76,68,69,70,69,71,70,63,52,61,73,76,75,74,68,76,76,77,76,74,74,74,71,69,67,69,68,65,68,72,68,69,10,13,12,12,,"Finesse Shot,Technical",,4,3,1
Algeria,J,Melvin Mastil,23,Luca Zidane,GK,240311,Luca Zidane,GK,,71,,,,,,,,,,,,,,,,,,,,,,,,,,,,,,,,,,,,72,70,66,71,70,"Long Ball Pass,Far Throw,Footwork",,1,3,1
Ecuador,E,Hernán Galíndez,12,Moisés Ramírez,GK,N/A,N/A,N/A,N/A,N/A,N/A,N/A,N/A,N/A,N/A,N/A,N/A,N/A,N/A,N/A,N/A,N/A,N/A,N/A,N/A,N/A,N/A,N/A,N/A,N/A,N/A,N/A,N/A,N/A,N/A,N/A,N/A,N/A,N/A,N/A,N/A,N/A,N/A,N/A,N/A,N/A,N/A,N/A,N/A,N/A,N/A,N/A,N/A,N/A,N/A
Czechia,A,Matej Kovar,23,Lukas Hornicek,GK,258936,Lukas Hornicek,GK,,72,,,,,,,,,,,,,,,,,,,,,,,,,,,,,,,,,,,,72,67,69,75,75,,,1,2,1
Ecuador,E,Hernán Galíndez,2,Félix Torres,DEF,N/A,N/A,N/A,N/A,N/A,N/A,N/A,N/A,N/A,N/A,N/A,N/A,N/A,N/A,N/A,N/A,N/A,N/A,N/A,N/A,N/A,N/A,N/A,N/A,N/A,N/A,N/A,N/A,N/A,N/A,N/A,N/A,N/A,N/A,N/A,N/A,N/A,N/A,N/A,N/A,N/A,N/A,N/A,N/A,N/A,N/A,N/A,N/A,N/A,N/A
Ecuador,E,Hernán Galíndez,3,Piero Hincapié,DEF,256197,Piero Hincapié,CB,"LB,LM",83,84,41,65,72,84,82,80,88,41,50,31,33,33,60,78,74,56,32,55,57,70,74,74,69,82,76,83,83,85,88,79,87,88,85,77,9,15,10,6,,"Jockey,Block",Slide Tackle+,3,2,2
Ecuador,E,Hernán Galíndez,4,Joel Ordóñez,DEF,N/A,N/A,N/A,N/A,N/A,N/A,N/A,N/A,N/A,N/A,N/A,N/A,N/A,N/A,N/A,N/A,N/A,N/A,N/A,N/A,N/A,N/A,N/A,N/A,N/A,N/A,N/A,N/A,N/A,N/A,N/A,N/A,N/A,N/A,N/A,N/A,N/A,N/A,N/A,N/A,N/A,N/A,N/A,N/A,N/A,N/A,N/A,N/A,N/A,N/A
Ecuador,E,Hernán Galíndez,6,Willian Pacho,DEF,256196,Willian Pacho,CB,,86,80,34,62,62,86,86,74,84,30,46,29,26,39,36,77,69,47,38,46,58,52,69,63,60,85,81,83,88,88,81,82,86,90,78,89,9,12,12,13,,"Jockey,Block,Anticipate",Bruiser+,2,3,2
Ecuador,E,Hernán Galíndez,7,Pervis Estupiñán,DEF,237942,Pervis Estupiñán,LB,LM,79,76,57,77,78,75,72,77,76,48,67,65,38,65,70,79,72,78,79,79,72,80,79,74,73,77,72,77,72,78,76,70,70,77,81,68,14,7,14,7,,,,3,3,2
Ecuador,E,Hernán Galíndez,17,Ángelo Preciado,DEF,246055,Ángelo Preciado,RM,"RB,RW",75,87,62,70,76,66,71,89,85,61,62,69,48,58,69,74,64,50,51,75,70,76,75,79,72,72,74,69,67,68,69,51,68,74,77,68,14,12,11,13,,Rapid,,3,3,1
Ecuador,E,Hernán Galíndez,25,Jackson Porozo,DEF,N/A,N/A,N/A,N/A,N/A,N/A,N/A,N/A,N/A,N/A,N/A,N/A,N/A,N/A,N/A,N/A,N/A,N/A,N/A,N/A,N/A,N/A,N/A,N/A,N/A,N/A,N/A,N/A,N/A,N/A,N/A,N/A,N/A,N/A,N/A,N/A,N/A,N/A,N/A,N/A,N/A,N/A,N/A,N/A,N/A,N/A,N/A,N/A,N/A,N/A
Ecuador,E,Hernán Galíndez,26,Yaimar Medina,DEF,271417,Yaimar Medina,LB,"LW,LM",70,91,58,64,67,61,64,91,91,61,63,52,41,48,61,65,58,68,70,70,59,66,66,77,77,68,52,63,59,64,64,46,55,71,71,64,14,8,13,11,,"Rapid,Quick Step",,3,2,2
Ecuador,E,Hernán Galíndez,5,Jordy Alcívar,MID,254039,Jordy Alcívar,CDM,"CM,LM",68,66,65,66,67,63,71,68,65,61,67,71,52,71,66,70,69,69,70,52,70,66,64,70,81,69,68,65,66,64,55,54,60,66,81,70,11,13,5,8,,Tiki Taka,,2,3,1
Ecuador,E,Hernán Galíndez,18,Denil Castillo,MID,277197,Denil Castillo,CM,,67,60,52,67,65,64,71,61,59,49,58,54,43,52,57,72,68,57,53,61,68,66,68,59,68,66,55,63,69,64,63,53,68,66,71,72,8,5,9,12,,,,2,3,1
Ecuador,E,Hernán Galíndez,21,Alan Franco,MID,N/A,N/A,N/A,N/A,N/A,N/A,N/A,N/A,N/A,N/A,N/A,N/A,N/A,N/A,N/A,N/A,N/A,N/A,N/A,N/A,N/A,N/A,N/A,N/A,N/A,N/A,N/A,N/A,N/A,N/A,N/A,N/A,N/A,N/A,N/A,N/A,N/A,N/A,N/A,N/A,N/A,N/A,N/A,N/A,N/A,N/A,N/A,N/A,N/A,N/A
Ecuador,E,Hernán Galíndez,23,Moisés Caicedo,MID,256079,Moisés Caicedo,CDM,CM,87,71,64,78,81,84,82,76,66,57,75,72,60,55,63,85,84,73,55,65,79,79,83,80,79,84,83,87,83,86,87,70,85,80,90,77,15,6,13,9,,"Pinged Pass,Tiki Taka,Intercept,Anticipate,Press Proven,Relentless",Slide Tackle+,3,3,1
Ecuador,E,Hernán Galíndez,8,Anthony Valencia,FWD,256199,Anthony Valencia,RM,RW,67,82,59,61,74,52,53,84,80,56,64,64,51,59,59,64,56,65,57,61,60,74,72,92,90,54,62,57,43,59,53,48,65,56,63,43,13,13,8,14,,Gamechanger,,4,1,2
Uzbekistan,K,Utkir Yusupov,14,Eldor Shomurodov,FWD,239964,Eldor Shomurodov,ST,,74,79,71,64,75,40,66,82,76,73,73,66,73,65,77,68,58,66,53,59,67,75,77,75,65,72,74,39,37,34,31,73,64,83,63,66,8,11,5,7,,"Chip Shot,Enforcer",,3,4,1
South Korea,A,Kim Seung-gyu,26,Lee Dong-gyeong,MID,245054,Lee Dong Kyeong,CAM,"ST,CM",75,77,75,73,75,59,76,75,79,73,77,78,69,68,76,75,71,72,75,73,73,75,76,74,84,74,62,60,57,63,56,52,70,71,90,71,7,9,14,9,,"Low Driven Shot,Gamechanger,Pinged Pass,Inventive",,4,5,2
Czechia,A,Matej Kovar,19,Tomas Chory,FWD,244793,Tomáš Chorý,ST,,75,57,75,60,64,32,88,47,65,76,77,68,75,73,79,69,55,49,68,44,67,66,72,38,32,75,74,22,27,26,31,86,89,88,75,95,5,6,11,10,,"Precision Header,Press Proven",Aerial Fortress,2,3,1
Ecuador,E,Hernán Galíndez,13,Enner Valencia,FWD,N/A,N/A,N/A,N/A,N/A,N/A,N/A,N/A,N/A,N/A,N/A,N/A,N/A,N/A,N/A,N/A,N/A,N/A,N/A,N/A,N/A,N/A,N/A,N/A,N/A,N/A,N/A,N/A,N/A,N/A,N/A,N/A,N/A,N/A,N/A,N/A,N/A,N/A,N/A,N/A,N/A,N/A,N/A,N/A,N/A,N/A,N/A,N/A,N/A,N/A
Ecuador,E,Hernán Galíndez,14,Alan Minda,FWD,263397,Alan Minda,RM,"CAM,ST,RW",70,84,65,62,71,51,59,82,85,68,64,62,59,50,68,66,60,57,37,63,63,72,69,80,76,63,65,60,43,55,50,49,60,65,61,56,7,12,11,10,,"Low Driven Shot,Gamechanger,Whipped Pass",,4,3,1
Ecuador,E,Hernán Galíndez,15,Pedro Vite,FWD,N/A,N/A,N/A,N/A,N/A,N/A,N/A,N/A,N/A,N/A,N/A,N/A,N/A,N/A,N/A,N/A,N/A,N/A,N/A,N/A,N/A,N/A,N/A,N/A,N/A,N/A,N/A,N/A,N/A,N/A,N/A,N/A,N/A,N/A,N/A,N/A,N/A,N/A,N/A,N/A,N/A,N/A,N/A,N/A,N/A,N/A,N/A,N/A,N/A,N/A
South Korea,A,Kim Seung-gyu,11,Hwang Hee-chan,FWD,226380,Hwang Hee Chan,ST,"LW,CAM",75,81,75,70,75,39,68,86,76,76,77,72,76,72,77,72,67,63,52,68,75,76,74,77,71,75,79,37,39,36,25,68,68,81,66,68,11,7,10,11,,,,3,4,1
Ecuador,E,Hernán Galíndez,19,Gonzalo Plata,FWD,N/A,N/A,N/A,N/A,N/A,N/A,N/A,N/A,N/A,N/A,N/A,N/A,N/A,N/A,N/A,N/A,N/A,N/A,N/A,N/A,N/A,N/A,N/A,N/A,N/A,N/A,N/A,N/A,N/A,N/A,N/A,N/A,N/A,N/A,N/A,N/A,N/A,N/A,N/A,N/A,N/A,N/A,N/A,N/A,N/A,N/A,N/A,N/A,N/A,N/A
Ecuador,E,Hernán Galíndez,20,Nilson Angulo,FWD,264205,Nilson Angulo,LM,"RM,LW",67,80,60,60,68,34,55,79,80,67,55,54,42,60,63,67,59,45,34,57,62,70,68,71,66,58,57,38,28,32,37,46,46,62,59,55,11,14,12,15,,Rapid,,4,4,1
Ecuador,E,Hernán Galíndez,24,Jeremy Arévalo,FWD,N/A,N/A,N/A,N/A,N/A,N/A,N/A,N/A,N/A,N/A,N/A,N/A,N/A,N/A,N/A,N/A,N/A,N/A,N/A,N/A,N/A,N/A,N/A,N/A,N/A,N/A,N/A,N/A,N/A,N/A,N/A,N/A,N/A,N/A,N/A,N/A,N/A,N/A,N/A,N/A,N/A,N/A,N/A,N/A,N/A,N/A,N/A,N/A,N/A,N/A
Switzerland,B,Gregor Kobel,21,Marvin Keller,GK,256726,Marvin Keller,GK,,72,,,,,,,,,,,,,,,,,,,,,,,,,,,,,,,,,,,,73,70,70,73,74,,,1,3,1
Scotland,C,Angus Gunn,1,Angus Gunn,GK,216325,Angus Gunn,GK,,72,,,,,,,,,,,,,,,,,,,,,,,,,,,,,,,,,,,,73,71,70,70,74,"Footwork,Deflector",,1,3,1
Sweden,F,Jacob Widell Zetterström,23,Kristoffer Nordfeldt,GK,192129,Kristoffer Nordfeldt,GK,,72,,,,,,,,,,,,,,,,,,,,,,,,,,,,,,,,,,,,70,69,72,71,70,"Long Ball Pass,Far Throw",,1,3,1
Germany,E,Manuel Neuer,2,Antonio Rüdiger,DEF,205452,Antonio Rüdiger,CB,,86,79,55,72,70,84,86,70,87,40,84,67,34,40,54,83,81,50,56,68,61,69,74,56,50,85,80,83,84,85,84,83,93,89,70,91,14,15,10,12,,"Long Ball Pass,Jockey,Block,Bruiser",Aerial Fortress+,2,3,1
Germany,E,Manuel Neuer,3,Waldemar Anton,DEF,229476,Waldemar Anton,CB,,82,69,47,67,66,84,84,64,73,42,60,45,38,48,54,79,73,39,39,52,70,64,70,56,58,82,80,82,86,86,78,79,86,85,79,85,11,12,12,13,,"Pinged Pass,Slide Tackle,Aerial Fortress",Block+,2,3,1
Germany,E,Manuel Neuer,4,Jonathan Tah,DEF,213331,Jonathan Tah,CB,,87,63,38,60,63,87,86,53,71,32,60,26,53,38,36,78,68,37,27,39,57,60,70,49,40,85,79,84,88,89,84,87,86,85,76,91,11,8,7,9,,"Precision Header,Aerial Fortress",Anticipate+,2,3,1
Germany,E,Manuel Neuer,6,Joshua Kimmich,DEF,212622,Joshua Kimmich,CDM,"RB,CM",89,72,74,89,84,83,79,75,70,68,78,83,69,71,78,89,92,85,79,92,86,82,86,83,84,89,86,85,82,86,85,72,89,77,92,69,8,15,7,15,,"Finesse Shot,Whipped Pass,Anticipate,Press Proven,Relentless",Long Ball Pass+,3,4,1
Germany,E,Manuel Neuer,15,Nico Schlotterbeck,DEF,247819,Nico Schlotterbeck,CB,,85,74,60,75,73,85,82,77,72,51,81,67,56,38,58,78,86,67,55,70,72,74,71,68,64,84,78,83,85,87,87,84,84,91,74,85,8,10,8,14,,"Long Ball Pass,Jockey,Block,Anticipate,Long Throw",Slide Tackle+,2,2,2
Germany,E,Manuel Neuer,18,Nathaniel Brown,DEF,269701,Nathaniel Brown,LB,LM,77,83,53,71,77,71,51,87,79,55,61,47,36,33,69,77,64,70,56,74,67,76,77,85,82,73,67,69,73,76,80,43,54,53,80,35,7,6,14,13,,"Inventive,Anticipate,Slide Tackle",,4,3,2
Germany,E,Manuel Neuer,22,David Raum,DEF,236703,David Raum,LB,LM,82,86,61,80,79,74,78,86,86,59,64,66,55,49,71,78,77,85,70,88,79,79,79,77,77,78,78,74,74,76,81,62,72,81,89,75,11,8,14,12,,"Dead Ball,Whipped Pass,Rapid",,3,2,2
Germany,E,Manuel Neuer,24,Malick Thiaw,DEF,256261,Malick Thiaw,CB,,78,72,47,69,72,78,80,72,72,43,56,46,44,64,42,81,78,58,44,55,65,70,76,67,54,78,78,76,78,78,77,78,76,88,76,82,10,6,15,11,,Slide Tackle,,2,4,1
Germany,E,Manuel Neuer,5,Aleksandar Pavlovic,MID,N/A,N/A,N/A,N/A,N/A,N/A,N/A,N/A,N/A,N/A,N/A,N/A,N/A,N/A,N/A,N/A,N/A,N/A,N/A,N/A,N/A,N/A,N/A,N/A,N/A,N/A,N/A,N/A,N/A,N/A,N/A,N/A,N/A,N/A,N/A,N/A,N/A,N/A,N/A,N/A,N/A,N/A,N/A,N/A,N/A,N/A,N/A,N/A,N/A,N/A
Germany,E,Manuel Neuer,8,Leon Goretzka,MID,209658,Leon Goretzka,CM,"CDM,CAM",82,77,78,80,80,80,82,72,81,76,83,82,74,60,84,85,84,76,70,74,79,80,82,74,71,85,82,85,75,83,75,84,83,84,69,87,13,8,15,11,,"Power Shot,Precision Header,Incisive Pass,Aerial Fortress,Bruiser",,3,4,1
Germany,E,Manuel Neuer,9,Jamie Leweling,MID,252448,Jamie Leweling,RM,"RW,ST",75,83,71,65,78,46,72,81,84,69,84,68,66,55,75,72,53,55,43,72,62,80,78,78,80,73,67,42,50,46,30,59,61,80,73,76,6,11,10,14,,Technical,,4,4,1
Haiti,C,Johny Placide,10,Jean-Ricner Bellegarde,MID,235456,Jean-Ricner Bellegarde,CAM,CM,75,78,63,72,78,70,72,79,78,61,69,64,56,55,74,76,75,59,68,66,75,77,78,83,86,75,75,70,68,74,72,61,72,76,79,68,12,15,14,10,,,,3,3,1
Germany,E,Manuel Neuer,13,Pascal Gross,MID,N/A,N/A,N/A,N/A,N/A,N/A,N/A,N/A,N/A,N/A,N/A,N/A,N/A,N/A,N/A,N/A,N/A,N/A,N/A,N/A,N/A,N/A,N/A,N/A,N/A,N/A,N/A,N/A,N/A,N/A,N/A,N/A,N/A,N/A,N/A,N/A,N/A,N/A,N/A,N/A,N/A,N/A,N/A,N/A,N/A,N/A,N/A,N/A,N/A,N/A
Germany,E,Manuel Neuer,16,Angelo Stiller,MID,250959,Angelo Stiller,CDM,CM,83,56,58,83,84,76,71,68,47,49,73,65,51,42,65,88,83,69,68,77,87,83,85,82,80,85,84,80,77,78,69,67,71,72,80,67,7,14,5,9,,"Incisive Pass,Long Ball Pass,Press Proven",Tiki Taka+,3,3,2
Morocco,C,Yassine Bounou,23,Bilal El Khannouss,MID,257504,Bilal El Khannouss,CAM,"LM,CM",76,76,64,76,82,38,56,79,74,65,65,64,51,55,68,78,78,67,68,70,79,82,80,88,85,74,80,41,34,39,37,44,37,61,71,56,10,6,14,13,,"Long Ball Pass,Inventive,Technical",,4,3,1
Germany,E,Manuel Neuer,20,Nadiem Amiri,MID,225309,Nadiem Amiri,CM,CAM,81,65,79,82,82,62,72,76,56,77,83,84,70,67,82,82,80,81,79,79,85,83,82,83,80,83,81,69,67,65,44,42,74,65,78,68,12,12,14,12,,"Finesse Shot,Dead Ball,Gamechanger,Pinged Pass,Technical",,4,3,1
Germany,E,Manuel Neuer,23,Felix Nmecha,MID,246863,Felix Nmecha,CDM,CM,82,82,74,73,81,80,86,77,86,73,81,73,66,55,76,80,80,72,49,59,77,83,82,77,76,80,79,79,78,83,80,83,82,94,78,90,6,10,12,13,,"Block,Aerial Fortress,Press Proven,Bruiser",,4,3,1
Austria,J,Alexander Schlager,17,Carney Chukwuemeka,MID,259356,Carney Chukwuemeka,CAM,CM,76,74,66,74,79,57,66,74,74,67,68,63,59,58,72,79,73,67,52,70,77,80,78,78,77,77,75,58,49,62,58,65,57,75,64,70,12,12,9,11,,"Incisive Pass,Technical,First Touch",,4,3,1
Canada,B,Dayne St. Clair,24,Promise David,FWD,73070,Promise David,ST,,75,62,78,59,64,29,84,57,66,83,82,66,70,75,75,66,47,30,56,52,69,66,71,40,35,68,71,20,25,24,26,76,74,86,72,93,12,13,10,8,,"Precision Header,Bruiser,Enforcer",,2,3,1
Switzerland,B,Gregor Kobel,23,Zeki Amdouni,FWD,262642,Zeki Amdouni,ST,CAM,75,71,76,69,76,46,70,70,72,76,79,78,65,65,76,74,67,62,60,60,76,77,78,75,69,76,72,47,43,42,45,65,59,75,72,73,6,9,8,14,,"Incisive Pass,Technical",,3,4,1
Brazil,C,Alisson,25,Igor Thiago,FWD,275771,Igor Thiago,ST,,75,66,75,54,69,37,78,65,67,78,85,61,69,74,76,67,48,50,40,29,65,68,74,58,55,72,73,23,36,38,23,80,80,88,56,87,14,6,14,15,,,,2,3,1
Germany,E,Manuel Neuer,19,Leroy Sané,FWD,222492,Leroy Sané,RM,"LM,RW",82,87,81,78,85,37,68,89,86,80,90,79,82,65,81,80,70,83,80,77,81,86,84,87,82,80,79,34,36,32,35,64,65,72,74,66,8,12,9,9,,"Power Shot,Gamechanger,Rapid,Quick Step",,4,2,2
Paraguay,D,Roberto Junior Fernández,21,Gabriel Ávalos,FWD,226286,Gabriel Ávalos,ST,CAM,75,67,75,63,73,45,84,69,66,78,81,65,63,80,77,69,65,50,44,48,72,72,76,71,67,69,75,33,39,54,29,78,70,90,81,90,13,15,15,9,,"Precision Header,Aerial Fortress,First Touch",,3,4,1
Austria,J,Alexander Schlager,13,Patrick Pentz,GK,228505,Patrick Pentz,GK,,72,,,,,,,,,,,,,,,,,,,,,,,,,,,,,,,,,,,,71,70,70,70,74,"Long Ball Pass,Footwork,Deflector",,1,4,2
Croatia,L,Dominik Livakovic,12,Ivor Pandur,GK,258585,Ivor Pandur,GK,,72,,,,,,,,,,,,,,,,,,,,,,,,,,,,,,,,,,,,72,70,64,69,77,Cross Claimer,,1,3,1
Panama,L,Luis Mejía,1,Luis Mejía,GK,202089,Luis Mejía,GK,,72,,,,,,,,,,,,,,,,,,,,,,,,,,,,,,,,,,,,69,67,68,71,75,Footwork,,1,1,2
Côte d'Ivoire,E,Yahia Fofana,2,Ousmane Diomandé,DEF,270531,Ousmane Diomande,CB,,80,80,26,51,70,79,86,78,82,20,40,22,24,39,24,71,73,25,24,28,38,71,69,63,66,73,74,76,79,82,76,79,83,93,80,90,8,6,15,6,,"Precision Header,Long Ball Pass,Jockey,Block,Aerial Fortress,Bruiser",,2,3,1
Côte d'Ivoire,E,Yahia Fofana,3,Ghislain Konan,DEF,235634,Ghislain Konan,LB,LM,72,79,51,66,70,68,74,82,77,45,63,51,58,41,69,69,66,72,32,68,68,68,68,73,82,69,73,69,68,70,68,56,69,70,81,72,8,5,5,11,,,,3,3,2
Côte d'Ivoire,E,Yahia Fofana,5,Wilfried Singo,DEF,252802,Wilfried Singo,CB,RB,80,80,59,70,73,79,84,72,87,55,81,51,50,46,66,75,70,67,40,73,64,74,74,66,60,79,75,78,77,81,80,80,84,89,79,85,11,6,7,13,,"Precision Header,Intercept,Aerial Fortress,Rapid",,3,2,1
Côte d'Ivoire,E,Yahia Fofana,7,Odilon Kossounou,DEF,246875,Odilon Kossounou,CB,,80,80,32,64,67,81,78,74,84,26,52,24,28,32,44,76,74,33,23,58,57,66,69,62,56,76,73,81,80,83,80,79,78,80,76,79,5,8,6,10,,,,2,3,1
Côte d'Ivoire,E,Yahia Fofana,13,Christopher Opéri,DEF,236629,Christopher Operi,LB,LM,74,78,61,70,72,68,72,74,81,48,79,71,67,60,67,71,66,74,69,74,66,72,74,69,67,72,72,67,68,70,70,66,66,75,82,69,12,11,9,14,,Whipped Pass,,2,3,2
Côte d'Ivoire,E,Yahia Fofana,17,Guela Doué,DEF,275208,Guéla Doué,RB,"CB,RM",77,72,47,70,72,74,78,65,77,41,62,44,41,45,61,76,72,59,32,71,68,72,76,65,61,77,75,76,72,76,75,73,75,81,76,79,11,14,11,14,,,3,3,1,
Côte d'Ivoire,E,Yahia Fofana,20,Emmanuel Agbadou,DEF,258575,Emmanuel Agbadou,CB,,79,80,48,63,66,78,83,69,89,51,61,33,28,46,55,73,77,49,30,48,63,69,66,51,40,79,78,77,79,79,76,78,84,89,68,90,9,7,12,9,,"Precision Header,Jockey,Block,Bruiser",,2,3,1
Côte d'Ivoire,E,Yahia Fofana,21,Evan Ndicka,DEF,236403,Evan Ndicka,CB,,81,74,53,69,69,81,82,69,78,49,65,54,43,33,68,78,74,59,30,68,64,69,75,50,55,81,80,80,81,85,76,79,81,85,83,81,13,8,7,8,,"Block,Slide Tackle,Bruiser",,2,3,2
Côte d'Ivoire,E,Yahia Fofana,4,Jean Michaël Seri,MID,N/A,N/A,N/A,N/A,N/A,N/A,N/A,N/A,N/A,N/A,N/A,N/A,N/A,N/A,N/A,N/A,N/A,N/A,N/A,N/A,N/A,N/A,N/A,N/A,N/A,N/A,N/A,N/A,N/A,N/A,N/A,N/A,N/A,N/A,N/A,N/A,N/A,N/A,N/A,N/A,N/A,N/A,N/A,N/A,N/A,N/A,N/A,N/A,N/A,N/A
Côte d'Ivoire,E,Yahia Fofana,6,Séko Fofana,MID,216320,Seko Fofana,CM,"CDM,CAM",77,68,75,74,76,71,80,67,68,72,83,82,68,56,75,80,72,72,62,62,78,78,77,69,61,75,76,74,68,78,70,58,79,75,76,82,9,8,9,11,,"Power Shot,Incisive Pass,Relentless",,3,4,1
Côte d'Ivoire,E,Yahia Fofana,8,Franck Kessié,MID,230938,Franck Yannick Kessié,CDM,"CM,CB",80,78,77,73,78,78,86,77,79,75,84,78,60,88,76,80,73,61,54,66,74,77,80,70,77,77,83,79,80,80,76,68,78,85,92,87,9,11,12,12,,"Power Shot,Press Proven,Relentless",,3,4,1
Côte d'Ivoire,E,Yahia Fofana,18,Ibrahim Sangaré,MID,235173,Ibrahim Sangaré,CDM,CM,77,58,65,72,71,77,79,62,54,59,80,62,62,64,68,76,75,64,62,66,72,74,74,54,58,75,75,78,76,78,77,71,75,75,66,87,7,13,11,6,,"Press Proven,Bruiser,Enforcer",,3,4,1
Côte d'Ivoire,E,Yahia Fofana,25,Parfait Guiagon,MID,277975,Parfait Guiagon,LM,"RM,LW",72,72,67,66,77,26,58,76,68,70,67,65,60,57,65,70,56,57,60,68,70,79,77,79,87,63,67,26,28,20,22,44,36,63,65,63,10,6,7,11,,Low Driven Shot,,3,3,1
Czechia,A,Matej Kovar,15,Pavel Sulc,MID,247050,Pavel Šulc,CAM,"LM,RM,CM",77,71,73,74,77,39,64,72,70,78,66,72,70,60,80,77,74,62,55,74,77,78,77,76,76,77,78,32,35,40,45,57,62,64,85,54,12,11,8,12,,Technical,,4,3,1
Côte d'Ivoire,E,Yahia Fofana,9,Ange-Yoan Bonny,FWD,N/A,N/A,N/A,N/A,N/A,N/A,N/A,N/A,N/A,N/A,N/A,N/A,N/A,N/A,N/A,N/A,N/A,N/A,N/A,N/A,N/A,N/A,N/A,N/A,N/A,N/A,N/A,N/A,N/A,N/A,N/A,N/A,N/A,N/A,N/A,N/A,N/A,N/A,N/A,N/A,N/A,N/A,N/A,N/A,N/A,N/A,N/A,N/A,N/A,N/A
Côte d'Ivoire,E,Yahia Fofana,10,Simon Adingra,FWD,260779,Simon Adingra,RM,"LM,RW",76,87,70,70,80,30,52,88,87,71,73,67,68,60,70,73,65,65,53,70,73,80,77,88,85,72,79,27,30,32,30,32,47,55,70,45,8,13,6,14,,Technical,,3,3,1
Côte d'Ivoire,E,Yahia Fofana,11,Yan Diomandé,FWD,78012,Yan Diomande,LM,"RM,ST,LW",66,71,61,62,64,25,49,69,73,60,60,61,63,61,68,65,58,51,55,59,65,66,66,47,79,68,55,15,21,21,25,64,35,63,55,51,9,15,7,5,,,,3,3,1
Côte d'Ivoire,E,Yahia Fofana,12,Elye Wahi,FWD,260407,Elye Wahi,ST,,75,84,76,67,77,31,66,83,85,75,79,75,85,66,74,72,60,66,60,64,66,78,77,80,81,74,70,28,25,29,23,67,57,81,61,71,13,7,5,12,,"Acrobatic,Technical,Quick Step",,4,4,1
Sweden,F,Jacob Widell Zetterström,25,Gustaf Nilsson,FWD,223933,Gustaf Nilsson,ST,,75,71,75,58,64,32,80,64,76,76,80,67,69,83,78,64,55,54,45,54,60,65,73,33,43,73,75,22,27,32,22,80,75,87,75,84,6,7,8,16,,"Precision Header,Enforcer",,2,2,1
Mexico,A,Raúl Rangel,17,Orbelín Pineda,MID,224574,Orbelín Pineda,CAM,"CM,RB",77,81,74,72,81,68,69,82,81,73,76,74,70,75,74,73,73,70,56,73,73,81,80,88,88,78,70,68,68,68,67,66,76,74,84,58,15,14,7,10,,"Technical,Relentless",,4,4,1
Côte d'Ivoire,E,Yahia Fofana,19,Nicolas Pépé,FWD,226110,Nicolas Pépé,RM,"ST,RW",80,88,77,76,82,36,67,87,88,76,82,74,70,85,76,79,69,81,79,75,74,83,82,91,75,78,75,33,36,34,30,57,43,79,69,74,11,14,11,6,,"Finesse Shot,Inventive,Technical",,4,2,2
Côte d'Ivoire,E,Yahia Fofana,22,Evann Guessand,FWD,258444,Evann Guessand,RW,"ST,RM",79,83,76,73,79,36,77,79,86,79,78,72,71,61,81,78,69,68,52,77,69,81,80,75,59,76,80,25,32,39,18,76,58,91,76,84,7,10,7,6,,"Precision Header,Low Driven Shot,Rapid",,3,3,1
Côte d'Ivoire,E,Yahia Fofana,24,Bazoumana Touré,FWD,71418,Bazoumana Touré,LM,LW,70,91,59,62,71,28,51,90,92,61,60,58,42,46,66,65,60,55,35,68,63,70,72,80,80,60,56,21,23,35,25,41,35,60,65,50,5,8,12,6,,Quick Step,,4,2,2
Canada,B,Dayne St. Clair,1,Dayne St. Clair,GK,247228,Dayne St. Clair,GK,,73,,,,,,,,,,,,,,,,,,,,,,,,,,,,,,,,,,,,73,69,60,72,76,Cross Claimer,,1,3,2
Japan,F,Zion Suzuki,12,Keisuke Osako,GK,N/A,N/A,N/A,N/A,N/A,N/A,N/A,N/A,N/A,N/A,N/A,N/A,N/A,N/A,N/A,N/A,N/A,N/A,N/A,N/A,N/A,N/A,N/A,N/A,N/A,N/A,N/A,N/A,N/A,N/A,N/A,N/A,N/A,N/A,N/A,N/A,N/A,N/A,N/A,N/A,N/A,N/A,N/A,N/A,N/A,N/A,N/A,N/A,N/A,N/A
Japan,F,Zion Suzuki,23,Tomoki Hayakawa,GK,N/A,N/A,N/A,N/A,N/A,N/A,N/A,N/A,N/A,N/A,N/A,N/A,N/A,N/A,N/A,N/A,N/A,N/A,N/A,N/A,N/A,N/A,N/A,N/A,N/A,N/A,N/A,N/A,N/A,N/A,N/A,N/A,N/A,N/A,N/A,N/A,N/A,N/A,N/A,N/A,N/A,N/A,N/A,N/A,N/A,N/A,N/A,N/A,N/A,N/A
Japan,F,Zion Suzuki,2,Yukinari Sugawara,DEF,242916,Yukinari Sugawara,RB,RM,74,75,54,73,72,69,70,75,75,48,65,54,50,49,69,72,73,77,74,76,70,71,72,80,75,71,70,71,70,72,71,54,68,77,75,67,8,12,9,8,,"Dead Ball,Whipped Pass,Long Throw",,3,3,1
Japan,F,Zion Suzuki,3,Shogo Taniguchi,DEF,233225,Shogo Taniguchi,CB,,69,58,45,59,57,70,72,48,66,35,63,49,39,45,55,69,74,35,32,50,51,52,59,59,61,68,66,71,70,70,67,69,63,69,78,73,8,13,11,14,,Long Ball Pass,,2,3,1
Japan,F,Zion Suzuki,4,Ko Itakura,DEF,233152,Ko Itakura,CB,CDM,77,75,59,61,74,77,76,77,74,60,67,58,58,38,53,78,73,41,40,34,59,75,74,70,69,76,76,78,77,77,81,74,76,84,76,75,13,6,9,10,,"Block,Slide Tackle",,3,4,1
Japan,F,Zion Suzuki,5,Yuto Nagatomo,DEF,N/A,N/A,N/A,N/A,N/A,N/A,N/A,N/A,N/A,N/A,N/A,N/A,N/A,N/A,N/A,N/A,N/A,N/A,N/A,N/A,N/A,N/A,N/A,N/A,N/A,N/A,N/A,N/A,N/A,N/A,N/A,N/A,N/A,N/A,N/A,N/A,N/A,N/A,N/A,N/A,N/A,N/A,N/A,N/A,N/A,N/A,N/A,N/A,N/A,N/A
Japan,F,Zion Suzuki,16,Tsuyoshi Watanabe,DEF,246826,Tsuyoshi Watanabe,CB,,75,76,39,52,59,76,78,76,76,33,52,46,22,40,31,66,68,45,37,25,47,53,66,64,41,72,65,75,77,76,75,74,68,88,74,82,10,14,7,15,,"Precision Header,Long Ball Pass,Jockey,Block,Aerial Fortress",,2,3,1
Japan,F,Zion Suzuki,20,Ayumu Seko,DEF,247264,Ayumu Seko,CB,,68,64,36,54,58,68,74,63,65,30,53,34,26,42,39,69,67,23,23,42,47,53,61,60,61,67,66,69,70,68,65,66,58,73,90,73,12,7,10,14,,Intercept,,2,2,1
Japan,F,Zion Suzuki,21,Hiroki Ito,DEF,234205,Hiroki Ito,CB,"LB,LM",78,74,57,71,72,80,72,74,74,48,78,64,45,47,56,77,80,52,45,68,66,69,77,66,67,82,76,81,83,78,77,74,72,84,59,77,13,10,10,10,,"Jockey,Block",,2,3,2
Japan,F,Zion Suzuki,22,Takehiro Tomiyasu,DEF,N/A,N/A,N/A,N/A,N/A,N/A,N/A,N/A,N/A,N/A,N/A,N/A,N/A,N/A,N/A,N/A,N/A,N/A,N/A,N/A,N/A,N/A,N/A,N/A,N/A,N/A,N/A,N/A,N/A,N/A,N/A,N/A,N/A,N/A,N/A,N/A,N/A,N/A,N/A,N/A,N/A,N/A,N/A,N/A,N/A,N/A,N/A,N/A,N/A,N/A
Japan,F,Zion Suzuki,25,Junnosuke Suzuki,DEF,266260,Junnosuke Suzuki,CB,CDM,66,73,44,59,59,66,65,74,72,45,45,44,40,45,35,66,63,41,43,54,59,57,63,59,58,64,58,66,65,67,66,62,64,73,63,65,14,8,12,7,,,,2,4,1
Japan,F,Zion Suzuki,6,Wataru Endo,MID,232487,Wataru Endo,CDM,CM,79,58,68,71,77,79,73,66,52,67,76,73,36,62,68,79,78,45,49,58,75,76,78,72,81,77,79,78,80,79,73,79,82,85,77,67,9,13,7,11,,"Press Proven,Relentless",,3,4,1
Japan,F,Zion Suzuki,7,Ao Tanaka,MID,236764,Ao Tanaka,CDM,CM,76,70,68,72,77,73,71,72,69,66,73,72,61,60,64,78,74,70,65,61,74,75,77,82,78,74,79,75,74,75,72,60,68,71,86,65,10,14,12,12,,"Incisive Pass,Press Proven",,3,3,1
Japan,F,Zion Suzuki,15,Daichi Kamada,MID,232730,Daichi Kamada,CM,CAM,77,71,72,77,78,64,66,74,68,74,65,73,66,78,75,79,77,78,73,74,78,77,79,78,78,79,74,68,59,69,61,56,81,66,75,55,6,10,11,6,,Technical,,3,3,1
South Korea,A,Kim Seung-gyu,10,Lee Jae-sung,MID,221671,Lee Jae Sung,CAM,CM,77,72,71,72,81,63,66,74,71,71,71,73,72,50,81,76,70,71,54,68,75,80,81,84,82,78,78,65,53,65,60,81,62,87,85,56,14,7,15,6,,"Finesse Shot,Precision Header,Intercept,Aerial Fortress,Relentless",,3,3,2
Japan,F,Zion Suzuki,24,Kaishu Sano,MID,N/A,N/A,N/A,N/A,N/A,N/A,N/A,N/A,N/A,N/A,N/A,N/A,N/A,N/A,N/A,N/A,N/A,N/A,N/A,N/A,N/A,N/A,N/A,N/A,N/A,N/A,N/A,N/A,N/A,N/A,N/A,N/A,N/A,N/A,N/A,N/A,N/A,N/A,N/A,N/A,N/A,N/A,N/A,N/A,N/A,N/A,N/A,N/A,N/A,N/A
Japan,F,Zion Suzuki,8,Takefusa Kubo,FWD,237681,Takefusa Kubo,RM,RW,82,86,77,78,85,40,64,89,84,79,77,76,67,63,80,78,74,77,74,80,80,86,84,86,83,80,80,28,40,43,46,49,59,70,74,60,6,7,15,10,,"Finesse Shot,Low Driven Shot,Gamechanger,Inventive,Technical,First Touch",,4,4,2
Austria,J,Alexander Schlager,11,Michael Gregoritsch,FWD,199439,Michael Gregoritsch,ST,,75,37,77,68,68,42,76,36,37,78,83,71,80,64,81,73,58,78,73,62,67,68,74,53,52,80,73,33,36,40,38,84,58,81,71,86,10,6,9,16,,"Finesse Shot,Precision Header",,3,3,2
Japan,F,Zion Suzuki,10,Ritsu Doan,FWD,232639,Ritsu Doan,RM,RB,82,82,71,78,85,41,64,86,78,75,67,70,65,59,81,82,68,76,68,77,82,86,84,90,93,79,75,44,39,36,42,59,41,80,90,59,8,5,6,13,,"Precision Header,Inventive,Technical,First Touch",,4,3,2
Japan,F,Zion Suzuki,11,Daizen Maeda,FWD,246321,Daizen Maeda,LW,"ST,RW,LM",79,92,79,70,76,65,79,94,91,82,78,75,79,64,84,74,57,75,57,69,76,73,71,92,88,85,76,62,65,64,59,77,85,88,95,67,5,9,5,9,,"Precision Header,Acrobatic,Gamechanger,Rapid,Quick Step",Relentless+,2,4,1
Japan,F,Zion Suzuki,13,Keito Nakamura,FWD,242914,Keito Nakamura,LM,LW,76,79,74,71,77,41,74,83,76,73,78,75,69,59,74,73,66,80,70,68,73,77,79,79,70,71,75,41,38,41,35,52,61,75,88,73,7,13,15,8,,"Finesse Shot,Gamechanger,Technical,First Touch",,4,4,1
Japan,F,Zion Suzuki,14,Junya Ito,FWD,232905,Junya Ito,RM,RW,77,86,69,72,78,58,70,90,83,70,68,71,69,57,74,74,64,72,66,74,75,78,76,87,76,71,75,67,54,61,56,44,64,68,89,63,13,12,15,5,,"Dead Ball,Incisive Pass,Whipped Pass,Inventive,Rapid,Quick Step,Relentless",,4,4,1
Portugal,K,Diogo Costa,19,Gonçalo Guedes,FWD,224411,Gonçalo Guedes,ST,"LW,CAM",75,76,76,70,78,37,66,79,73,75,82,73,74,69,73,68,64,75,70,74,73,78,77,81,75,75,74,50,24,34,30,70,64,71,64,67,9,12,11,9,,"Power Shot,Rapid",,3,4,1
Switzerland,B,Gregor Kobel,19,Noah Okafor,FWD,242530,Noah Okafor,ST,"LM,LW,CAM",76,86,76,71,80,31,69,87,85,78,75,73,76,70,76,72,64,78,63,74,74,82,80,85,66,73,76,20,38,25,20,63,53,85,57,79,14,14,11,6,,"First Touch,Quick Step",,4,4,1
Paraguay,D,Roberto Junior Fernández,9,Antonio Sanabria,FWD,219932,Antonio Sanabria,ST,,76,75,75,68,79,32,57,78,72,79,78,65,67,66,80,74,63,69,64,63,69,80,80,82,75,72,78,21,42,20,15,76,36,82,60,62,8,14,9,14,,,,3,4,1
Belgium,G,Thibaut Courtois,13,Mike Penders,GK,270821,Mike Penders,GK,,73,,,,,,,,,,,,,,,,,,,,,,,,,,,,,,,,,,,,77,72,76,69,75,,,1,2,2
Austria,J,Alexander Schlager,1,Alexander Schlager,GK,215522,Alexander Schlager,GK,,73,,,,,,,,,,,,,,,,,,,,,,,,,,,,,,,,,,,,72,71,69,73,76,"Footwork,Far Reach",,1,3,1
DR Congo,K,Lionel Mpasi,21,Matthieu Epolo,GK,262265,Matthieu Epolo,GK,,73,,,,,,,,,,,,,,,,,,,,,,,,,,,,,,,,,,,,76,70,66,70,73,"Footwork,Far Reach",,1,2,1
Netherlands,F,Bart Verbruggen,2,Jurriën Timber,DEF,251805,Jurriën Timber,RB,"LB,CB,RM",82,76,48,72,77,82,80,76,76,41,61,46,41,42,70,80,71,65,31,76,69,77,78,71,76,82,82,83,83,83,78,75,76,86,79,82,6,6,8,14,,"Jockey,Press Proven",,3,3,1
Netherlands,F,Bart Verbruggen,4,Virgil van Dijk,DEF,203376,Virgil van Dijk,CB,,90,73,60,72,72,90,87,66,78,52,81,64,45,62,47,80,83,60,70,53,70,70,77,54,50,90,90,91,91,91,87,88,85,89,75,93,13,10,13,11,,"Precision Header,Pinged Pass,Jockey,Anticipate,Aerial Fortress,Bruiser",Intercept+,2,3,1
Netherlands,F,Bart Verbruggen,5,Nathan Aké,DEF,208920,Nathan Aké,CB,"LB,LM",83,72,53,72,75,84,74,73,71,48,64,56,52,53,51,80,75,64,59,63,68,73,79,67,68,84,79,83,84,84,84,82,80,86,64,76,10,7,7,16,,,,2,3,2
Netherlands,F,Bart Verbruggen,6,Jan Paul van Hecke,DEF,258908,Jan Paul van Hecke,CB,,80,67,46,72,70,80,78,66,68,35,70,50,30,55,35,80,80,70,65,50,74,70,73,55,60,79,78,79,80,80,83,77,83,90,70,79,11,9,8,7,,"Long Ball Pass,Aerial Fortress",,2,3,1
Netherlands,F,Bart Verbruggen,15,Micky van de Ven,DEF,264453,Micky van de Ven,CB,,82,90,49,64,72,82,80,84,95,43,59,57,47,39,48,76,74,37,34,58,55,73,75,59,49,82,81,82,82,83,85,76,78,92,69,85,7,13,13,11,,"Block,Slide Tackle",,3,3,2
Netherlands,F,Bart Verbruggen,22,Denzel Dumfries,DEF,233096,Denzel Dumfries,RB,RM,84,84,70,75,79,79,84,78,88,75,74,61,51,51,82,80,74,72,45,82,67,80,82,69,60,83,78,78,79,79,77,85,84,91,88,81,10,10,7,13,,"Precision Header,Rapid,Quick Step,Long Throw",,2,3,1
Netherlands,F,Bart Verbruggen,25,Jorrel Hato,DEF,272978,Jorrel Hato,LB,CB,78,85,41,70,74,75,73,87,84,39,55,30,36,34,61,79,74,59,31,66,67,70,78,76,78,79,78,77,74,77,73,69,72,91,69,73,8,5,5,13,,"Pinged Pass,Jockey,Intercept,Quick Step",,2,3,2
Netherlands,F,Bart Verbruggen,3,Marten de Roon,MID,208461,Marten de Roon,CM,CDM,81,61,74,77,76,83,80,53,67,70,79,78,65,80,70,85,84,61,54,70,74,77,81,59,69,78,83,83,82,88,79,75,86,74,90,73,14,15,7,12,,"Long Ball Pass,Intercept,Aerial Fortress,Relentless",,3,3,1
Netherlands,F,Bart Verbruggen,8,Ryan Gravenberch,MID,246104,Ryan Gravenberch,CDM,CM,85,76,76,81,85,81,81,76,76,78,79,76,71,58,75,86,82,76,70,74,81,88,87,76,70,84,88,88,80,82,78,67,76,81,85,80,12,8,6,11,,"Intercept,Press Proven",,4,4,1
Netherlands,F,Bart Verbruggen,12,Mats Wieffer,MID,248793,Mats Wieffer,CDM,CM,78,67,66,74,74,76,78,67,67,62,75,69,68,55,63,79,78,69,52,68,74,73,78,67,65,75,78,79,73,78,72,76,84,82,77,76,7,12,14,12,,"Block,Intercept,Press Proven,Bruiser",,3,3,1
Netherlands,F,Bart Verbruggen,14,Tijjani Reijnders,MID,240638,Tijjani Reijnders,CM,"CDM,CAM",86,79,79,82,85,77,77,83,75,78,85,83,65,59,86,87,84,77,70,73,84,84,88,82,79,85,84,80,78,80,72,61,80,77,92,69,6,10,9,14,,"Finesse Shot,Power Shot,Incisive Pass,Technical",Tiki Taka+,4,4,1
Netherlands,F,Bart Verbruggen,16,Guus Til,MID,235663,Guus Til,CAM,CM,77,79,76,72,74,64,74,75,83,78,77,72,67,66,85,77,73,64,63,63,75,73,76,66,66,82,77,68,63,61,58,78,77,77,78,71,12,6,12,11,,"Precision Header,First Touch",,3,3,1
Algeria,J,Melvin Mastil,8,Houssem Aouar,MID,234906,Houssem Aouar,CAM,CM,77,66,72,75,82,65,65,68,64,73,69,71,72,79,76,79,76,80,70,65,78,84,81,78,81,76,76,68,66,64,58,64,68,69,66,62,14,6,11,7,,"Dead Ball,Incisive Pass,Inventive,Technical",,4,3,1
Netherlands,F,Bart Verbruggen,21,Frenkie de Jong,MID,228702,Frenkie de Jong,CM,CDM,87,82,71,85,87,78,77,80,83,75,68,69,70,53,78,90,87,84,64,78,88,86,88,87,79,87,90,82,76,78,77,72,74,82,87,73,7,13,10,10,,"Incisive Pass,Inventive,Press Proven",Tiki Taka+,4,3,1
Netherlands,F,Bart Verbruggen,26,Quinten Timber,MID,251806,Quinten Timber,CM,"CDM,CAM",80,77,78,76,80,74,83,86,69,75,85,83,65,60,78,82,78,72,58,67,78,79,81,81,82,82,79,78,74,76,70,65,80,87,79,85,5,8,12,11,,"Power Shot,Incisive Pass,Technical,Bruiser",,3,3,1
Austria,J,Alexander Schlager,19,Christoph Baumgartner,MID,242187,Christoph Baumgartner,CAM,"ST,CM",77,74,72,72,79,47,63,81,68,72,75,67,72,65,77,77,75,66,52,63,77,79,78,82,79,78,74,38,34,56,51,70,65,74,75,55,10,11,9,14,,"Technical,First Touch",,4,3,1
USA,D,Matt Turner,9,Ricardo Pepi,FWD,251223,Ricardo Pepi,ST,,76,73,78,60,72,46,73,74,72,83,79,68,71,70,80,69,61,64,51,47,58,72,73,69,68,72,68,48,44,40,34,74,67,75,77,74,11,14,9,10,,"Finesse Shot,Gamechanger",,3,3,1
Netherlands,F,Bart Verbruggen,10,Memphis Depay,FWD,N/A,N/A,N/A,N/A,N/A,N/A,N/A,N/A,N/A,N/A,N/A,N/A,N/A,N/A,N/A,N/A,N/A,N/A,N/A,N/A,N/A,N/A,N/A,N/A,N/A,N/A,N/A,N/A,N/A,N/A,N/A,N/A,N/A,N/A,N/A,N/A,N/A,N/A,N/A,N/A,N/A,N/A,N/A,N/A,N/A,N/A,N/A,N/A,N/A,N/A
Netherlands,F,Bart Verbruggen,11,Cody Gakpo,FWD,242516,Cody Gakpo,LM,LW,84,83,82,80,83,47,74,85,82,81,88,83,78,68,83,81,75,82,76,83,81,86,85,75,67,83,83,45,42,48,31,81,63,89,76,75,15,11,7,9,,"Finesse Shot,Precision Header,Whipped Pass,First Touch,Press Proven",,4,4,1
Netherlands,F,Bart Verbruggen,17,Noa Lang,FWD,239380,Noa Lang,LW,LM,80,80,77,73,84,50,68,84,76,80,74,76,80,73,75,77,68,75,57,69,77,84,84,87,83,82,83,57,47,51,43,49,74,68,78,60,13,7,13,12,,"Gamechanger,Incisive Pass,Technical,First Touch,Quick Step",,5,3,1
Netherlands,F,Bart Verbruggen,18,Donyell Malen,FWD,231447,Donyell Malen,RM,"RW,LM",79,86,78,72,82,35,67,89,84,79,84,71,81,74,80,77,61,76,61,72,71,83,81,86,86,78,79,31,29,33,35,67,65,73,69,66,7,9,9,10,,"Technical,First Touch,Quick Step",,4,4,1
Croatia,L,Dominik Livakovic,26,Petar Musa,FWD,244797,Petar Musa,ST,,76,82,75,61,71,41,81,81,83,78,79,66,72,64,74,69,56,61,57,49,65,70,74,66,62,77,76,38,34,41,31,73,73,84,76,86,15,11,10,10,,Aerial Fortress,,3,3,1
Netherlands,F,Bart Verbruggen,24,Crysencio Summerville,FWD,251954,Crysencio Summerville,LM,LW,76,89,71,67,80,35,54,91,88,76,71,66,54,69,74,72,47,68,65,69,71,80,78,88,83,71,72,18,44,38,26,41,47,59,74,46,9,9,15,11,,"Rapid,First Touch,Quick Step",,3,3,1
South Korea,A,Kim Seung-gyu,12,Song Bum-keun,GK,238570,Song Bum Keun,GK,,74,,,,,,,,,,,,,,,,,,,,,,,,,,,,,,,,,,,,76,69,67,72,76,Cross Claimer,,1,2,1
USA,D,Matt Turner,1,Matt Turner,GK,233267,Matt Turner,GK,,74,,,,,,,,,,,,,,,,,,,,,,,,,,,,,,,,,,,,74,72,67,73,74,"Far Throw,Footwork",,1,2,1
Ecuador,E,Hernán Galíndez,1,Hernán Galíndez,GK,253354,Hernán Galíndez,GK,,74,,,,,,,,,,,,,,,,,,,,,,,,,,,,,,,,,,,,74,73,70,76,74,Footwork,,1,2,1
Sweden,F,Jacob Widell Zetterström,2,Gustaf Lagerbielke,DEF,264191,Gustaf Lagerbielke,CB,,70,50,32,57,58,70,74,40,59,25,60,22,23,37,29,70,74,30,28,34,58,59,63,44,38,67,65,67,69,72,67,74,68,75,64,82,9,11,11,14,,"Long Ball Pass,Aerial Fortress",,2,3,1
Sweden,F,Jacob Widell Zetterström,3,Victor Lindelöf,DEF,N/A,N/A,N/A,N/A,N/A,N/A,N/A,N/A,N/A,N/A,N/A,N/A,N/A,N/A,N/A,N/A,N/A,N/A,N/A,N/A,N/A,N/A,N/A,N/A,N/A,N/A,N/A,N/A,N/A,N/A,N/A,N/A,N/A,N/A,N/A,N/A,N/A,N/A,N/A,N/A,N/A,N/A,N/A,N/A,N/A,N/A,N/A,N/A,N/A,N/A
Sweden,F,Jacob Widell Zetterström,4,Isak Hien,DEF,260697,Isak Hien,CB,,78,69,37,49,58,79,82,63,74,30,49,39,33,45,39,62,58,29,25,28,49,54,64,48,49,77,60,80,81,81,75,72,83,83,66,89,12,5,10,11,,"Long Ball Pass,Anticipate",,2,3,1
Sweden,F,Jacob Widell Zetterström,5,Gabriel Gudmundsson,DEF,236822,Gabriel Gudmundsson,LB,"LM,CB",77,87,64,71,75,70,75,85,88,59,75,69,56,46,68,73,69,66,50,77,68,76,75,74,68,74,72,72,70,74,74,51,74,76,79,73,12,10,7,6,,"Rapid,Long Throw",,3,3,2
Sweden,F,Jacob Widell Zetterström,6,Herman Johansson,DEF,261028,Herman Johansson,RB,RM,70,83,54,60,64,63,75,81,84,56,52,52,51,52,60,63,59,47,35,68,58,65,66,64,50,65,60,63,62,65,63,64,57,84,83,78,8,8,6,8,,Precision Header,,2,3,1
Sweden,F,Jacob Widell Zetterström,8,Daniel Svensson,DEF,259716,Daniel Svensson,LB,"CM,LM",77,77,56,75,76,73,74,78,76,51,62,63,50,44,71,78,76,71,57,72,75,74,77,79,80,75,76,69,76,75,78,57,69,73,89,68,15,12,12,9,,Relentless,,2,4,2
Sweden,F,Jacob Widell Zetterström,14,Hjalmar Ekdal,DEF,252316,Hjalmar Ekdal,CB,,72,53,33,53,63,72,76,49,56,30,43,28,36,28,37,67,64,28,26,29,55,59,64,69,55,70,72,70,72,73,71,70,74,74,67,81,5,12,12,6,,,,2,2,1
Sweden,F,Jacob Widell Zetterström,15,Carl Starfelt,DEF,220821,Carl Starfelt,CB,,78,74,31,56,68,78,78,68,78,25,52,23,26,39,32,76,66,33,24,27,56,68,69,67,65,77,67,77,77,79,77,77,78,84,74,80,8,15,13,7,,"Block,Intercept,Aerial Fortress",,2,3,1
Sweden,F,Jacob Widell Zetterström,20,Eric Smith,DEF,222369,Eric Smith,CDM,"CM,CB",75,67,59,67,66,73,79,61,71,50,77,67,43,41,66,75,77,53,70,43,70,63,70,65,55,76,70,77,78,69,66,68,74,77,77,82,12,12,13,7,,"Long Ball Pass,Anticipate",,2,3,1
Sweden,F,Jacob Widell Zetterström,24,Elliot Stroud,DEF,272712,Elliot Stroud,LB,LM,71,79,65,64,67,65,73,76,82,65,70,65,54,57,62,67,65,59,63,69,55,66,68,74,70,63,63,61,62,69,66,64,58,79,84,72,12,14,15,10,,"Power Shot,Dead Ball,Low Driven Shot,Whipped Pass,Press Proven",,2,3,2
Sweden,F,Jacob Widell Zetterström,7,Lucas Bergvall,MID,272926,Lucas Bergvall,CM,"CDM,CAM",77,75,63,76,77,71,73,77,73,63,66,61,49,53,73,79,79,73,65,68,78,78,77,73,73,76,80,77,69,75,72,54,75,72,78,70,7,13,13,10,,Press Proven,,3,3,1
Sweden,F,Jacob Widell Zetterström,13,Ken Sema,MID,N/A,N/A,N/A,N/A,N/A,N/A,N/A,N/A,N/A,N/A,N/A,N/A,N/A,N/A,N/A,N/A,N/A,N/A,N/A,N/A,N/A,N/A,N/A,N/A,N/A,N/A,N/A,N/A,N/A,N/A,N/A,N/A,N/A,N/A,N/A,N/A,N/A,N/A,N/A,N/A,N/A,N/A,N/A,N/A,N/A,N/A,N/A,N/A,N/A,N/A
Sweden,F,Jacob Widell Zetterström,16,Jesper Karlström,MID,214658,Jesper Karlström,CDM,CM,75,64,57,72,71,71,78,66,62,52,69,62,50,48,58,76,74,66,59,64,76,70,74,65,65,72,76,72,70,74,70,62,74,75,84,76,11,8,10,11,,Block,,2,3,1
Sweden,F,Jacob Widell Zetterström,18,Yasin Ayari,MID,257400,Yasin Ayari,CM,CDM,75,69,70,73,77,69,62,69,69,66,73,78,59,61,72,76,75,75,59,66,75,76,76,79,86,75,74,73,69,72,76,46,78,55,72,51,9,11,7,7,,Incisive Pass,,3,3,1
Sweden,F,Jacob Widell Zetterström,19,Mattias Svanberg,MID,228946,Mattias Svanberg,CM,CDM,76,73,70,74,76,66,73,77,70,68,74,76,55,57,75,78,75,70,63,68,76,76,79,74,67,77,75,72,70,70,63,32,67,65,76,75,7,6,13,8,,Acrobatic,,3,3,1
Czechia,A,Matej Kovar,9,Adam Hlozek,FWD,246618,Adam Hložek,ST,"RM,CAM,RW",77,78,78,72,77,31,79,78,78,77,84,79,73,66,75,75,68,68,68,69,76,78,78,69,76,75,76,23,23,32,23,72,69,88,77,83,11,10,9,11,,Gamechanger,,3,4,1
Sweden,F,Jacob Widell Zetterström,22,Besfort Zeneli,MID,270919,Besfort Zeneli,CM,,72,71,65,68,70,56,67,74,69,68,62,67,54,54,71,74,72,50,51,57,74,69,69,77,73,73,68,70,32,69,66,53,63,68,73,65,12,5,8,9,,Dead Ball,,3,3,1
Mexico,A,Raúl Rangel,9,Raúl Jiménez,FWD,204838,Raúl Jiménez,ST,,77,57,79,74,75,46,79,61,54,79,82,72,75,89,80,77,73,76,72,70,74,75,78,67,59,79,76,52,43,38,30,78,79,85,67,85,7,11,13,14,,"Acrobatic,Gamechanger,Enforcer",,3,3,1
Sweden,F,Jacob Widell Zetterström,10,Benjamin Nygren,FWD,243646,Benjamin Nygren,CM,"RW,LW,CAM",72,71,73,71,72,60,71,73,70,75,72,70,68,64,78,74,71,72,68,65,74,73,71,72,63,69,72,49,60,65,54,69,66,76,81,68,6,10,6,12,,Low Driven Shot,,3,3,2
Sweden,F,Jacob Widell Zetterström,11,Anthony Elanga,FWD,257470,Anthony Elanga,RW,RM,81,92,72,76,82,39,70,93,91,77,72,67,64,56,80,76,66,79,66,80,79,83,81,85,79,79,79,31,38,38,33,67,55,84,75,72,13,5,13,8,,"Low Driven Shot,Rapid,Quick Step,Enforcer",,3,5,1
Canada,B,Dayne St. Clair,9,Cyle Larin,FWD,226777,Cyle Larin,ST,,77,70,77,68,71,28,78,66,74,78,80,72,72,72,78,75,55,66,50,69,67,74,73,62,48,76,65,22,21,25,20,77,60,87,72,88,12,9,8,12,,"Low Driven Shot,Enforcer",,3,4,1
Switzerland,B,Gregor Kobel,7,Breel Embolo,FWD,222357,Breel Embolo,ST,,77,78,75,70,75,51,80,73,82,75,83,70,74,66,80,75,70,68,58,63,74,76,77,67,66,75,75,44,40,63,38,76,79,89,68,85,13,6,7,7,,"Rapid,Enforcer",,3,4,1
Sweden,F,Jacob Widell Zetterström,26,Taha Ali,FWD,260972,Taha Ali,LM,"RM,ST,LW",68,86,60,58,75,35,50,92,81,61,60,59,51,57,59,61,55,48,38,56,64,76,70,94,87,56,74,39,45,24,28,34,57,49,76,34,12,5,12,8,,"Inventive,Technical,Trickster,Quick Step",,5,2,1
Tunisia,F,Mouhib Chamakh,1,Mouhib Chamakh,GK,N/A,N/A,N/A,N/A,N/A,N/A,N/A,N/A,N/A,N/A,N/A,N/A,N/A,N/A,N/A,N/A,N/A,N/A,N/A,N/A,N/A,N/A,N/A,N/A,N/A,N/A,N/A,N/A,N/A,N/A,N/A,N/A,N/A,N/A,N/A,N/A,N/A,N/A,N/A,N/A,N/A,N/A,N/A,N/A,N/A,N/A,N/A,N/A,N/A,N/A
Tunisia,F,Mouhib Chamakh,16,Aymen Dahmen,GK,N/A,N/A,N/A,N/A,N/A,N/A,N/A,N/A,N/A,N/A,N/A,N/A,N/A,N/A,N/A,N/A,N/A,N/A,N/A,N/A,N/A,N/A,N/A,N/A,N/A,N/A,N/A,N/A,N/A,N/A,N/A,N/A,N/A,N/A,N/A,N/A,N/A,N/A,N/A,N/A,N/A,N/A,N/A,N/A,N/A,N/A,N/A,N/A,N/A,N/A
Tunisia,F,Mouhib Chamakh,22,Sabri Ben Hessen,GK,N/A,N/A,N/A,N/A,N/A,N/A,N/A,N/A,N/A,N/A,N/A,N/A,N/A,N/A,N/A,N/A,N/A,N/A,N/A,N/A,N/A,N/A,N/A,N/A,N/A,N/A,N/A,N/A,N/A,N/A,N/A,N/A,N/A,N/A,N/A,N/A,N/A,N/A,N/A,N/A,N/A,N/A,N/A,N/A,N/A,N/A,N/A,N/A,N/A,N/A
Tunisia,F,Mouhib Chamakh,2,Ali Abdi,DEF,252711,Ali Abdi,LB,LM,76,86,62,70,73,69,75,83,89,63,67,62,49,41,70,76,65,69,44,74,66,72,75,76,68,70,71,68,68,70,70,69,67,82,89,71,13,13,13,10,,"Whipped Pass,Anticipate,Relentless,Long Throw",,3,3,2
Tunisia,F,Mouhib Chamakh,3,Montassar Talbi,DEF,245410,Montassar Talbi,CB,,73,56,30,42,57,73,76,54,58,23,46,25,34,41,25,61,40,26,35,27,30,48,65,60,69,67,65,69,73,77,73,71,76,78,64,81,9,8,12,10,,"Block,Anticipate,Slide Tackle",,2,3,1
Tunisia,F,Mouhib Chamakh,4,Omar Rekik,DEF,N/A,N/A,N/A,N/A,N/A,N/A,N/A,N/A,N/A,N/A,N/A,N/A,N/A,N/A,N/A,N/A,N/A,N/A,N/A,N/A,N/A,N/A,N/A,N/A,N/A,N/A,N/A,N/A,N/A,N/A,N/A,N/A,N/A,N/A,N/A,N/A,N/A,N/A,N/A,N/A,N/A,N/A,N/A,N/A,N/A,N/A,N/A,N/A,N/A,N/A
Tunisia,F,Mouhib Chamakh,5,Adem Arous,DEF,N/A,N/A,N/A,N/A,N/A,N/A,N/A,N/A,N/A,N/A,N/A,N/A,N/A,N/A,N/A,N/A,N/A,N/A,N/A,N/A,N/A,N/A,N/A,N/A,N/A,N/A,N/A,N/A,N/A,N/A,N/A,N/A,N/A,N/A,N/A,N/A,N/A,N/A,N/A,N/A,N/A,N/A,N/A,N/A,N/A,N/A,N/A,N/A,N/A,N/A
Tunisia,F,Mouhib Chamakh,6,Dylan Bronn,DEF,235565,Dylan Bronn,CB,,68,60,61,64,61,68,76,62,58,56,70,64,54,63,56,65,64,63,52,65,65,57,64,66,60,66,66,68,69,68,67,67,70,74,82,75,6,10,9,7,,,,2,3,1
Tunisia,F,Mouhib Chamakh,20,Yan Valery,DEF,236316,Yan Valery,RB,"CB,LB,RM",71,62,52,63,68,70,74,69,56,42,67,63,34,41,59,67,63,55,41,69,59,68,68,65,67,71,69,70,69,72,68,68,73,73,81,70,12,14,7,11,,Jockey,,3,2,1
Tunisia,F,Mouhib Chamakh,21,Mohamed Amine Ben Hmida,DEF,N/A,N/A,N/A,N/A,N/A,N/A,N/A,N/A,N/A,N/A,N/A,N/A,N/A,N/A,N/A,N/A,N/A,N/A,N/A,N/A,N/A,N/A,N/A,N/A,N/A,N/A,N/A,N/A,N/A,N/A,N/A,N/A,N/A,N/A,N/A,N/A,N/A,N/A,N/A,N/A,N/A,N/A,N/A,N/A,N/A,N/A,N/A,N/A,N/A,N/A
Tunisia,F,Mouhib Chamakh,23,Moutaz Neffati,DEF,279056,Moutaz Neffati,RB,"RM,RW",63,68,53,58,61,59,57,66,70,56,52,51,43,46,60,62,59,44,31,62,57,60,61,64,68,61,54,58,57,60,59,60,56,65,57,57,15,10,9,9,,,,3,3,1
Tunisia,F,Mouhib Chamakh,24,Raed Chikhaoui,DEF,N/A,N/A,N/A,N/A,N/A,N/A,N/A,N/A,N/A,N/A,N/A,N/A,N/A,N/A,N/A,N/A,N/A,N/A,N/A,N/A,N/A,N/A,N/A,N/A,N/A,N/A,N/A,N/A,N/A,N/A,N/A,N/A,N/A,N/A,N/A,N/A,N/A,N/A,N/A,N/A,N/A,N/A,N/A,N/A,N/A,N/A,N/A,N/A,N/A,N/A
Tunisia,F,Mouhib Chamakh,10,Hannibal Mejbri,MID,N/A,N/A,N/A,N/A,N/A,N/A,N/A,N/A,N/A,N/A,N/A,N/A,N/A,N/A,N/A,N/A,N/A,N/A,N/A,N/A,N/A,N/A,N/A,N/A,N/A,N/A,N/A,N/A,N/A,N/A,N/A,N/A,N/A,N/A,N/A,N/A,N/A,N/A,N/A,N/A,N/A,N/A,N/A,N/A,N/A,N/A,N/A,N/A,N/A,N/A
Tunisia,F,Mouhib Chamakh,11,Ismaël Gharbi,MID,263194,Ismaël Gharbi,LM,"CAM,LW",73,78,67,69,79,41,56,81,75,66,74,68,55,60,65,71,64,74,57,68,73,79,79,86,82,66,73,40,37,45,38,45,54,61,70,50,7,9,13,15,,"Gamechanger,Inventive,Technical",,3,4,1
Tunisia,F,Mouhib Chamakh,12,Mortadha Ben Ouanes,MID,263432,Mortadha Ben Ouanes,LB,"RM,LM,RW",69,72,60,68,68,66,65,73,72,59,65,62,40,63,62,70,65,69,52,69,70,68,69,68,63,63,71,64,69,67,66,59,64,70,70,63,14,15,8,13,,,,3,3,2
Tunisia,F,Mouhib Chamakh,13,Rani Khedira,MID,211999,Rani Khedira,CDM,CM,75,57,43,57,62,79,83,53,60,34,58,51,29,46,43,68,63,38,41,42,59,58,68,54,55,75,69,78,83,78,74,75,86,79,80,83,9,13,11,12,,"Aerial Fortress,Bruiser",,2,3,1
Tunisia,F,Mouhib Chamakh,15,Hadj Mahmoud,MID,N/A,N/A,N/A,N/A,N/A,N/A,N/A,N/A,N/A,N/A,N/A,N/A,N/A,N/A,N/A,N/A,N/A,N/A,N/A,N/A,N/A,N/A,N/A,N/A,N/A,N/A,N/A,N/A,N/A,N/A,N/A,N/A,N/A,N/A,N/A,N/A,N/A,N/A,N/A,N/A,N/A,N/A,N/A,N/A,N/A,N/A,N/A,N/A,N/A,N/A
Tunisia,F,Mouhib Chamakh,17,Ellyes Skhiri,MID,225126,Ellyes Skhiri,CDM,CM,80,64,73,74,75,80,74,65,64,76,75,72,60,58,75,78,81,72,55,67,72,75,74,74,64,83,80,84,82,79,73,75,77,76,83,69,15,14,8,14,,"Intercept,Press Proven,Relentless",,3,3,1
Tunisia,F,Mouhib Chamakh,25,Anis Ben Slimane,MID,N/A,N/A,N/A,N/A,N/A,N/A,N/A,N/A,N/A,N/A,N/A,N/A,N/A,N/A,N/A,N/A,N/A,N/A,N/A,N/A,N/A,N/A,N/A,N/A,N/A,N/A,N/A,N/A,N/A,N/A,N/A,N/A,N/A,N/A,N/A,N/A,N/A,N/A,N/A,N/A,N/A,N/A,N/A,N/A,N/A,N/A,N/A,N/A,N/A,N/A
Tunisia,F,Mouhib Chamakh,7,Elias Achouri,FWD,263672,Elias Achouri,LM,LW,72,85,64,65,74,32,58,86,85,64,67,62,60,62,68,66,60,68,54,67,68,76,74,76,75,68,66,28,28,35,32,46,48,67,66,58,13,11,6,15,,"Inventive,Technical,Trickster",,4,4,1
Tunisia,F,Mouhib Chamakh,8,Elias Saad,FWD,274000,Elias Saad,LW,"LM,CAM",72,74,67,67,77,31,59,82,67,72,69,59,60,55,68,73,63,63,42,64,71,79,73,86,83,68,70,25,28,33,36,42,45,62,69,59,7,9,8,12,,"Finesse Shot,Tiki Taka,Inventive,Trickster",,5,3,1
Tunisia,F,Mouhib Chamakh,9,Hazem Mastouri,FWD,N/A,N/A,N/A,N/A,N/A,N/A,N/A,N/A,N/A,N/A,N/A,N/A,N/A,N/A,N/A,N/A,N/A,N/A,N/A,N/A,N/A,N/A,N/A,N/A,N/A,N/A,N/A,N/A,N/A,N/A,N/A,N/A,N/A,N/A,N/A,N/A,N/A,N/A,N/A,N/A,N/A,N/A,N/A,N/A,N/A,N/A,N/A,N/A,N/A,N/A
Tunisia,F,Mouhib Chamakh,14,Khalil Ayari,FWD,N/A,N/A,N/A,N/A,N/A,N/A,N/A,N/A,N/A,N/A,N/A,N/A,N/A,N/A,N/A,N/A,N/A,N/A,N/A,N/A,N/A,N/A,N/A,N/A,N/A,N/A,N/A,N/A,N/A,N/A,N/A,N/A,N/A,N/A,N/A,N/A,N/A,N/A,N/A,N/A,N/A,N/A,N/A,N/A,N/A,N/A,N/A,N/A,N/A,N/A
Tunisia,F,Mouhib Chamakh,18,Rayan Elloumi,FWD,N/A,N/A,N/A,N/A,N/A,N/A,N/A,N/A,N/A,N/A,N/A,N/A,N/A,N/A,N/A,N/A,N/A,N/A,N/A,N/A,N/A,N/A,N/A,N/A,N/A,N/A,N/A,N/A,N/A,N/A,N/A,N/A,N/A,N/A,N/A,N/A,N/A,N/A,N/A,N/A,N/A,N/A,N/A,N/A,N/A,N/A,N/A,N/A,N/A,N/A
Tunisia,F,Mouhib Chamakh,19,Firas Chaouat,FWD,N/A,N/A,N/A,N/A,N/A,N/A,N/A,N/A,N/A,N/A,N/A,N/A,N/A,N/A,N/A,N/A,N/A,N/A,N/A,N/A,N/A,N/A,N/A,N/A,N/A,N/A,N/A,N/A,N/A,N/A,N/A,N/A,N/A,N/A,N/A,N/A,N/A,N/A,N/A,N/A,N/A,N/A,N/A,N/A,N/A,N/A,N/A,N/A,N/A,N/A
Tunisia,F,Mouhib Chamakh,26,Sebastien Tounekti,FWD,N/A,N/A,N/A,N/A,N/A,N/A,N/A,N/A,N/A,N/A,N/A,N/A,N/A,N/A,N/A,N/A,N/A,N/A,N/A,N/A,N/A,N/A,N/A,N/A,N/A,N/A,N/A,N/A,N/A,N/A,N/A,N/A,N/A,N/A,N/A,N/A,N/A,N/A,N/A,N/A,N/A,N/A,N/A,N/A,N/A,N/A,N/A,N/A,N/A,N/A
Japan,F,Zion Suzuki,1,Zion Suzuki,GK,255981,Zion Suzuki,GK,,74,,,,,,,,,,,,,,,,,,,,,,,,,,,,,,,,,,,,73,72,71,73,76,"Long Ball Pass,Cross Claimer",,1,3,1
Netherlands,F,Bart Verbruggen,13,Robin Roefs,GK,263798,Robin Roefs,GK,,74,,,,,,,,,,,,,,,,,,,,,,,,,,,,,,,,,,,,76,74,68,70,76,"Footwork,Far Reach",,1,3,2
Sweden,F,Jacob Widell Zetterström,12,Viktor Johansson,GK,241643,Viktor Johansson,GK,,74,,,,,,,,,,,,,,,,,,,,,,,,,,,,,,,,,,,,75,71,70,73,77,"Long Ball Pass,Cross Claimer,Deflector",,1,3,1
Belgium,G,Thibaut Courtois,2,Zeno Debast,DEF,254262,Zeno Debast,CDM,"CB,CM",78,70,56,76,74,77,76,66,73,51,68,65,37,42,53,77,81,77,71,77,71,76,78,61,53,77,73,76,76,79,76,76,77,80,81,73,6,6,15,6,,Long Ball Pass,,3,4,1
Belgium,G,Thibaut Courtois,3,Arthur Theate,DEF,257278,Arthur Theate,CB,"LB,LM",80,67,40,70,71,80,82,66,68,23,70,58,24,32,29,77,76,53,37,68,70,70,75,64,56,80,77,83,81,81,77,75,82,82,82,82,7,6,12,11,,"Precision Header,Aerial Fortress",,2,3,2
Belgium,G,Thibaut Courtois,4,Brandon Mechele,DEF,212204,Brandon Mechele,CB,,76,49,40,55,56,80,78,46,51,38,63,24,32,35,39,76,68,30,33,42,32,49,59,63,56,68,78,80,81,81,76,75,71,75,80,80,11,7,13,13,,"Precision Header,Long Ball Pass,Block,Intercept,Anticipate,Aerial Fortress",,2,4,1
Belgium,G,Thibaut Courtois,5,Maxim De Cuyper,DEF,251479,Maxim De Cuyper,LB,"RB,LM",80,76,73,80,79,75,75,78,75,70,78,74,68,78,75,78,79,78,73,85,81,78,80,79,78,77,82,75,76,76,75,65,79,76,87,67,11,8,7,7,,"Long Ball Pass,Whipped Pass,Jockey,Press Proven",,2,4,2
Belgium,G,Thibaut Courtois,15,Thomas Meunier,DEF,202371,Thomas Meunier,RB,RM,76,63,74,72,71,75,81,60,66,70,80,77,76,65,74,67,75,76,56,80,73,75,72,62,46,73,74,75,72,74,77,80,76,85,78,84,8,13,15,6,,,,3,4,1
Belgium,G,Thibaut Courtois,16,Koni De Winter,DEF,265774,Koni De Winter,CB,,74,67,40,58,66,75,72,65,69,30,52,45,42,50,48,68,65,51,34,59,42,66,67,62,55,71,64,71,74,79,76,76,71,79,76,70,12,8,11,10,,,,2,3,1
Belgium,G,Thibaut Courtois,18,Joaquin Seys,DEF,71305,Joaquin Seys,RB,"LB,RM",72,81,35,67,69,67,66,82,81,33,36,35,28,41,59,74,60,59,30,71,65,66,70,79,75,62,64,67,68,69,70,50,57,71,73,66,12,15,14,10,,,,2,4,2
Belgium,G,Thibaut Courtois,21,Timothy Castagne,DEF,222501,Timothy Castagne,RB,RM,76,68,57,70,72,74,71,67,68,56,65,52,40,47,71,74,70,58,33,76,70,71,75,68,65,75,68,74,74,75,73,72,75,75,78,66,14,9,15,10,,,,2,3,1
Belgium,G,Thibaut Courtois,25,Nathan Ngoy,DEF,262071,Nathan Ngoy,CB,RB,67,78,44,49,67,65,74,76,80,38,69,40,34,24,40,60,58,32,16,54,29,68,67,67,66,64,57,66,66,64,63,66,68,76,66,81,12,15,8,6,,,,2,3,1
Belgium,G,Thibaut Courtois,6,Axel Witsel,MID,177413,Axel Witsel,CB,,77,31,63,76,74,79,66,30,31,62,64,57,75,76,69,81,79,71,64,68,75,75,78,51,67,78,83,80,81,78,74,78,70,73,35,80,5,7,7,10,,Bruiser,,3,4,1
Belgium,G,Thibaut Courtois,7,Kevin De Bruyne,MID,192985,Kevin De Bruyne,CM,CAM,87,66,83,92,84,65,72,65,66,78,90,87,81,83,81,92,93,93,83,93,92,85,89,68,66,89,87,65,65,70,55,55,73,70,66,74,15,13,5,10,,"Dead Ball,Incisive Pass,Pinged Pass,Inventive",Whipped Pass+,4,5,1
Belgium,G,Thibaut Courtois,8,Youri Tielemans,MID,216393,Youri Tielemans,CM,"CDM,CAM",85,54,79,85,80,75,72,51,57,77,85,76,83,75,77,87,88,84,78,80,87,79,86,62,77,85,88,75,74,77,80,70,64,68,87,69,6,8,10,14,,"Power Shot,Incisive Pass,Press Proven",Pinged Pass+,4,4,1
Austria,J,Alexander Schlager,21,Patrick Wimmer,MID,254566,Patrick Wimmer,CAM,"RW,CM,ST",77,84,69,72,81,49,73,83,84,70,75,68,57,52,76,74,66,64,50,73,78,82,79,85,83,75,70,48,53,47,45,44,65,70,78,73,12,13,9,14,,"Acrobatic,Inventive,Rapid,First Touch,Relentless",,5,4,1
Belgium,G,Thibaut Courtois,23,Nicolas Raskin,MID,239810,Nicolas Raskin,CDM,CM,77,73,63,73,76,73,74,78,68,58,71,67,58,58,64,79,74,69,67,66,71,72,76,82,88,80,79,72,71,77,72,66,82,76,84,65,14,14,13,11,,"Pinged Pass,Tiki Taka,Jockey,Intercept,Anticipate,Press Proven,Relentless",,3,4,1
Belgium,G,Thibaut Courtois,24,Amadou Onana,MID,257057,Amadou Onana,CDM,CM,79,74,62,72,73,78,81,64,82,57,75,67,51,39,67,80,77,72,42,58,76,76,78,49,52,75,74,76,78,80,79,78,83,85,76,83,7,12,12,9,,"Precision Header,Slide Tackle,Aerial Fortress,Press Proven,Enforcer",,3,4,1
Brazil,C,Alisson,19,Endrick,FWD,272505,Endrick,ST,RW,77,87,77,62,78,30,68,88,86,78,79,74,74,68,76,68,59,66,71,48,66,78,77,85,78,77,74,20,24,30,31,70,55,84,68,71,8,8,15,15,,"Power Shot,Gamechanger,Rapid,Quick Step",,4,3,2
Belgium,G,Thibaut Courtois,10,Leandro Trossard,FWD,207421,Leandro Trossard,LW,"ST,LM",83,80,81,80,85,30,60,87,75,83,83,78,80,75,83,82,77,83,69,79,81,84,84,92,85,82,84,18,30,31,18,65,47,74,76,55,14,8,11,7,,Whipped Pass,,4,5,1
Belgium,G,Thibaut Courtois,11,Jérémy Doku,FWD,246420,Jérémy Doku,LW,"RW,LM",80,91,71,72,87,32,68,95,88,72,77,70,60,55,76,76,69,72,55,70,74,91,81,93,92,75,75,20,40,30,25,40,62,73,63,73,11,10,8,9,,"Inventive,Trickster,Quick Step,Enforcer",Rapid+,4,3,1
Belgium,G,Thibaut Courtois,14,Dodi Lukébakio,FWD,231416,Dodi Lukébakio,RM,"RW,ST",82,87,81,76,83,31,64,86,87,82,85,78,74,80,81,78,67,84,68,78,78,86,84,80,71,80,80,26,31,29,24,55,38,76,72,69,9,7,14,11,,"Gamechanger,Technical",,4,3,2
Czechia,A,Matej Kovar,17,Lukas Provod,FWD,253727,Lukáš Provod,CAM,"CM,LM",78,76,75,78,78,64,82,71,80,71,82,80,68,69,78,79,78,75,72,78,77,79,79,73,77,79,79,67,62,64,63,69,73,82,85,85,14,5,10,7,,"Power Shot,Press Proven",,3,4,2
Belgium,G,Thibaut Courtois,19,Diego Moreira,FWD,270039,Diego Moreira,LM,LB,77,90,67,69,79,64,68,87,92,66,70,68,58,60,73,72,61,74,49,71,70,80,78,84,83,74,76,69,63,66,62,48,65,70,83,62,9,11,6,8,,"Gamechanger,Rapid,Relentless",,4,3,2
Belgium,G,Thibaut Courtois,22,Alexis Saelemaekers,FWD,242664,Alexis Saelemaekers,RM,"LM,RW",79,80,67,75,81,66,63,83,77,68,64,74,65,44,75,77,70,76,67,80,71,81,81,86,78,79,74,67,69,69,66,45,69,63,77,54,9,6,9,12,,Relentless,,4,4,1
Belgium,G,Thibaut Courtois,26,Matias Fernandez-Pardo,FWD,276048,Matias Fernandez-Pardo,LM,"RM,LW",75,87,71,68,76,39,57,84,90,69,77,72,62,70,70,73,60,64,60,69,68,78,75,76,69,73,74,36,41,36,32,51,41,69,66,58,14,9,6,13,,"Press Proven,Quick Step",,3,3,1
Egypt,G,Mohamed El-Shenawy,1,Mohamed El-Shenawy,GK,N/A,N/A,N/A,N/A,N/A,N/A,N/A,N/A,N/A,N/A,N/A,N/A,N/A,N/A,N/A,N/A,N/A,N/A,N/A,N/A,N/A,N/A,N/A,N/A,N/A,N/A,N/A,N/A,N/A,N/A,N/A,N/A,N/A,N/A,N/A,N/A,N/A,N/A,N/A,N/A,N/A,N/A,N/A,N/A,N/A,N/A,N/A,N/A,N/A,N/A
Egypt,G,Mohamed El-Shenawy,16,El Mahdy Soliman,GK,N/A,N/A,N/A,N/A,N/A,N/A,N/A,N/A,N/A,N/A,N/A,N/A,N/A,N/A,N/A,N/A,N/A,N/A,N/A,N/A,N/A,N/A,N/A,N/A,N/A,N/A,N/A,N/A,N/A,N/A,N/A,N/A,N/A,N/A,N/A,N/A,N/A,N/A,N/A,N/A,N/A,N/A,N/A,N/A,N/A,N/A,N/A,N/A,N/A,N/A
Egypt,G,Mohamed El-Shenawy,23,Mostafa Oufa Shobeir,GK,N/A,N/A,N/A,N/A,N/A,N/A,N/A,N/A,N/A,N/A,N/A,N/A,N/A,N/A,N/A,N/A,N/A,N/A,N/A,N/A,N/A,N/A,N/A,N/A,N/A,N/A,N/A,N/A,N/A,N/A,N/A,N/A,N/A,N/A,N/A,N/A,N/A,N/A,N/A,N/A,N/A,N/A,N/A,N/A,N/A,N/A,N/A,N/A,N/A,N/A
Egypt,G,Mohamed El-Shenawy,26,Mohamed Alaa,GK,N/A,N/A,N/A,N/A,N/A,N/A,N/A,N/A,N/A,N/A,N/A,N/A,N/A,N/A,N/A,N/A,N/A,N/A,N/A,N/A,N/A,N/A,N/A,N/A,N/A,N/A,N/A,N/A,N/A,N/A,N/A,N/A,N/A,N/A,N/A,N/A,N/A,N/A,N/A,N/A,N/A,N/A,N/A,N/A,N/A,N/A,N/A,N/A,N/A,N/A
Egypt,G,Mohamed El-Shenawy,2,Yasser Ibrahim,DEF,N/A,N/A,N/A,N/A,N/A,N/A,N/A,N/A,N/A,N/A,N/A,N/A,N/A,N/A,N/A,N/A,N/A,N/A,N/A,N/A,N/A,N/A,N/A,N/A,N/A,N/A,N/A,N/A,N/A,N/A,N/A,N/A,N/A,N/A,N/A,N/A,N/A,N/A,N/A,N/A,N/A,N/A,N/A,N/A,N/A,N/A,N/A,N/A,N/A,N/A
Egypt,G,Mohamed El-Shenawy,3,Mohamed Hany,DEF,N/A,N/A,N/A,N/A,N/A,N/A,N/A,N/A,N/A,N/A,N/A,N/A,N/A,N/A,N/A,N/A,N/A,N/A,N/A,N/A,N/A,N/A,N/A,N/A,N/A,N/A,N/A,N/A,N/A,N/A,N/A,N/A,N/A,N/A,N/A,N/A,N/A,N/A,N/A,N/A,N/A,N/A,N/A,N/A,N/A,N/A,N/A,N/A,N/A,N/A
Egypt,G,Mohamed El-Shenawy,4,Hossam Abdelmaguid,DEF,N/A,N/A,N/A,N/A,N/A,N/A,N/A,N/A,N/A,N/A,N/A,N/A,N/A,N/A,N/A,N/A,N/A,N/A,N/A,N/A,N/A,N/A,N/A,N/A,N/A,N/A,N/A,N/A,N/A,N/A,N/A,N/A,N/A,N/A,N/A,N/A,N/A,N/A,N/A,N/A,N/A,N/A,N/A,N/A,N/A,N/A,N/A,N/A,N/A,N/A
Egypt,G,Mohamed El-Shenawy,5,Ramy Rabia,DEF,220380,Ramy Rabia,CB,,67,60,49,55,55,67,72,58,61,39,66,55,55,43,45,66,59,36,34,43,53,50,58,61,64,58,63,67,65,69,67,68,71,73,65,75,14,9,13,8,,Precision Header,,2,3,1
Egypt,G,Mohamed El-Shenawy,6,Mohamed Abdelmonem,DEF,269164,Mohamed Abdelmonem,CB,,74,62,40,63,61,74,74,63,62,34,56,38,28,44,48,74,71,58,24,56,57,58,62,61,68,68,74,73,73,76,73,78,77,83,63,77,14,14,6,14,,,,2,3,1
Egypt,G,Mohamed El-Shenawy,13,Ahmed Fatouh,DEF,N/A,N/A,N/A,N/A,N/A,N/A,N/A,N/A,N/A,N/A,N/A,N/A,N/A,N/A,N/A,N/A,N/A,N/A,N/A,N/A,N/A,N/A,N/A,N/A,N/A,N/A,N/A,N/A,N/A,N/A,N/A,N/A,N/A,N/A,N/A,N/A,N/A,N/A,N/A,N/A,N/A,N/A,N/A,N/A,N/A,N/A,N/A,N/A,N/A,N/A
Egypt,G,Mohamed El-Shenawy,15,Karim Hafez,DEF,N/A,N/A,N/A,N/A,N/A,N/A,N/A,N/A,N/A,N/A,N/A,N/A,N/A,N/A,N/A,N/A,N/A,N/A,N/A,N/A,N/A,N/A,N/A,N/A,N/A,N/A,N/A,N/A,N/A,N/A,N/A,N/A,N/A,N/A,N/A,N/A,N/A,N/A,N/A,N/A,N/A,N/A,N/A,N/A,N/A,N/A,N/A,N/A,N/A,N/A
Egypt,G,Mohamed El-Shenawy,24,Tarek Alaa,DEF,N/A,N/A,N/A,N/A,N/A,N/A,N/A,N/A,N/A,N/A,N/A,N/A,N/A,N/A,N/A,N/A,N/A,N/A,N/A,N/A,N/A,N/A,N/A,N/A,N/A,N/A,N/A,N/A,N/A,N/A,N/A,N/A,N/A,N/A,N/A,N/A,N/A,N/A,N/A,N/A,N/A,N/A,N/A,N/A,N/A,N/A,N/A,N/A,N/A,N/A
Egypt,G,Mohamed El-Shenawy,8,Emam Ashour,MID,N/A,N/A,N/A,N/A,N/A,N/A,N/A,N/A,N/A,N/A,N/A,N/A,N/A,N/A,N/A,N/A,N/A,N/A,N/A,N/A,N/A,N/A,N/A,N/A,N/A,N/A,N/A,N/A,N/A,N/A,N/A,N/A,N/A,N/A,N/A,N/A,N/A,N/A,N/A,N/A,N/A,N/A,N/A,N/A,N/A,N/A,N/A,N/A,N/A,N/A
Egypt,G,Mohamed El-Shenawy,11,Mostafa Ziko,MID,N/A,N/A,N/A,N/A,N/A,N/A,N/A,N/A,N/A,N/A,N/A,N/A,N/A,N/A,N/A,N/A,N/A,N/A,N/A,N/A,N/A,N/A,N/A,N/A,N/A,N/A,N/A,N/A,N/A,N/A,N/A,N/A,N/A,N/A,N/A,N/A,N/A,N/A,N/A,N/A,N/A,N/A,N/A,N/A,N/A,N/A,N/A,N/A,N/A,N/A
Egypt,G,Mohamed El-Shenawy,14,Hamdy Fathy,MID,N/A,N/A,N/A,N/A,N/A,N/A,N/A,N/A,N/A,N/A,N/A,N/A,N/A,N/A,N/A,N/A,N/A,N/A,N/A,N/A,N/A,N/A,N/A,N/A,N/A,N/A,N/A,N/A,N/A,N/A,N/A,N/A,N/A,N/A,N/A,N/A,N/A,N/A,N/A,N/A,N/A,N/A,N/A,N/A,N/A,N/A,N/A,N/A,N/A,N/A
Egypt,G,Mohamed El-Shenawy,17,Mohanad Lasheen,MID,N/A,N/A,N/A,N/A,N/A,N/A,N/A,N/A,N/A,N/A,N/A,N/A,N/A,N/A,N/A,N/A,N/A,N/A,N/A,N/A,N/A,N/A,N/A,N/A,N/A,N/A,N/A,N/A,N/A,N/A,N/A,N/A,N/A,N/A,N/A,N/A,N/A,N/A,N/A,N/A,N/A,N/A,N/A,N/A,N/A,N/A,N/A,N/A,N/A,N/A
Egypt,G,Mohamed El-Shenawy,18,Nabil Dunga Emad,MID,N/A,N/A,N/A,N/A,N/A,N/A,N/A,N/A,N/A,N/A,N/A,N/A,N/A,N/A,N/A,N/A,N/A,N/A,N/A,N/A,N/A,N/A,N/A,N/A,N/A,N/A,N/A,N/A,N/A,N/A,N/A,N/A,N/A,N/A,N/A,N/A,N/A,N/A,N/A,N/A,N/A,N/A,N/A,N/A,N/A,N/A,N/A,N/A,N/A,N/A
Egypt,G,Mohamed El-Shenawy,19,Marwan Attia,MID,N/A,N/A,N/A,N/A,N/A,N/A,N/A,N/A,N/A,N/A,N/A,N/A,N/A,N/A,N/A,N/A,N/A,N/A,N/A,N/A,N/A,N/A,N/A,N/A,N/A,N/A,N/A,N/A,N/A,N/A,N/A,N/A,N/A,N/A,N/A,N/A,N/A,N/A,N/A,N/A,N/A,N/A,N/A,N/A,N/A,N/A,N/A,N/A,N/A,N/A
Egypt,G,Mohamed El-Shenawy,21,Mahmoud Saber,MID,N/A,N/A,N/A,N/A,N/A,N/A,N/A,N/A,N/A,N/A,N/A,N/A,N/A,N/A,N/A,N/A,N/A,N/A,N/A,N/A,N/A,N/A,N/A,N/A,N/A,N/A,N/A,N/A,N/A,N/A,N/A,N/A,N/A,N/A,N/A,N/A,N/A,N/A,N/A,N/A,N/A,N/A,N/A,N/A,N/A,N/A,N/A,N/A,N/A,N/A
Egypt,G,Mohamed El-Shenawy,7,Mahmoud Hassan Trezeguet,FWD,N/A,N/A,N/A,N/A,N/A,N/A,N/A,N/A,N/A,N/A,N/A,N/A,N/A,N/A,N/A,N/A,N/A,N/A,N/A,N/A,N/A,N/A,N/A,N/A,N/A,N/A,N/A,N/A,N/A,N/A,N/A,N/A,N/A,N/A,N/A,N/A,N/A,N/A,N/A,N/A,N/A,N/A,N/A,N/A,N/A,N/A,N/A,N/A,N/A,N/A
Egypt,G,Mohamed El-Shenawy,9,Hamza Abdelkarim,FWD,N/A,N/A,N/A,N/A,N/A,N/A,N/A,N/A,N/A,N/A,N/A,N/A,N/A,N/A,N/A,N/A,N/A,N/A,N/A,N/A,N/A,N/A,N/A,N/A,N/A,N/A,N/A,N/A,N/A,N/A,N/A,N/A,N/A,N/A,N/A,N/A,N/A,N/A,N/A,N/A,N/A,N/A,N/A,N/A,N/A,N/A,N/A,N/A,N/A,N/A
Egypt,G,Mohamed El-Shenawy,10,Mohamed Salah,FWD,209331,Mohamed Salah,RM,RW,91,89,88,86,90,45,76,88,89,94,83,78,83,88,93,88,81,88,69,86,89,90,90,86,91,94,93,55,38,43,41,59,63,79,88,75,14,14,9,11,,"Low Driven Shot,Gamechanger,Whipped Pass,Inventive,Technical,First Touch",Finesse Shot+,4,3,2
Egypt,G,Mohamed El-Shenawy,12,Haissem Hassan,FWD,245870,Haissem Hassan,RM,RW,72,91,63,61,79,26,57,92,90,63,66,59,55,64,65,63,54,62,50,66,61,80,74,92,87,66,70,20,21,31,25,40,36,65,68,59,12,10,11,8,,Quick Step,,3,3,2
Egypt,G,Mohamed El-Shenawy,20,Ibrahim Adel,FWD,N/A,N/A,N/A,N/A,N/A,N/A,N/A,N/A,N/A,N/A,N/A,N/A,N/A,N/A,N/A,N/A,N/A,N/A,N/A,N/A,N/A,N/A,N/A,N/A,N/A,N/A,N/A,N/A,N/A,N/A,N/A,N/A,N/A,N/A,N/A,N/A,N/A,N/A,N/A,N/A,N/A,N/A,N/A,N/A,N/A,N/A,N/A,N/A,N/A,N/A
USA,D,Matt Turner,20,Folarin Balogun,FWD,247463,Folarin Balogun,ST,CAM,77,84,77,62,77,23,68,82,85,79,79,72,77,71,78,69,57,59,52,58,62,78,77,76,76,76,77,18,18,15,16,75,56,86,65,73,10,12,12,13,,Acrobatic,,3,4,1
Egypt,G,Mohamed El-Shenawy,25,Ahmed Sayed Zizo,FWD,N/A,N/A,N/A,N/A,N/A,N/A,N/A,N/A,N/A,N/A,N/A,N/A,N/A,N/A,N/A,N/A,N/A,N/A,N/A,N/A,N/A,N/A,N/A,N/A,N/A,N/A,N/A,N/A,N/A,N/A,N/A,N/A,N/A,N/A,N/A,N/A,N/A,N/A,N/A,N/A,N/A,N/A,N/A,N/A,N/A,N/A,N/A,N/A,N/A,N/A
Iran,G,Alireza Beiranvand,1,Alireza Beiranvand,GK,N/A,N/A,N/A,N/A,N/A,N/A,N/A,N/A,N/A,N/A,N/A,N/A,N/A,N/A,N/A,N/A,N/A,N/A,N/A,N/A,N/A,N/A,N/A,N/A,N/A,N/A,N/A,N/A,N/A,N/A,N/A,N/A,N/A,N/A,N/A,N/A,N/A,N/A,N/A,N/A,N/A,N/A,N/A,N/A,N/A,N/A,N/A,N/A,N/A,N/A
Iran,G,Alireza Beiranvand,12,Payam Niazmand,GK,N/A,N/A,N/A,N/A,N/A,N/A,N/A,N/A,N/A,N/A,N/A,N/A,N/A,N/A,N/A,N/A,N/A,N/A,N/A,N/A,N/A,N/A,N/A,N/A,N/A,N/A,N/A,N/A,N/A,N/A,N/A,N/A,N/A,N/A,N/A,N/A,N/A,N/A,N/A,N/A,N/A,N/A,N/A,N/A,N/A,N/A,N/A,N/A,N/A,N/A
Iran,G,Alireza Beiranvand,22,Seyed Hossein Hosseini,GK,N/A,N/A,N/A,N/A,N/A,N/A,N/A,N/A,N/A,N/A,N/A,N/A,N/A,N/A,N/A,N/A,N/A,N/A,N/A,N/A,N/A,N/A,N/A,N/A,N/A,N/A,N/A,N/A,N/A,N/A,N/A,N/A,N/A,N/A,N/A,N/A,N/A,N/A,N/A,N/A,N/A,N/A,N/A,N/A,N/A,N/A,N/A,N/A,N/A,N/A
Iran,G,Alireza Beiranvand,2,Saleh Hardani,DEF,N/A,N/A,N/A,N/A,N/A,N/A,N/A,N/A,N/A,N/A,N/A,N/A,N/A,N/A,N/A,N/A,N/A,N/A,N/A,N/A,N/A,N/A,N/A,N/A,N/A,N/A,N/A,N/A,N/A,N/A,N/A,N/A,N/A,N/A,N/A,N/A,N/A,N/A,N/A,N/A,N/A,N/A,N/A,N/A,N/A,N/A,N/A,N/A,N/A,N/A
Iran,G,Alireza Beiranvand,3,Ehsan Hajsafi,DEF,N/A,N/A,N/A,N/A,N/A,N/A,N/A,N/A,N/A,N/A,N/A,N/A,N/A,N/A,N/A,N/A,N/A,N/A,N/A,N/A,N/A,N/A,N/A,N/A,N/A,N/A,N/A,N/A,N/A,N/A,N/A,N/A,N/A,N/A,N/A,N/A,N/A,N/A,N/A,N/A,N/A,N/A,N/A,N/A,N/A,N/A,N/A,N/A,N/A,N/A
Iran,G,Alireza Beiranvand,4,Shoja Khalilzadeh,DEF,N/A,N/A,N/A,N/A,N/A,N/A,N/A,N/A,N/A,N/A,N/A,N/A,N/A,N/A,N/A,N/A,N/A,N/A,N/A,N/A,N/A,N/A,N/A,N/A,N/A,N/A,N/A,N/A,N/A,N/A,N/A,N/A,N/A,N/A,N/A,N/A,N/A,N/A,N/A,N/A,N/A,N/A,N/A,N/A,N/A,N/A,N/A,N/A,N/A,N/A
Iran,G,Alireza Beiranvand,5,Milad Mohammadi,DEF,N/A,N/A,N/A,N/A,N/A,N/A,N/A,N/A,N/A,N/A,N/A,N/A,N/A,N/A,N/A,N/A,N/A,N/A,N/A,N/A,N/A,N/A,N/A,N/A,N/A,N/A,N/A,N/A,N/A,N/A,N/A,N/A,N/A,N/A,N/A,N/A,N/A,N/A,N/A,N/A,N/A,N/A,N/A,N/A,N/A,N/A,N/A,N/A,N/A,N/A
Iran,G,Alireza Beiranvand,13,Hossein Kanaani-Zadegan,DEF,N/A,N/A,N/A,N/A,N/A,N/A,N/A,N/A,N/A,N/A,N/A,N/A,N/A,N/A,N/A,N/A,N/A,N/A,N/A,N/A,N/A,N/A,N/A,N/A,N/A,N/A,N/A,N/A,N/A,N/A,N/A,N/A,N/A,N/A,N/A,N/A,N/A,N/A,N/A,N/A,N/A,N/A,N/A,N/A,N/A,N/A,N/A,N/A,N/A,N/A
Iran,G,Alireza Beiranvand,17,Aria Yousefi,DEF,N/A,N/A,N/A,N/A,N/A,N/A,N/A,N/A,N/A,N/A,N/A,N/A,N/A,N/A,N/A,N/A,N/A,N/A,N/A,N/A,N/A,N/A,N/A,N/A,N/A,N/A,N/A,N/A,N/A,N/A,N/A,N/A,N/A,N/A,N/A,N/A,N/A,N/A,N/A,N/A,N/A,N/A,N/A,N/A,N/A,N/A,N/A,N/A,N/A,N/A
Iran,G,Alireza Beiranvand,19,Ali Nemati,DEF,N/A,N/A,N/A,N/A,N/A,N/A,N/A,N/A,N/A,N/A,N/A,N/A,N/A,N/A,N/A,N/A,N/A,N/A,N/A,N/A,N/A,N/A,N/A,N/A,N/A,N/A,N/A,N/A,N/A,N/A,N/A,N/A,N/A,N/A,N/A,N/A,N/A,N/A,N/A,N/A,N/A,N/A,N/A,N/A,N/A,N/A,N/A,N/A,N/A,N/A
Iran,G,Alireza Beiranvand,23,Ramin Rezaeian,DEF,N/A,N/A,N/A,N/A,N/A,N/A,N/A,N/A,N/A,N/A,N/A,N/A,N/A,N/A,N/A,N/A,N/A,N/A,N/A,N/A,N/A,N/A,N/A,N/A,N/A,N/A,N/A,N/A,N/A,N/A,N/A,N/A,N/A,N/A,N/A,N/A,N/A,N/A,N/A,N/A,N/A,N/A,N/A,N/A,N/A,N/A,N/A,N/A,N/A,N/A
Iran,G,Alireza Beiranvand,25,Danial Eiri,DEF,N/A,N/A,N/A,N/A,N/A,N/A,N/A,N/A,N/A,N/A,N/A,N/A,N/A,N/A,N/A,N/A,N/A,N/A,N/A,N/A,N/A,N/A,N/A,N/A,N/A,N/A,N/A,N/A,N/A,N/A,N/A,N/A,N/A,N/A,N/A,N/A,N/A,N/A,N/A,N/A,N/A,N/A,N/A,N/A,N/A,N/A,N/A,N/A,N/A,N/A
Iran,G,Alireza Beiranvand,6,Saeid Ezatolahi,MID,N/A,N/A,N/A,N/A,N/A,N/A,N/A,N/A,N/A,N/A,N/A,N/A,N/A,N/A,N/A,N/A,N/A,N/A,N/A,N/A,N/A,N/A,N/A,N/A,N/A,N/A,N/A,N/A,N/A,N/A,N/A,N/A,N/A,N/A,N/A,N/A,N/A,N/A,N/A,N/A,N/A,N/A,N/A,N/A,N/A,N/A,N/A,N/A,N/A,N/A
Iran,G,Alireza Beiranvand,14,Saman Ghoddos,MID,N/A,N/A,N/A,N/A,N/A,N/A,N/A,N/A,N/A,N/A,N/A,N/A,N/A,N/A,N/A,N/A,N/A,N/A,N/A,N/A,N/A,N/A,N/A,N/A,N/A,N/A,N/A,N/A,N/A,N/A,N/A,N/A,N/A,N/A,N/A,N/A,N/A,N/A,N/A,N/A,N/A,N/A,N/A,N/A,N/A,N/A,N/A,N/A,N/A,N/A
Iran,G,Alireza Beiranvand,15,Rouzbeh Cheshmi,MID,N/A,N/A,N/A,N/A,N/A,N/A,N/A,N/A,N/A,N/A,N/A,N/A,N/A,N/A,N/A,N/A,N/A,N/A,N/A,N/A,N/A,N/A,N/A,N/A,N/A,N/A,N/A,N/A,N/A,N/A,N/A,N/A,N/A,N/A,N/A,N/A,N/A,N/A,N/A,N/A,N/A,N/A,N/A,N/A,N/A,N/A,N/A,N/A,N/A,N/A
Iran,G,Alireza Beiranvand,21,Mohammad Ghorbani,MID,N/A,N/A,N/A,N/A,N/A,N/A,N/A,N/A,N/A,N/A,N/A,N/A,N/A,N/A,N/A,N/A,N/A,N/A,N/A,N/A,N/A,N/A,N/A,N/A,N/A,N/A,N/A,N/A,N/A,N/A,N/A,N/A,N/A,N/A,N/A,N/A,N/A,N/A,N/A,N/A,N/A,N/A,N/A,N/A,N/A,N/A,N/A,N/A,N/A,N/A
Iran,G,Alireza Beiranvand,26,Amirmohammad Razzaghinia,MID,N/A,N/A,N/A,N/A,N/A,N/A,N/A,N/A,N/A,N/A,N/A,N/A,N/A,N/A,N/A,N/A,N/A,N/A,N/A,N/A,N/A,N/A,N/A,N/A,N/A,N/A,N/A,N/A,N/A,N/A,N/A,N/A,N/A,N/A,N/A,N/A,N/A,N/A,N/A,N/A,N/A,N/A,N/A,N/A,N/A,N/A,N/A,N/A,N/A,N/A
Iran,G,Alireza Beiranvand,7,Alireza Jahanbakhsh,FWD,N/A,N/A,N/A,N/A,N/A,N/A,N/A,N/A,N/A,N/A,N/A,N/A,N/A,N/A,N/A,N/A,N/A,N/A,N/A,N/A,N/A,N/A,N/A,N/A,N/A,N/A,N/A,N/A,N/A,N/A,N/A,N/A,N/A,N/A,N/A,N/A,N/A,N/A,N/A,N/A,N/A,N/A,N/A,N/A,N/A,N/A,N/A,N/A,N/A,N/A
Iran,G,Alireza Beiranvand,8,Mohammad Mohebi,FWD,N/A,N/A,N/A,N/A,N/A,N/A,N/A,N/A,N/A,N/A,N/A,N/A,N/A,N/A,N/A,N/A,N/A,N/A,N/A,N/A,N/A,N/A,N/A,N/A,N/A,N/A,N/A,N/A,N/A,N/A,N/A,N/A,N/A,N/A,N/A,N/A,N/A,N/A,N/A,N/A,N/A,N/A,N/A,N/A,N/A,N/A,N/A,N/A,N/A,N/A
Netherlands,F,Bart Verbruggen,19,Brian Brobbey,FWD,251810,Brian Brobbey,ST,,77,84,73,56,72,30,80,82,85,75,79,66,66,62,82,73,53,49,44,36,55,68,77,65,87,78,78,26,28,23,24,71,70,93,61,93,10,11,15,8,,Enforcer,,3,4,1
Iran,G,Alireza Beiranvand,10,Mehdi Ghaedi,FWD,N/A,N/A,N/A,N/A,N/A,N/A,N/A,N/A,N/A,N/A,N/A,N/A,N/A,N/A,N/A,N/A,N/A,N/A,N/A,N/A,N/A,N/A,N/A,N/A,N/A,N/A,N/A,N/A,N/A,N/A,N/A,N/A,N/A,N/A,N/A,N/A,N/A,N/A,N/A,N/A,N/A,N/A,N/A,N/A,N/A,N/A,N/A,N/A,N/A,N/A
Iran,G,Alireza Beiranvand,11,Ali Alipour,FWD,N/A,N/A,N/A,N/A,N/A,N/A,N/A,N/A,N/A,N/A,N/A,N/A,N/A,N/A,N/A,N/A,N/A,N/A,N/A,N/A,N/A,N/A,N/A,N/A,N/A,N/A,N/A,N/A,N/A,N/A,N/A,N/A,N/A,N/A,N/A,N/A,N/A,N/A,N/A,N/A,N/A,N/A,N/A,N/A,N/A,N/A,N/A,N/A,N/A,N/A
Iran,G,Alireza Beiranvand,16,Mehdi Torabi,FWD,N/A,N/A,N/A,N/A,N/A,N/A,N/A,N/A,N/A,N/A,N/A,N/A,N/A,N/A,N/A,N/A,N/A,N/A,N/A,N/A,N/A,N/A,N/A,N/A,N/A,N/A,N/A,N/A,N/A,N/A,N/A,N/A,N/A,N/A,N/A,N/A,N/A,N/A,N/A,N/A,N/A,N/A,N/A,N/A,N/A,N/A,N/A,N/A,N/A,N/A
Iran,G,Alireza Beiranvand,18,Amirhossein Hosseinzadeh,FWD,N/A,N/A,N/A,N/A,N/A,N/A,N/A,N/A,N/A,N/A,N/A,N/A,N/A,N/A,N/A,N/A,N/A,N/A,N/A,N/A,N/A,N/A,N/A,N/A,N/A,N/A,N/A,N/A,N/A,N/A,N/A,N/A,N/A,N/A,N/A,N/A,N/A,N/A,N/A,N/A,N/A,N/A,N/A,N/A,N/A,N/A,N/A,N/A,N/A,N/A
Iran,G,Alireza Beiranvand,20,Shahriar Moghanloo,FWD,N/A,N/A,N/A,N/A,N/A,N/A,N/A,N/A,N/A,N/A,N/A,N/A,N/A,N/A,N/A,N/A,N/A,N/A,N/A,N/A,N/A,N/A,N/A,N/A,N/A,N/A,N/A,N/A,N/A,N/A,N/A,N/A,N/A,N/A,N/A,N/A,N/A,N/A,N/A,N/A,N/A,N/A,N/A,N/A,N/A,N/A,N/A,N/A,N/A,N/A
Iran,G,Alireza Beiranvand,24,Dennis-Yerai Eckert Ayensa,FWD,N/A,N/A,N/A,N/A,N/A,N/A,N/A,N/A,N/A,N/A,N/A,N/A,N/A,N/A,N/A,N/A,N/A,N/A,N/A,N/A,N/A,N/A,N/A,N/A,N/A,N/A,N/A,N/A,N/A,N/A,N/A,N/A,N/A,N/A,N/A,N/A,N/A,N/A,N/A,N/A,N/A,N/A,N/A,N/A,N/A,N/A,N/A,N/A,N/A,N/A
Czechia,A,Matej Kovar,1,Matej Kovar,GK,242948,Matěj Kovář,GK,,75,,,,,,,,,,,,,,,,,,,,,,,,,,,,,,,,,,,,74,75,78,77,75,,,1,4,1
South Korea,A,Kim Seung-gyu,21,Jo Hyeon-woo,GK,212432,Jo Hyeon Woo,GK,,75,,,,,,,,,,,,,,,,,,,,,,,,,,,,,,,,,,,,79,72,62,73,77,"Footwork,Far Reach",,1,3,1
Côte d'Ivoire,E,Yahia Fofana,23,Alban Lafont,GK,231691,Alban Lafont,GK,,75,,,,,,,,,,,,,,,,,,,,,,,,,,,,,,,,,,,,71,70,69,76,81,"Far Throw,Footwork,Cross Claimer",,1,2,1
New Zealand,G,Max Crocombe,2,Tim Payne,DEF,209361,Tim Payne,RB,RM,64,68,56,58,57,60,80,67,68,53,68,54,49,50,61,57,54,57,55,64,56,56,57,58,62,56,52,59,58,61,61,61,71,78,84,81,13,9,7,9,,Slide Tackle,,2,3,1
New Zealand,G,Max Crocombe,3,Francis de Vries,DEF,237268,Francis de Vries,LB,LM,69,64,53,67,62,63,83,66,63,50,61,49,51,55,61,66,64,64,63,77,65,62,63,55,59,64,66,64,64,64,62,59,63,79,86,90,8,8,12,5,,Long Throw,,2,3,2
New Zealand,G,Max Crocombe,4,Tyler Bindon,DEF,277552,Tyler Bindon,CB,RB,69,58,46,59,64,68,73,57,59,44,58,46,35,37,32,67,61,52,54,48,58,62,67,59,62,66,68,68,68,68,67,69,71,75,65,78,11,6,9,11,,,,2,3,1
New Zealand,G,Max Crocombe,5,Michael Boxall,DEF,202170,Michael Boxall,CB,,69,52,43,60,57,67,80,40,62,36,61,33,54,42,59,65,68,56,43,58,52,57,60,47,50,64,60,67,66,68,65,68,69,74,67,91,13,9,14,7,,,,2,2,1
New Zealand,G,Max Crocombe,13,Liberato Cacace,DEF,242429,Liberato Cacace,LB,"LM,CAM,LW",72,72,60,67,71,69,74,73,72,59,62,59,51,55,72,71,63,65,59,67,67,72,72,68,71,68,72,68,69,71,70,65,70,77,79,72,12,11,10,9,,,,3,4,2
New Zealand,G,Max Crocombe,15,Nando Pijnaker,DEF,254143,Nando Pijnaker,CB,,67,60,48,54,53,65,79,56,64,44,66,42,34,48,45,59,58,36,36,49,55,51,53,54,55,64,50,64,64,65,65,66,72,76,79,82,11,12,13,12,,Jockey,,2,3,2
New Zealand,G,Max Crocombe,16,Finn Surman,DEF,266150,Finn Surman,CB,,68,65,33,49,55,66,78,62,67,35,38,26,35,29,32,64,52,25,25,39,40,50,58,56,56,70,64,66,65,67,65,65,74,76,81,78,10,15,7,13,,Slide Tackle,,2,2,1
New Zealand,G,Max Crocombe,24,Callan Elliot,DEF,246195,Callan Elliot,RB,RM,62,76,48,56,63,55,67,80,73,49,48,47,40,48,56,57,53,49,48,60,57,62,60,73,76,55,60,55,54,58,59,47,60,67,74,66,7,5,9,6,,,,2,2,1
New Zealand,G,Max Crocombe,26,Tommy Smith,DEF,N/A,N/A,N/A,N/A,N/A,N/A,N/A,N/A,N/A,N/A,N/A,N/A,N/A,N/A,N/A,N/A,N/A,N/A,N/A,N/A,N/A,N/A,N/A,N/A,N/A,N/A,N/A,N/A,N/A,N/A,N/A,N/A,N/A,N/A,N/A,N/A,N/A,N/A,N/A,N/A,N/A,N/A,N/A,N/A,N/A,N/A,N/A,N/A,N/A,N/A
New Zealand,G,Max Crocombe,6,Joe Bell,MID,254142,Joe Bell,CDM,CM,74,70,64,72,71,69,81,71,69,59,75,68,61,55,67,72,73,71,64,71,73,70,72,71,75,71,79,72,72,67,66,65,72,81,88,82,8,10,5,8,,"Tiki Taka,Intercept,Press Proven,Relentless",,3,3,1
New Zealand,G,Max Crocombe,7,Matt Garbett,MID,N/A,N/A,N/A,N/A,N/A,N/A,N/A,N/A,N/A,N/A,N/A,N/A,N/A,N/A,N/A,N/A,N/A,N/A,N/A,N/A,N/A,N/A,N/A,N/A,N/A,N/A,N/A,N/A,N/A,N/A,N/A,N/A,N/A,N/A,N/A,N/A,N/A,N/A,N/A,N/A,N/A,N/A,N/A,N/A,N/A,N/A,N/A,N/A,N/A,N/A
New Zealand,G,Max Crocombe,8,Marko Stamenić,MID,259680,Marko Stamenić,CDM,CM,71,67,60,68,71,66,75,65,68,55,68,60,62,58,64,73,70,60,55,59,70,70,72,74,71,68,75,66,66,68,66,62,84,72,75,72,13,10,8,10,,,,3,4,1
New Zealand,G,Max Crocombe,10,Sarpreet Singh,MID,N/A,N/A,N/A,N/A,N/A,N/A,N/A,N/A,N/A,N/A,N/A,N/A,N/A,N/A,N/A,N/A,N/A,N/A,N/A,N/A,N/A,N/A,N/A,N/A,N/A,N/A,N/A,N/A,N/A,N/A,N/A,N/A,N/A,N/A,N/A,N/A,N/A,N/A,N/A,N/A,N/A,N/A,N/A,N/A,N/A,N/A,N/A,N/A,N/A,N/A
New Zealand,G,Max Crocombe,14,Alex Rufer,MID,219392,Alex Rufer,CDM,"CM,CB",67,64,59,65,67,63,78,64,64,57,68,56,44,67,63,67,69,58,59,56,70,65,67,70,67,60,76,63,63,63,63,60,73,77,72,83,13,10,10,15,,"Intercept,Slide Tackle",,3,3,1
New Zealand,G,Max Crocombe,23,Ryan Thomas,MID,220763,Ryan Thomas,CM,CDM,66,57,58,68,69,57,66,72,44,55,66,53,60,62,62,68,67,63,63,65,73,68,69,72,72,66,76,67,64,52,50,42,72,59,69,63,10,12,6,8,,Technical,,3,4,1
Austria,J,Alexander Schlager,18,Romano Schmid,MID,239701,Romano Schmid,CAM,CM,78,77,67,78,83,56,58,78,76,62,76,72,55,52,77,80,72,75,65,83,78,84,83,87,90,79,72,64,60,57,39,39,44,55,88,49,7,9,7,9,,Incisive Pass,,3,3,1
DR Congo,K,Lionel Mpasi,17,Cédric Bakambu,FWD,198951,Cédric Bakambu,ST,,77,78,78,68,72,40,68,77,78,78,82,73,77,78,84,72,62,67,57,70,67,72,72,75,68,70,69,43,36,34,29,78,62,84,65,70,6,13,6,14,,,,3,3,1
New Zealand,G,Max Crocombe,11,Eli Just,FWD,N/A,N/A,N/A,N/A,N/A,N/A,N/A,N/A,N/A,N/A,N/A,N/A,N/A,N/A,N/A,N/A,N/A,N/A,N/A,N/A,N/A,N/A,N/A,N/A,N/A,N/A,N/A,N/A,N/A,N/A,N/A,N/A,N/A,N/A,N/A,N/A,N/A,N/A,N/A,N/A,N/A,N/A,N/A,N/A,N/A,N/A,N/A,N/A,N/A,N/A
Netherlands,F,Bart Verbruggen,9,Wout Weghorst,FWD,223689,Wout Weghorst,ST,,78,54,78,62,68,57,87,45,62,80,84,68,76,71,83,78,54,42,48,38,70,66,79,53,32,82,74,54,44,65,52,86,87,86,76,92,11,9,14,16,,"Precision Header,Enforcer",,2,3,1
Iran,G,Alireza Beiranvand,9,Mehdi Taremi,FWD,241788,Mehdi Taremi,ST,,78,74,78,74,78,38,68,77,72,80,75,72,75,85,82,79,65,74,49,70,81,78,80,74,62,76,84,23,38,41,25,76,46,80,65,77,9,11,9,15,,First Touch,,4,4,1
New Zealand,G,Max Crocombe,19,Ben Old,FWD,262289,Ben Old,LW,"RW,LM",68,82,58,63,71,52,69,83,82,62,58,52,45,51,63,65,59,60,53,62,65,69,69,86,85,64,63,49,50,58,54,40,75,64,75,65,10,9,9,6,,,,3,2,2
Croatia,L,Dominik Livakovic,16,Martin Baturina,MID,262842,Martin Baturina,CAM,CM,78,77,70,78,83,59,66,77,77,67,75,72,70,70,68,81,77,74,73,73,79,84,83,78,86,76,79,58,62,60,58,51,49,70,76,67,7,5,7,10,,"Finesse Shot,Incisive Pass,Inventive,Technical,First Touch",,3,4,1
New Zealand,G,Max Crocombe,21,Jesse Randall,FWD,73092,Jesse Randall,LM,"LW,ST",60,78,58,53,61,31,59,79,78,59,60,56,45,56,56,56,51,55,53,54,47,62,57,70,73,56,49,32,23,32,28,52,56,66,60,58,6,9,15,10,,,,3,2,1
Cape Verde,H,Josimar Vozinha Dias,1,Josimar Vozinha Dias,GK,N/A,N/A,N/A,N/A,N/A,N/A,N/A,N/A,N/A,N/A,N/A,N/A,N/A,N/A,N/A,N/A,N/A,N/A,N/A,N/A,N/A,N/A,N/A,N/A,N/A,N/A,N/A,N/A,N/A,N/A,N/A,N/A,N/A,N/A,N/A,N/A,N/A,N/A,N/A,N/A,N/A,N/A,N/A,N/A,N/A,N/A,N/A,N/A,N/A,N/A
Cape Verde,H,Josimar Vozinha Dias,12,Marcio da Rosa,GK,N/A,N/A,N/A,N/A,N/A,N/A,N/A,N/A,N/A,N/A,N/A,N/A,N/A,N/A,N/A,N/A,N/A,N/A,N/A,N/A,N/A,N/A,N/A,N/A,N/A,N/A,N/A,N/A,N/A,N/A,N/A,N/A,N/A,N/A,N/A,N/A,N/A,N/A,N/A,N/A,N/A,N/A,N/A,N/A,N/A,N/A,N/A,N/A,N/A,N/A
Cape Verde,H,Josimar Vozinha Dias,23,Carlos CJ Dos Santos,GK,N/A,N/A,N/A,N/A,N/A,N/A,N/A,N/A,N/A,N/A,N/A,N/A,N/A,N/A,N/A,N/A,N/A,N/A,N/A,N/A,N/A,N/A,N/A,N/A,N/A,N/A,N/A,N/A,N/A,N/A,N/A,N/A,N/A,N/A,N/A,N/A,N/A,N/A,N/A,N/A,N/A,N/A,N/A,N/A,N/A,N/A,N/A,N/A,N/A,N/A
Cape Verde,H,Josimar Vozinha Dias,2,Ianique Stopira Tavares,DEF,N/A,N/A,N/A,N/A,N/A,N/A,N/A,N/A,N/A,N/A,N/A,N/A,N/A,N/A,N/A,N/A,N/A,N/A,N/A,N/A,N/A,N/A,N/A,N/A,N/A,N/A,N/A,N/A,N/A,N/A,N/A,N/A,N/A,N/A,N/A,N/A,N/A,N/A,N/A,N/A,N/A,N/A,N/A,N/A,N/A,N/A,N/A,N/A,N/A,N/A
Cape Verde,H,Josimar Vozinha Dias,3,Diney Borges,DEF,N/A,N/A,N/A,N/A,N/A,N/A,N/A,N/A,N/A,N/A,N/A,N/A,N/A,N/A,N/A,N/A,N/A,N/A,N/A,N/A,N/A,N/A,N/A,N/A,N/A,N/A,N/A,N/A,N/A,N/A,N/A,N/A,N/A,N/A,N/A,N/A,N/A,N/A,N/A,N/A,N/A,N/A,N/A,N/A,N/A,N/A,N/A,N/A,N/A,N/A
Cape Verde,H,Josimar Vozinha Dias,4,Roberto Pico Lopes,DEF,202014,Roberto Lopes,CB,,66,45,29,46,51,64,77,38,50,23,42,25,27,37,45,55,50,36,28,41,38,50,52,48,40,64,52,64,65,64,64,65,74,69,72,81,10,9,15,10,,"Long Ball Pass,Jockey,Block,Intercept,Anticipate,Slide Tackle,Aerial Fortress",,2,2,1
Cape Verde,H,Josimar Vozinha Dias,5,Logan Costa,DEF,243923,Logan Costa,CB,,77,60,40,59,67,77,78,59,60,38,59,33,27,39,28,75,68,48,31,55,40,68,70,56,55,74,75,75,77,78,77,79,77,82,75,79,6,12,13,7,,Long Ball Pass,,2,3,1
Cape Verde,H,Josimar Vozinha Dias,8,João Paulo Fernandes,DEF,N/A,N/A,N/A,N/A,N/A,N/A,N/A,N/A,N/A,N/A,N/A,N/A,N/A,N/A,N/A,N/A,N/A,N/A,N/A,N/A,N/A,N/A,N/A,N/A,N/A,N/A,N/A,N/A,N/A,N/A,N/A,N/A,N/A,N/A,N/A,N/A,N/A,N/A,N/A,N/A,N/A,N/A,N/A,N/A,N/A,N/A,N/A,N/A,N/A,N/A
Cape Verde,H,Josimar Vozinha Dias,13,Sidny Lopes Cabral,DEF,N/A,N/A,N/A,N/A,N/A,N/A,N/A,N/A,N/A,N/A,N/A,N/A,N/A,N/A,N/A,N/A,N/A,N/A,N/A,N/A,N/A,N/A,N/A,N/A,N/A,N/A,N/A,N/A,N/A,N/A,N/A,N/A,N/A,N/A,N/A,N/A,N/A,N/A,N/A,N/A,N/A,N/A,N/A,N/A,N/A,N/A,N/A,N/A,N/A,N/A
Cape Verde,H,Josimar Vozinha Dias,22,Steven Moreira,DEF,212401,Steven Moreira,CB,RB,72,73,33,67,71,72,74,74,73,26,43,28,35,37,63,75,65,53,29,65,67,71,69,76,69,72,68,70,74,73,69,68,74,78,81,71,10,14,9,15,,,,2,2,1
Cape Verde,H,Josimar Vozinha Dias,24,Wagner Pina,DEF,276909,Wagner Pina,RM,RB,71,81,51,64,70,64,65,83,79,59,52,33,32,38,70,68,64,50,33,69,65,70,69,72,76,73,63,67,65,66,60,51,57,70,81,60,13,14,11,13,,,,3,2,1
Cape Verde,H,Josimar Vozinha Dias,25,Kelvin Pires,DEF,N/A,N/A,N/A,N/A,N/A,N/A,N/A,N/A,N/A,N/A,N/A,N/A,N/A,N/A,N/A,N/A,N/A,N/A,N/A,N/A,N/A,N/A,N/A,N/A,N/A,N/A,N/A,N/A,N/A,N/A,N/A,N/A,N/A,N/A,N/A,N/A,N/A,N/A,N/A,N/A,N/A,N/A,N/A,N/A,N/A,N/A,N/A,N/A,N/A,N/A
Cape Verde,H,Josimar Vozinha Dias,6,Kevin Lenini Pina,MID,N/A,N/A,N/A,N/A,N/A,N/A,N/A,N/A,N/A,N/A,N/A,N/A,N/A,N/A,N/A,N/A,N/A,N/A,N/A,N/A,N/A,N/A,N/A,N/A,N/A,N/A,N/A,N/A,N/A,N/A,N/A,N/A,N/A,N/A,N/A,N/A,N/A,N/A,N/A,N/A,N/A,N/A,N/A,N/A,N/A,N/A,N/A,N/A,N/A,N/A
Morocco,C,Yassine Bounou,11,Ismael Saibari,MID,259480,Ismael Saibari,CAM,CM,79,78,75,74,82,51,78,81,76,75,79,74,68,57,78,78,71,75,59,71,78,83,84,77,80,80,74,51,50,53,44,57,65,81,79,83,8,12,11,10,,"Gamechanger,Press Proven",,4,4,1
Cape Verde,H,Josimar Vozinha Dias,11,Garry Rodrigues,MID,N/A,N/A,N/A,N/A,N/A,N/A,N/A,N/A,N/A,N/A,N/A,N/A,N/A,N/A,N/A,N/A,N/A,N/A,N/A,N/A,N/A,N/A,N/A,N/A,N/A,N/A,N/A,N/A,N/A,N/A,N/A,N/A,N/A,N/A,N/A,N/A,N/A,N/A,N/A,N/A,N/A,N/A,N/A,N/A,N/A,N/A,N/A,N/A,N/A,N/A
Cape Verde,H,Josimar Vozinha Dias,14,Deroy Duarte,MID,N/A,N/A,N/A,N/A,N/A,N/A,N/A,N/A,N/A,N/A,N/A,N/A,N/A,N/A,N/A,N/A,N/A,N/A,N/A,N/A,N/A,N/A,N/A,N/A,N/A,N/A,N/A,N/A,N/A,N/A,N/A,N/A,N/A,N/A,N/A,N/A,N/A,N/A,N/A,N/A,N/A,N/A,N/A,N/A,N/A,N/A,N/A,N/A,N/A,N/A
Cape Verde,H,Josimar Vozinha Dias,15,Laros Duarte,MID,N/A,N/A,N/A,N/A,N/A,N/A,N/A,N/A,N/A,N/A,N/A,N/A,N/A,N/A,N/A,N/A,N/A,N/A,N/A,N/A,N/A,N/A,N/A,N/A,N/A,N/A,N/A,N/A,N/A,N/A,N/A,N/A,N/A,N/A,N/A,N/A,N/A,N/A,N/A,N/A,N/A,N/A,N/A,N/A,N/A,N/A,N/A,N/A,N/A,N/A
Cape Verde,H,Josimar Vozinha Dias,16,Yannick Semedo,MID,N/A,N/A,N/A,N/A,N/A,N/A,N/A,N/A,N/A,N/A,N/A,N/A,N/A,N/A,N/A,N/A,N/A,N/A,N/A,N/A,N/A,N/A,N/A,N/A,N/A,N/A,N/A,N/A,N/A,N/A,N/A,N/A,N/A,N/A,N/A,N/A,N/A,N/A,N/A,N/A,N/A,N/A,N/A,N/A,N/A,N/A,N/A,N/A,N/A,N/A
Cape Verde,H,Josimar Vozinha Dias,18,Telmo Arcanjo,MID,257194,Telmo Arcanjo,RM,RW,71,74,61,68,71,38,60,75,73,59,71,54,55,60,74,72,65,59,54,67,68,72,73,66,62,70,65,35,40,36,42,43,44,60,71,61,7,10,6,15,,Precision Header,,3,3,2
Cape Verde,H,Josimar Vozinha Dias,20,Ryan Mendes,MID,194847,Ryan Mendes,LM,"LW,RM",71,74,67,69,74,28,54,76,73,68,69,68,53,65,68,71,64,66,67,68,70,76,72,77,77,70,68,26,25,28,23,43,45,59,58,55,6,12,11,6,,,,3,4,1
Cape Verde,H,Josimar Vozinha Dias,7,Jovane Cabral,FWD,244193,Jovane Cabral,LW,"ST,RW,LM",70,77,71,68,72,38,68,78,76,66,80,74,74,76,66,67,66,76,75,68,67,73,72,76,74,66,60,37,37,35,28,57,59,77,62,74,12,6,9,15,,"Power Shot,Gamechanger,Rapid",,3,4,1
Cape Verde,H,Josimar Vozinha Dias,9,Gilson Benchimol Tavares,FWD,N/A,N/A,N/A,N/A,N/A,N/A,N/A,N/A,N/A,N/A,N/A,N/A,N/A,N/A,N/A,N/A,N/A,N/A,N/A,N/A,N/A,N/A,N/A,N/A,N/A,N/A,N/A,N/A,N/A,N/A,N/A,N/A,N/A,N/A,N/A,N/A,N/A,N/A,N/A,N/A,N/A,N/A,N/A,N/A,N/A,N/A,N/A,N/A,N/A,N/A
Cape Verde,H,Josimar Vozinha Dias,17,Willy Semedo,FWD,N/A,N/A,N/A,N/A,N/A,N/A,N/A,N/A,N/A,N/A,N/A,N/A,N/A,N/A,N/A,N/A,N/A,N/A,N/A,N/A,N/A,N/A,N/A,N/A,N/A,N/A,N/A,N/A,N/A,N/A,N/A,N/A,N/A,N/A,N/A,N/A,N/A,N/A,N/A,N/A,N/A,N/A,N/A,N/A,N/A,N/A,N/A,N/A,N/A,N/A
Norway,I,Ørjan Håskjold Nyland,11,Jørgen Strand Larsen,FWD,238756,Jørgen Strand Larsen,ST,,78,75,79,62,70,32,83,72,78,82,76,79,74,69,82,73,54,57,55,45,70,69,78,55,58,79,73,26,29,27,23,75,72,87,84,86,7,14,14,8,,,,3,3,1
Germany,E,Manuel Neuer,11,Nick Woltemade,FWD,254022,Nick Woltemade,ST,CAM,79,67,78,65,79,41,74,64,69,82,81,66,73,70,82,77,63,51,42,46,74,83,80,69,57,79,77,35,32,44,30,77,60,84,71,81,11,8,13,9,,"Gamechanger,Technical",,4,3,1
Cape Verde,H,Josimar Vozinha Dias,26,Helio Varela,FWD,N/A,N/A,N/A,N/A,N/A,N/A,N/A,N/A,N/A,N/A,N/A,N/A,N/A,N/A,N/A,N/A,N/A,N/A,N/A,N/A,N/A,N/A,N/A,N/A,N/A,N/A,N/A,N/A,N/A,N/A,N/A,N/A,N/A,N/A,N/A,N/A,N/A,N/A,N/A,N/A,N/A,N/A,N/A,N/A,N/A,N/A,N/A,N/A,N/A,N/A
Saudi Arabia,H,Nawaf Al-Aqidi,1,Nawaf Al-Aqidi,GK,N/A,N/A,N/A,N/A,N/A,N/A,N/A,N/A,N/A,N/A,N/A,N/A,N/A,N/A,N/A,N/A,N/A,N/A,N/A,N/A,N/A,N/A,N/A,N/A,N/A,N/A,N/A,N/A,N/A,N/A,N/A,N/A,N/A,N/A,N/A,N/A,N/A,N/A,N/A,N/A,N/A,N/A,N/A,N/A,N/A,N/A,N/A,N/A,N/A,N/A
Saudi Arabia,H,Nawaf Al-Aqidi,21,Mohammed Al-Owais,GK,N/A,N/A,N/A,N/A,N/A,N/A,N/A,N/A,N/A,N/A,N/A,N/A,N/A,N/A,N/A,N/A,N/A,N/A,N/A,N/A,N/A,N/A,N/A,N/A,N/A,N/A,N/A,N/A,N/A,N/A,N/A,N/A,N/A,N/A,N/A,N/A,N/A,N/A,N/A,N/A,N/A,N/A,N/A,N/A,N/A,N/A,N/A,N/A,N/A,N/A
Saudi Arabia,H,Nawaf Al-Aqidi,22,Ahmed Al-Kassar,GK,N/A,N/A,N/A,N/A,N/A,N/A,N/A,N/A,N/A,N/A,N/A,N/A,N/A,N/A,N/A,N/A,N/A,N/A,N/A,N/A,N/A,N/A,N/A,N/A,N/A,N/A,N/A,N/A,N/A,N/A,N/A,N/A,N/A,N/A,N/A,N/A,N/A,N/A,N/A,N/A,N/A,N/A,N/A,N/A,N/A,N/A,N/A,N/A,N/A,N/A
Saudi Arabia,H,Nawaf Al-Aqidi,2,Ali Majrashi,DEF,242506,Ali Majrashi,RB,RM,70,86,44,52,64,63,74,85,86,36,57,48,45,31,62,60,54,42,29,61,38,60,63,82,83,69,50,68,63,63,64,51,68,76,82,73,10,13,11,15,,Quick Step,,3,3,1
Saudi Arabia,H,Nawaf Al-Aqidi,3,Ali Lajami,DEF,228783,Ali Lajami,CB,,70,76,48,58,60,68,77,78,74,48,56,38,47,47,48,67,71,39,51,47,50,53,62,79,73,66,58,71,66,67,72,65,80,80,78,74,9,14,9,14,,"Long Ball Pass,Block,Intercept,Slide Tackle,Long Throw",,2,4,1
Saudi Arabia,H,Nawaf Al-Aqidi,4,Abdulelah Al-Amri,DEF,N/A,N/A,N/A,N/A,N/A,N/A,N/A,N/A,N/A,N/A,N/A,N/A,N/A,N/A,N/A,N/A,N/A,N/A,N/A,N/A,N/A,N/A,N/A,N/A,N/A,N/A,N/A,N/A,N/A,N/A,N/A,N/A,N/A,N/A,N/A,N/A,N/A,N/A,N/A,N/A,N/A,N/A,N/A,N/A,N/A,N/A,N/A,N/A,N/A,N/A
Saudi Arabia,H,Nawaf Al-Aqidi,5,Hassan Al-Tambakti,DEF,N/A,N/A,N/A,N/A,N/A,N/A,N/A,N/A,N/A,N/A,N/A,N/A,N/A,N/A,N/A,N/A,N/A,N/A,N/A,N/A,N/A,N/A,N/A,N/A,N/A,N/A,N/A,N/A,N/A,N/A,N/A,N/A,N/A,N/A,N/A,N/A,N/A,N/A,N/A,N/A,N/A,N/A,N/A,N/A,N/A,N/A,N/A,N/A,N/A,N/A
Saudi Arabia,H,Nawaf Al-Aqidi,12,Saud Abdulhamid,DEF,246688,Saud Abdulhamid,RB,RM,75,86,46,66,71,69,70,86,86,41,53,45,35,48,70,69,66,62,43,75,59,72,66,82,82,70,64,71,67,73,70,61,73,70,80,64,5,9,6,12,,"Rapid,Quick Step,Long Throw",,3,3,1
Saudi Arabia,H,Nawaf Al-Aqidi,13,Nawaf Boushal,DEF,254685,Nawaf Boushal,LB,"RB,LM",67,82,39,51,64,62,73,80,83,35,40,41,46,47,54,53,48,52,38,58,46,65,59,80,77,53,56,65,58,69,68,42,74,72,84,68,12,12,12,9,,Intercept,,2,3,1
Saudi Arabia,H,Nawaf Al-Aqidi,14,Hassan Kadesh,DEF,N/A,N/A,N/A,N/A,N/A,N/A,N/A,N/A,N/A,N/A,N/A,N/A,N/A,N/A,N/A,N/A,N/A,N/A,N/A,N/A,N/A,N/A,N/A,N/A,N/A,N/A,N/A,N/A,N/A,N/A,N/A,N/A,N/A,N/A,N/A,N/A,N/A,N/A,N/A,N/A,N/A,N/A,N/A,N/A,N/A,N/A,N/A,N/A,N/A,N/A
Saudi Arabia,H,Nawaf Al-Aqidi,24,Moteb Al-Harbi,DEF,N/A,N/A,N/A,N/A,N/A,N/A,N/A,N/A,N/A,N/A,N/A,N/A,N/A,N/A,N/A,N/A,N/A,N/A,N/A,N/A,N/A,N/A,N/A,N/A,N/A,N/A,N/A,N/A,N/A,N/A,N/A,N/A,N/A,N/A,N/A,N/A,N/A,N/A,N/A,N/A,N/A,N/A,N/A,N/A,N/A,N/A,N/A,N/A,N/A,N/A
Saudi Arabia,H,Nawaf Al-Aqidi,25,Jehad Thakri,DEF,N/A,N/A,N/A,N/A,N/A,N/A,N/A,N/A,N/A,N/A,N/A,N/A,N/A,N/A,N/A,N/A,N/A,N/A,N/A,N/A,N/A,N/A,N/A,N/A,N/A,N/A,N/A,N/A,N/A,N/A,N/A,N/A,N/A,N/A,N/A,N/A,N/A,N/A,N/A,N/A,N/A,N/A,N/A,N/A,N/A,N/A,N/A,N/A,N/A,N/A
Saudi Arabia,H,Nawaf Al-Aqidi,26,Mohammed Abu Al-Shamat,DEF,N/A,N/A,N/A,N/A,N/A,N/A,N/A,N/A,N/A,N/A,N/A,N/A,N/A,N/A,N/A,N/A,N/A,N/A,N/A,N/A,N/A,N/A,N/A,N/A,N/A,N/A,N/A,N/A,N/A,N/A,N/A,N/A,N/A,N/A,N/A,N/A,N/A,N/A,N/A,N/A,N/A,N/A,N/A,N/A,N/A,N/A,N/A,N/A,N/A,N/A
Saudi Arabia,H,Nawaf Al-Aqidi,6,Nasser Al-Dawsari,MID,N/A,N/A,N/A,N/A,N/A,N/A,N/A,N/A,N/A,N/A,N/A,N/A,N/A,N/A,N/A,N/A,N/A,N/A,N/A,N/A,N/A,N/A,N/A,N/A,N/A,N/A,N/A,N/A,N/A,N/A,N/A,N/A,N/A,N/A,N/A,N/A,N/A,N/A,N/A,N/A,N/A,N/A,N/A,N/A,N/A,N/A,N/A,N/A,N/A,N/A
Saudi Arabia,H,Nawaf Al-Aqidi,7,Musab Al-Juwayr,MID,N/A,N/A,N/A,N/A,N/A,N/A,N/A,N/A,N/A,N/A,N/A,N/A,N/A,N/A,N/A,N/A,N/A,N/A,N/A,N/A,N/A,N/A,N/A,N/A,N/A,N/A,N/A,N/A,N/A,N/A,N/A,N/A,N/A,N/A,N/A,N/A,N/A,N/A,N/A,N/A,N/A,N/A,N/A,N/A,N/A,N/A,N/A,N/A,N/A,N/A
Saudi Arabia,H,Nawaf Al-Aqidi,8,Ayman Yahya,MID,253440,Ayman Yahya,RM,"CAM,RW",68,84,61,59,67,32,67,83,84,65,65,57,45,45,66,63,54,49,51,58,63,68,64,73,78,66,56,27,32,30,21,54,72,72,70,62,14,12,5,11,,"Aerial Fortress,Rapid",,3,3,2
Saudi Arabia,H,Nawaf Al-Aqidi,15,Abdullah Al-Khaibari,MID,N/A,N/A,N/A,N/A,N/A,N/A,N/A,N/A,N/A,N/A,N/A,N/A,N/A,N/A,N/A,N/A,N/A,N/A,N/A,N/A,N/A,N/A,N/A,N/A,N/A,N/A,N/A,N/A,N/A,N/A,N/A,N/A,N/A,N/A,N/A,N/A,N/A,N/A,N/A,N/A,N/A,N/A,N/A,N/A,N/A,N/A,N/A,N/A,N/A,N/A
Saudi Arabia,H,Nawaf Al-Aqidi,16,Ziyad Al-Johani,MID,N/A,N/A,N/A,N/A,N/A,N/A,N/A,N/A,N/A,N/A,N/A,N/A,N/A,N/A,N/A,N/A,N/A,N/A,N/A,N/A,N/A,N/A,N/A,N/A,N/A,N/A,N/A,N/A,N/A,N/A,N/A,N/A,N/A,N/A,N/A,N/A,N/A,N/A,N/A,N/A,N/A,N/A,N/A,N/A,N/A,N/A,N/A,N/A,N/A,N/A
Saudi Arabia,H,Nawaf Al-Aqidi,17,Khalid Al-Ghannam,MID,N/A,N/A,N/A,N/A,N/A,N/A,N/A,N/A,N/A,N/A,N/A,N/A,N/A,N/A,N/A,N/A,N/A,N/A,N/A,N/A,N/A,N/A,N/A,N/A,N/A,N/A,N/A,N/A,N/A,N/A,N/A,N/A,N/A,N/A,N/A,N/A,N/A,N/A,N/A,N/A,N/A,N/A,N/A,N/A,N/A,N/A,N/A,N/A,N/A,N/A
Saudi Arabia,H,Nawaf Al-Aqidi,18,Alaa Al-Hejji,MID,N/A,N/A,N/A,N/A,N/A,N/A,N/A,N/A,N/A,N/A,N/A,N/A,N/A,N/A,N/A,N/A,N/A,N/A,N/A,N/A,N/A,N/A,N/A,N/A,N/A,N/A,N/A,N/A,N/A,N/A,N/A,N/A,N/A,N/A,N/A,N/A,N/A,N/A,N/A,N/A,N/A,N/A,N/A,N/A,N/A,N/A,N/A,N/A,N/A,N/A
Saudi Arabia,H,Nawaf Al-Aqidi,23,Mohamed Kanno,MID,N/A,N/A,N/A,N/A,N/A,N/A,N/A,N/A,N/A,N/A,N/A,N/A,N/A,N/A,N/A,N/A,N/A,N/A,N/A,N/A,N/A,N/A,N/A,N/A,N/A,N/A,N/A,N/A,N/A,N/A,N/A,N/A,N/A,N/A,N/A,N/A,N/A,N/A,N/A,N/A,N/A,N/A,N/A,N/A,N/A,N/A,N/A,N/A,N/A,N/A
Saudi Arabia,H,Nawaf Al-Aqidi,9,Firas Al-Buraikan,FWD,N/A,N/A,N/A,N/A,N/A,N/A,N/A,N/A,N/A,N/A,N/A,N/A,N/A,N/A,N/A,N/A,N/A,N/A,N/A,N/A,N/A,N/A,N/A,N/A,N/A,N/A,N/A,N/A,N/A,N/A,N/A,N/A,N/A,N/A,N/A,N/A,N/A,N/A,N/A,N/A,N/A,N/A,N/A,N/A,N/A,N/A,N/A,N/A,N/A,N/A
Saudi Arabia,H,Nawaf Al-Aqidi,10,Salem Al-Dawsari,FWD,N/A,N/A,N/A,N/A,N/A,N/A,N/A,N/A,N/A,N/A,N/A,N/A,N/A,N/A,N/A,N/A,N/A,N/A,N/A,N/A,N/A,N/A,N/A,N/A,N/A,N/A,N/A,N/A,N/A,N/A,N/A,N/A,N/A,N/A,N/A,N/A,N/A,N/A,N/A,N/A,N/A,N/A,N/A,N/A,N/A,N/A,N/A,N/A,N/A,N/A
Saudi Arabia,H,Nawaf Al-Aqidi,11,Saleh Al-Shehri,FWD,N/A,N/A,N/A,N/A,N/A,N/A,N/A,N/A,N/A,N/A,N/A,N/A,N/A,N/A,N/A,N/A,N/A,N/A,N/A,N/A,N/A,N/A,N/A,N/A,N/A,N/A,N/A,N/A,N/A,N/A,N/A,N/A,N/A,N/A,N/A,N/A,N/A,N/A,N/A,N/A,N/A,N/A,N/A,N/A,N/A,N/A,N/A,N/A,N/A,N/A
Saudi Arabia,H,Nawaf Al-Aqidi,19,Abdullah Al-Hamdan,FWD,N/A,N/A,N/A,N/A,N/A,N/A,N/A,N/A,N/A,N/A,N/A,N/A,N/A,N/A,N/A,N/A,N/A,N/A,N/A,N/A,N/A,N/A,N/A,N/A,N/A,N/A,N/A,N/A,N/A,N/A,N/A,N/A,N/A,N/A,N/A,N/A,N/A,N/A,N/A,N/A,N/A,N/A,N/A,N/A,N/A,N/A,N/A,N/A,N/A,N/A
Saudi Arabia,H,Nawaf Al-Aqidi,20,Sultan Mandash,FWD,225976,Sultan Mandash,RW,RM,67,82,58,59,71,25,61,81,82,58,60,56,53,62,64,61,56,61,39,63,59,71,68,84,76,62,59,12,26,27,23,43,40,63,76,61,7,13,14,7,,,,3,3,2
Colombia,K,David Ospina,24,Álvaro Montero,GK,229541,Álvaro Montero,GK,,75,,,,,,,,,,,,,,,,,,,,,,,,,,,,,,,,,,,,75,74,72,80,71,Footwork,,1,2,1
Czechia,A,Matej Kovar,16,Jindrich Stanek,GK,221909,Jindřich Staněk,GK,,76,,,,,,,,,,,,,,,,,,,,,,,,,,,,,,,,,,,,74,71,78,76,78,Footwork,,1,2,1
Côte d'Ivoire,E,Yahia Fofana,1,Yahia Fofana,GK,242179,Yahia Fofana,GK,,76,,,,,,,,,,,,,,,,,,,,,,,,,,,,,,,,,,,,78,71,70,74,79,"Footwork,Cross Claimer",,1,3,1
Spain,H,David Raya,2,Marc Pubill,DEF,N/A,N/A,N/A,N/A,N/A,N/A,N/A,N/A,N/A,N/A,N/A,N/A,N/A,N/A,N/A,N/A,N/A,N/A,N/A,N/A,N/A,N/A,N/A,N/A,N/A,N/A,N/A,N/A,N/A,N/A,N/A,N/A,N/A,N/A,N/A,N/A,N/A,N/A,N/A,N/A,N/A,N/A,N/A,N/A,N/A,N/A,N/A,N/A,N/A,N/A
Spain,H,David Raya,3,Álex Grimaldo,DEF,N/A,N/A,N/A,N/A,N/A,N/A,N/A,N/A,N/A,N/A,N/A,N/A,N/A,N/A,N/A,N/A,N/A,N/A,N/A,N/A,N/A,N/A,N/A,N/A,N/A,N/A,N/A,N/A,N/A,N/A,N/A,N/A,N/A,N/A,N/A,N/A,N/A,N/A,N/A,N/A,N/A,N/A,N/A,N/A,N/A,N/A,N/A,N/A,N/A,N/A
Spain,H,David Raya,4,Eric García,DEF,245037,Eric García,CB,"RB,CDM,RM",79,63,48,70,71,80,73,55,69,50,51,44,31,44,45,82,81,65,31,54,70,69,77,64,60,78,78,80,80,82,79,77,79,77,68,73,11,9,12,11,,"Precision Header,Long Ball Pass,Anticipate",,2,3,1
Spain,H,David Raya,5,Marcos Llorente,DEF,226161,Marcos Llorente,RB,"CM,RM",84,89,79,78,81,78,82,87,91,80,84,79,66,65,79,81,80,78,63,76,79,81,82,83,74,81,79,80,77,82,74,67,80,84,92,77,13,6,6,11,,"Power Shot,Whipped Pass,Rapid,Quick Step,Relentless",,3,4,1
Spain,H,David Raya,12,Pedro Porro,DEF,243576,Pedro Porro,RB,RM,82,78,73,81,80,77,76,78,78,68,84,75,64,66,76,80,78,85,78,87,80,80,81,80,71,80,79,78,76,79,77,69,75,77,91,68,15,7,14,5,,"Power Shot,Long Ball Pass,Tiki Taka,Whipped Pass,Block,Relentless",,3,3,1
Spain,H,David Raya,14,Aymeric Laporte,DEF,212218,Aymeric Laporte,CB,,82,51,50,74,70,83,77,46,55,45,68,47,40,44,54,84,81,61,69,58,73,64,81,57,53,81,84,84,81,85,83,84,72,81,68,83,10,11,5,14,,"Precision Header,Pinged Pass,Long Ball Pass,Jockey,Aerial Fortress",,2,3,2
Spain,H,David Raya,22,Pau Cubarsí,DEF,278046,Pau Cubarsí,CB,,82,70,42,66,77,84,76,67,73,41,51,35,41,41,51,85,86,22,33,31,74,78,82,65,62,82,80,84,84,84,82,83,80,85,68,77,10,6,14,7,,Long Ball Pass,,2,4,1
Spain,H,David Raya,24,Marc Cucurella,DEF,239231,Marc Cucurella,LB,,84,75,64,79,80,82,79,77,74,61,73,63,55,57,76,82,79,79,63,81,77,78,80,82,83,84,79,82,83,84,82,72,85,86,89,70,13,7,9,10,,"Jockey,Block,Press Proven,Relentless",,3,3,2
Spain,H,David Raya,6,Mikel Merino,MID,225193,Mikel Merino,CM,ST,83,63,79,80,80,81,80,64,63,80,85,76,58,70,81,84,80,80,69,77,80,82,84,63,63,84,81,83,78,82,76,87,83,85,82,78,9,12,9,13,,"Power Shot,Precision Header,Aerial Fortress,Relentless",,3,3,2
Spain,H,David Raya,8,Fabián Ruiz,MID,226271,Fabián Ruiz,CM,CDM,85,61,77,80,81,75,72,61,61,76,78,82,67,67,84,85,83,75,61,72,84,82,86,66,67,85,82,79,71,79,75,68,68,70,84,67,16,11,7,13,,"Finesse Shot,Long Ball Pass,Tiki Taka,First Touch",,3,3,2
Spain,H,David Raya,9,Gavi,MID,264240,Gavi,CM,CAM,83,76,66,78,85,68,70,77,75,71,56,70,49,51,81,84,82,74,47,69,83,86,85,86,90,86,77,79,59,78,72,42,85,62,84,58,8,10,11,7,,"Tiki Taka,Slide Tackle,Press Proven,Relentless",,3,3,1
Côte d'Ivoire,E,Yahia Fofana,15,Amad Diallo,FWD,254088,Amad,CAM,"RW,RM,CM",79,85,74,75,83,54,52,88,82,77,78,69,54,63,78,76,71,77,60,75,77,83,80,92,89,77,78,59,51,57,49,53,42,65,70,45,13,15,8,11,,Technical,,4,4,2
Spain,H,David Raya,15,Álex Baena,MID,257279,Álex Baena,LM,"ST,LW",84,79,76,84,82,65,68,79,79,77,77,76,69,68,82,87,82,78,80,85,84,83,84,80,76,82,74,66,67,66,64,58,76,71,78,60,6,11,8,12,,"Dead Ball,Incisive Pass,Long Ball Pass,Tiki Taka,Inventive,Technical,First Touch",,3,4,1
Spain,H,David Raya,16,Rodri,MID,231866,Rodri,CDM,CM,90,65,80,86,84,86,85,65,65,74,92,89,71,62,76,93,91,86,64,76,84,84,90,66,67,93,93,84,88,87,82,81,85,83,91,83,10,10,7,14,,"Power Shot,Long Ball Pass,Aerial Fortress,Press Proven,Bruiser",Tiki Taka+,3,4,1
Spain,H,David Raya,18,Martín Zubimendi,MID,N/A,N/A,N/A,N/A,N/A,N/A,N/A,N/A,N/A,N/A,N/A,N/A,N/A,N/A,N/A,N/A,N/A,N/A,N/A,N/A,N/A,N/A,N/A,N/A,N/A,N/A,N/A,N/A,N/A,N/A,N/A,N/A,N/A,N/A,N/A,N/A,N/A,N/A,N/A,N/A,N/A,N/A,N/A,N/A,N/A,N/A,N/A,N/A,N/A,N/A
Spain,H,David Raya,20,Pedri,MID,251854,Pedri,CM,"CDM,CAM",89,77,73,85,91,78,77,79,76,77,68,76,56,53,86,90,88,79,62,76,91,91,91,89,92,87,90,87,74,85,79,50,72,72,90,73,12,7,11,8,,"Incisive Pass,Long Ball Pass,Tiki Taka,Technical,Relentless",First Touch+,4,4,1
Spain,H,David Raya,7,Ferran Torres,FWD,241461,Ferran Torres,LW,"RW,ST,LM",83,83,81,79,83,35,68,86,80,84,79,81,74,74,82,82,77,76,60,81,79,84,83,85,78,81,82,34,35,24,28,75,54,84,72,69,12,9,11,15,,"Finesse Shot,Technical",,4,4,1
Spain,H,David Raya,11,Yéremy Pino,FWD,N/A,N/A,N/A,N/A,N/A,N/A,N/A,N/A,N/A,N/A,N/A,N/A,N/A,N/A,N/A,N/A,N/A,N/A,N/A,N/A,N/A,N/A,N/A,N/A,N/A,N/A,N/A,N/A,N/A,N/A,N/A,N/A,N/A,N/A,N/A,N/A,N/A,N/A,N/A,N/A,N/A,N/A,N/A,N/A,N/A,N/A,N/A,N/A,N/A,N/A
Spain,H,David Raya,17,Nico Williams,FWD,256516,Nico Williams,LM,"RM,LW",86,93,76,80,87,36,66,94,92,79,78,72,64,62,80,82,74,81,72,83,82,88,85,92,84,82,78,40,36,28,25,65,55,79,81,61,9,13,12,12,,"Finesse Shot,Gamechanger,Inventive,Quick Step,Relentless",Rapid+,4,5,1
Spain,H,David Raya,19,Lamine Yamal,FWD,277643,Lamine Yamal,RM,RW,89,85,81,86,90,23,53,88,83,83,83,82,65,69,88,88,84,87,65,89,88,92,90,93,81,88,84,18,23,20,28,33,45,58,73,45,9,13,7,10,,"Finesse Shot,Gamechanger,Incisive Pass,Inventive,First Touch,Quick Step",Technical+,5,3,2
Spain,H,David Raya,21,Mikel Oyarzabal,FWD,N/A,N/A,N/A,N/A,N/A,N/A,N/A,N/A,N/A,N/A,N/A,N/A,N/A,N/A,N/A,N/A,N/A,N/A,N/A,N/A,N/A,N/A,N/A,N/A,N/A,N/A,N/A,N/A,N/A,N/A,N/A,N/A,N/A,N/A,N/A,N/A,N/A,N/A,N/A,N/A,N/A,N/A,N/A,N/A,N/A,N/A,N/A,N/A,N/A,N/A
Spain,H,David Raya,25,Víctor Muñoz,FWD,76042,Víctor Muñoz,LW,LM,65,72,61,60,66,26,39,74,70,63,64,59,53,52,63,63,55,58,45,63,61,69,66,54,79,60,58,21,20,28,30,40,41,42,47,34,7,7,6,12,,,,3,3,1
Germany,E,Manuel Neuer,14,Maximilian Beier,FWD,254117,Maximilian Beier,ST,"RM,LM,RW",79,86,79,68,80,43,62,86,86,82,80,76,75,65,82,74,60,74,51,67,68,80,82,82,77,79,73,43,45,39,21,72,54,77,82,53,6,8,8,6,,"Finesse Shot,Gamechanger,Rapid,Quick Step",,4,3,1
Uruguay,H,Sergio Rochet,1,Sergio Rochet,GK,N/A,N/A,N/A,N/A,N/A,N/A,N/A,N/A,N/A,N/A,N/A,N/A,N/A,N/A,N/A,N/A,N/A,N/A,N/A,N/A,N/A,N/A,N/A,N/A,N/A,N/A,N/A,N/A,N/A,N/A,N/A,N/A,N/A,N/A,N/A,N/A,N/A,N/A,N/A,N/A,N/A,N/A,N/A,N/A,N/A,N/A,N/A,N/A,N/A,N/A
Uruguay,H,Sergio Rochet,12,Santiago Mele,GK,N/A,N/A,N/A,N/A,N/A,N/A,N/A,N/A,N/A,N/A,N/A,N/A,N/A,N/A,N/A,N/A,N/A,N/A,N/A,N/A,N/A,N/A,N/A,N/A,N/A,N/A,N/A,N/A,N/A,N/A,N/A,N/A,N/A,N/A,N/A,N/A,N/A,N/A,N/A,N/A,N/A,N/A,N/A,N/A,N/A,N/A,N/A,N/A,N/A,N/A
Colombia,K,David Ospina,1,David Ospina,GK,176550,David Ospina,GK,,76,,,,,,,,,,,,,,,,,,,,,,,,,,,,,,,,,,,,75,74,77,79,77,,,1,3,1
Uruguay,H,Sergio Rochet,2,José María Giménez,DEF,216460,José María Giménez,CB,,83,73,46,60,62,85,82,68,77,37,73,48,34,40,25,75,72,37,44,47,46,55,70,60,57,78,75,84,87,85,85,82,87,87,71,85,9,11,7,10,,"Precision Header,Long Ball Pass,Slide Tackle",,2,3,1
Uruguay,H,Sergio Rochet,3,Sebastián Cáceres,DEF,N/A,N/A,N/A,N/A,N/A,N/A,N/A,N/A,N/A,N/A,N/A,N/A,N/A,N/A,N/A,N/A,N/A,N/A,N/A,N/A,N/A,N/A,N/A,N/A,N/A,N/A,N/A,N/A,N/A,N/A,N/A,N/A,N/A,N/A,N/A,N/A,N/A,N/A,N/A,N/A,N/A,N/A,N/A,N/A,N/A,N/A,N/A,N/A,N/A,N/A
Uruguay,H,Sergio Rochet,4,Ronald Araújo,DEF,N/A,N/A,N/A,N/A,N/A,N/A,N/A,N/A,N/A,N/A,N/A,N/A,N/A,N/A,N/A,N/A,N/A,N/A,N/A,N/A,N/A,N/A,N/A,N/A,N/A,N/A,N/A,N/A,N/A,N/A,N/A,N/A,N/A,N/A,N/A,N/A,N/A,N/A,N/A,N/A,N/A,N/A,N/A,N/A,N/A,N/A,N/A,N/A,N/A,N/A
Uruguay,H,Sergio Rochet,13,Guillermo Varela,DEF,N/A,N/A,N/A,N/A,N/A,N/A,N/A,N/A,N/A,N/A,N/A,N/A,N/A,N/A,N/A,N/A,N/A,N/A,N/A,N/A,N/A,N/A,N/A,N/A,N/A,N/A,N/A,N/A,N/A,N/A,N/A,N/A,N/A,N/A,N/A,N/A,N/A,N/A,N/A,N/A,N/A,N/A,N/A,N/A,N/A,N/A,N/A,N/A,N/A,N/A
Uruguay,H,Sergio Rochet,16,Mathías Olivera,DEF,240716,Mathías Olivera,LB,,78,70,51,69,72,77,73,69,71,50,56,48,38,42,64,73,69,67,41,76,62,73,76,65,48,79,68,79,78,78,75,68,80,72,78,67,14,14,12,13,,"Block,Bruiser",,3,3,2
Uruguay,H,Sergio Rochet,17,Matías Viña,DEF,N/A,N/A,N/A,N/A,N/A,N/A,N/A,N/A,N/A,N/A,N/A,N/A,N/A,N/A,N/A,N/A,N/A,N/A,N/A,N/A,N/A,N/A,N/A,N/A,N/A,N/A,N/A,N/A,N/A,N/A,N/A,N/A,N/A,N/A,N/A,N/A,N/A,N/A,N/A,N/A,N/A,N/A,N/A,N/A,N/A,N/A,N/A,N/A,N/A,N/A
Uruguay,H,Sergio Rochet,22,Joaquín Piquerez,DEF,N/A,N/A,N/A,N/A,N/A,N/A,N/A,N/A,N/A,N/A,N/A,N/A,N/A,N/A,N/A,N/A,N/A,N/A,N/A,N/A,N/A,N/A,N/A,N/A,N/A,N/A,N/A,N/A,N/A,N/A,N/A,N/A,N/A,N/A,N/A,N/A,N/A,N/A,N/A,N/A,N/A,N/A,N/A,N/A,N/A,N/A,N/A,N/A,N/A,N/A
Uruguay,H,Sergio Rochet,24,Santiago Bueno,DEF,237658,Santiago Bueno,CB,,76,50,31,56,56,77,77,52,49,20,56,30,20,40,30,73,68,36,35,30,53,47,69,44,49,76,69,78,77,77,75,76,77,79,73,79,5,8,9,13,,,,2,3,1
Uruguay,H,Sergio Rochet,25,Juan Manuel Sanabria,DEF,N/A,N/A,N/A,N/A,N/A,N/A,N/A,N/A,N/A,N/A,N/A,N/A,N/A,N/A,N/A,N/A,N/A,N/A,N/A,N/A,N/A,N/A,N/A,N/A,N/A,N/A,N/A,N/A,N/A,N/A,N/A,N/A,N/A,N/A,N/A,N/A,N/A,N/A,N/A,N/A,N/A,N/A,N/A,N/A,N/A,N/A,N/A,N/A,N/A,N/A
Uruguay,H,Sergio Rochet,5,Manuel Ugarte,MID,253306,Manuel Ugarte,CDM,CM,79,62,65,72,76,77,75,62,62,65,67,65,45,62,70,77,79,70,58,62,73,77,76,68,72,78,79,83,77,81,78,55,87,69,70,74,6,10,16,8,,"Intercept,Slide Tackle,Bruiser",,3,3,1
Uruguay,H,Sergio Rochet,6,Rodrigo Bentancur,MID,227535,Rodrigo Bentancur,CDM,CM,80,64,68,78,79,78,72,63,65,68,71,65,71,67,73,82,80,71,68,74,78,81,81,64,69,78,82,83,78,80,77,64,78,70,72,70,8,7,14,14,,First Touch,,3,4,1
Uruguay,H,Sergio Rochet,7,Nicolás de la Cruz,MID,N/A,N/A,N/A,N/A,N/A,N/A,N/A,N/A,N/A,N/A,N/A,N/A,N/A,N/A,N/A,N/A,N/A,N/A,N/A,N/A,N/A,N/A,N/A,N/A,N/A,N/A,N/A,N/A,N/A,N/A,N/A,N/A,N/A,N/A,N/A,N/A,N/A,N/A,N/A,N/A,N/A,N/A,N/A,N/A,N/A,N/A,N/A,N/A,N/A,N/A
Uruguay,H,Sergio Rochet,8,Federico Valverde,MID,239053,Federico Valverde,CM,"CDM,RB",89,88,84,84,84,83,85,84,92,80,91,91,78,59,86,88,88,76,69,78,86,84,88,77,68,89,84,86,82,87,86,63,81,82,93,82,6,10,6,15,,"Power Shot,Long Ball Pass,Intercept,Slide Tackle,Aerial Fortress,Rapid",Relentless+,3,4,1
Uruguay,H,Sergio Rochet,10,Giorgian de Arrascaeta,MID,N/A,N/A,N/A,N/A,N/A,N/A,N/A,N/A,N/A,N/A,N/A,N/A,N/A,N/A,N/A,N/A,N/A,N/A,N/A,N/A,N/A,N/A,N/A,N/A,N/A,N/A,N/A,N/A,N/A,N/A,N/A,N/A,N/A,N/A,N/A,N/A,N/A,N/A,N/A,N/A,N/A,N/A,N/A,N/A,N/A,N/A,N/A,N/A,N/A,N/A
Uruguay,H,Sergio Rochet,14,Agustín Canobbio,MID,N/A,N/A,N/A,N/A,N/A,N/A,N/A,N/A,N/A,N/A,N/A,N/A,N/A,N/A,N/A,N/A,N/A,N/A,N/A,N/A,N/A,N/A,N/A,N/A,N/A,N/A,N/A,N/A,N/A,N/A,N/A,N/A,N/A,N/A,N/A,N/A,N/A,N/A,N/A,N/A,N/A,N/A,N/A,N/A,N/A,N/A,N/A,N/A,N/A,N/A
England,L,Jordan Pickford,23,James Trafford,GK,263063,James Trafford,GK,,76,,,,,,,,,,,,,,,,,,,,,,,,,,,,,,,,,,,,77,74,72,74,78,"Long Ball Pass,Far Throw,Footwork,Cross Claimer",,1,3,1
Netherlands,F,Bart Verbruggen,7,Justin Kluivert,FWD,236920,Justin Kluivert,CAM,"LM,CM",79,87,78,76,81,38,62,89,86,75,84,81,67,84,78,77,75,72,63,77,78,82,80,87,83,78,72,30,43,35,30,57,65,71,76,53,5,6,14,7,,Rapid,,4,4,1
Uruguay,H,Sergio Rochet,9,Darwin Núñez,FWD,253072,Darwin Núñez,ST,,79,88,79,72,76,49,82,86,89,77,87,75,74,78,81,74,68,75,61,69,78,78,77,68,66,74,76,45,42,52,39,77,84,93,79,81,14,10,12,10,,"Rapid,Quick Step,Relentless",,3,3,1
Uruguay,H,Sergio Rochet,11,Facundo Pellistri,FWD,253283,Facundo Pellistri,RM,"LM,RW",73,82,64,66,75,38,63,84,81,64,68,58,57,66,71,69,55,70,62,70,64,75,72,84,90,73,70,34,39,38,28,56,67,71,74,56,9,12,7,8,,Technical,,3,2,1
Uruguay,H,Sergio Rochet,18,Brian Rodríguez,FWD,N/A,N/A,N/A,N/A,N/A,N/A,N/A,N/A,N/A,N/A,N/A,N/A,N/A,N/A,N/A,N/A,N/A,N/A,N/A,N/A,N/A,N/A,N/A,N/A,N/A,N/A,N/A,N/A,N/A,N/A,N/A,N/A,N/A,N/A,N/A,N/A,N/A,N/A,N/A,N/A,N/A,N/A,N/A,N/A,N/A,N/A,N/A,N/A,N/A,N/A
Uruguay,H,Sergio Rochet,19,Rodrigo Aguirre,FWD,N/A,N/A,N/A,N/A,N/A,N/A,N/A,N/A,N/A,N/A,N/A,N/A,N/A,N/A,N/A,N/A,N/A,N/A,N/A,N/A,N/A,N/A,N/A,N/A,N/A,N/A,N/A,N/A,N/A,N/A,N/A,N/A,N/A,N/A,N/A,N/A,N/A,N/A,N/A,N/A,N/A,N/A,N/A,N/A,N/A,N/A,N/A,N/A,N/A,N/A
Uruguay,H,Sergio Rochet,20,Maximiliano Araújo,FWD,254817,Maximiliano Araújo,LM,"LB,LW",77,85,63,70,79,68,68,87,84,71,67,46,36,54,74,72,69,70,45,74,69,78,80,85,70,75,73,72,68,69,67,62,72,76,78,60,12,13,9,8,,"Aerial Fortress,Rapid,Long Throw",,4,2,2
Algeria,J,Melvin Mastil,9,Amine Gouiri,FWD,240753,Amine Gouiri,ST,CAM,79,77,82,76,80,45,71,79,75,85,80,80,73,78,83,78,69,78,76,77,76,81,80,79,74,76,79,44,45,41,32,68,61,79,76,71,6,12,8,9,,"Finesse Shot,Gamechanger,Technical",,4,3,1
Bosnia and Herzegovina,B,Nikola Vasilj,1,Nikola Vasilj,GK,262956,Nikola Vasilj,GK,,77,,,,,,,,,,,,,,,,,,,,,,,,,,,,,,,,,,,,77,72,65,77,79,Footwork,,1,3,1
Portugal,K,Diogo Costa,12,José Sá,GK,212442,José Sá,GK,,77,,,,,,,,,,,,,,,,,,,,,,,,,,,,,,,,,,,,77,75,70,76,77,"Footwork,Rush Out",,1,2,1
Croatia,L,Dominik Livakovic,23,Dominik Kotarski,GK,246267,Dominik Kotarski,GK,,77,,,,,,,,,,,,,,,,,,,,,,,,,,,,,,,,,,,,79,72,76,73,80,Footwork,,1,3,1
France,I,Brice Samba,2,Malo Gusto,DEF,259307,Malo Gusto,RB,RM,79,84,45,75,78,73,74,87,81,30,65,50,45,45,75,76,74,76,50,79,74,77,77,84,77,76,76,76,75,76,75,53,76,74,85,68,10,6,14,8,,"Jockey,Block,Slide Tackle,Rapid",,3,3,1
France,I,Brice Samba,3,Lucas Digne,DEF,200458,Lucas Digne,LB,LM,80,69,68,79,76,77,74,70,68,60,81,76,68,60,73,78,73,83,83,86,75,76,77,72,78,80,79,77,77,79,78,73,76,77,80,69,6,12,9,6,,"Whipped Pass,Long Throw",,3,1,2
France,I,Brice Samba,4,Dayot Upamecano,DEF,229558,Dayot Upamecano,CB,,85,77,45,64,73,84,84,76,78,39,64,42,33,39,47,79,78,36,28,48,58,72,76,66,65,84,74,86,84,84,82,83,88,85,73,87,6,7,8,15,,"Pinged Pass,Long Ball Pass,Jockey,Bruiser",,3,3,1
France,I,Brice Samba,5,Jules Koundé,DEF,241486,Jules Koundé,RB,"CB,RM",87,84,47,74,79,86,84,85,83,47,48,45,32,43,69,82,75,64,26,78,70,78,81,70,78,86,82,86,87,86,84,80,78,91,87,85,11,10,8,14,,"Long Ball Pass,Slide Tackle,Aerial Fortress,Quick Step,Relentless",Jockey+,3,3,1
France,I,Brice Samba,15,Ibrahima Konaté,DEF,237678,Ibrahima Konaté,CB,,86,77,34,63,69,86,85,69,83,29,45,31,28,41,44,79,76,50,27,38,64,68,76,55,44,85,80,83,87,87,86,84,84,83,75,91,9,7,9,9,,"Aerial Fortress,Bruiser",,3,3,1
France,I,Brice Samba,17,William Saliba,DEF,243715,William Saliba,CB,,87,77,39,68,72,87,83,76,78,35,60,23,34,47,54,80,77,55,35,58,62,74,77,53,46,86,82,86,88,90,86,80,83,89,72,88,7,10,6,8,,"Long Ball Pass,Jockey",Anticipate+,2,3,1
France,I,Brice Samba,19,Théo Hernández,DEF,N/A,N/A,N/A,N/A,N/A,N/A,N/A,N/A,N/A,N/A,N/A,N/A,N/A,N/A,N/A,N/A,N/A,N/A,N/A,N/A,N/A,N/A,N/A,N/A,N/A,N/A,N/A,N/A,N/A,N/A,N/A,N/A,N/A,N/A,N/A,N/A,N/A,N/A,N/A,N/A,N/A,N/A,N/A,N/A,N/A,N/A,N/A,N/A,N/A,N/A
France,I,Brice Samba,21,Lucas Hernández,DEF,220814,Lucas Hernández,CB,"LB,LM",81,71,54,72,70,82,77,68,74,53,62,51,46,42,66,78,66,59,39,78,71,65,76,69,69,81,80,80,82,84,82,80,89,84,65,78,10,7,8,14,,"Slide Tackle,Bruiser",,2,2,2
France,I,Brice Samba,26,Maxence Lacroix,DEF,244067,Maxence Lacroix,CB,,79,88,40,57,67,80,82,82,93,29,75,37,28,38,32,71,72,45,26,35,55,66,69,64,56,80,75,82,80,80,78,75,81,83,77,84,14,7,12,12,,"Long Ball Pass,Jockey",,2,2,1
France,I,Brice Samba,6,Manu Koné,MID,N/A,N/A,N/A,N/A,N/A,N/A,N/A,N/A,N/A,N/A,N/A,N/A,N/A,N/A,N/A,N/A,N/A,N/A,N/A,N/A,N/A,N/A,N/A,N/A,N/A,N/A,N/A,N/A,N/A,N/A,N/A,N/A,N/A,N/A,N/A,N/A,N/A,N/A,N/A,N/A,N/A,N/A,N/A,N/A,N/A,N/A,N/A,N/A,N/A,N/A
France,I,Brice Samba,8,Aurélien Tchouaméni,MID,241637,Aurélien Tchouaméni,CDM,"CM,CB",84,71,69,79,78,81,82,73,70,65,78,75,50,55,74,85,84,76,53,68,81,78,81,72,70,82,82,83,81,83,80,75,80,84,83,82,9,8,12,12,,"Precision Header,Jockey,Intercept,Anticipate,Aerial Fortress,Relentless,Bruiser",,3,3,1
France,I,Brice Samba,13,N'Golo Kanté,MID,215914,N'Golo Kanté,CDM,CM,85,77,65,73,80,85,79,80,74,64,71,65,56,54,72,79,77,49,49,68,75,78,80,78,93,85,82,88,88,90,85,54,85,74,89,72,15,12,10,7,,"Press Proven,Relentless",Intercept+,2,3,1
Uruguay,H,Sergio Rochet,26,Rodrigo Zalazar,MID,251377,Rodrigo Zalazar,CAM,"CM,RM",79,80,81,79,78,67,74,77,82,80,88,84,70,67,78,80,81,83,76,74,80,75,81,85,77,75,78,72,67,69,62,54,79,71,84,68,7,7,9,5,,"Finesse Shot,Power Shot,Gamechanger,Incisive Pass,Whipped Pass,Aerial Fortress,Technical",,3,4,1
France,I,Brice Samba,18,Warren Zaïre-Emery,MID,270673,Warren Zaïre-Emery,CM,"CDM,CAM",80,79,68,76,79,75,79,80,78,66,76,69,49,59,76,82,81,66,53,68,79,78,81,74,84,79,78,79,71,80,73,66,76,80,88,75,14,11,7,8,,"Tiki Taka,First Touch,Press Proven,Quick Step,Relentless",,3,4,1
Colombia,K,David Ospina,25,Luis Suárez,FWD,176580,Luis Suárez,ST,CAM,79,53,82,74,76,41,75,52,54,82,83,80,85,81,84,73,70,80,79,71,80,75,79,66,71,83,86,35,35,38,35,82,87,75,53,81,27,25,31,33,,"Gamechanger,Enforcer",,3,4,1
Bosnia and Herzegovina,B,Nikola Vasilj,10,Ermedin Demirovic,FWD,238900,Ermedin Demirović,ST,,80,72,81,73,78,42,78,68,75,84,85,78,76,62,83,79,66,73,53,69,78,78,81,70,71,82,73,36,38,39,42,71,77,80,80,77,9,8,9,7,,"Finesse Shot,Relentless",,3,3,1
Morocco,C,Yassine Bounou,20,Ayoub El Kaabi,FWD,243586,Ayoub El Kaabi,ST,,80,82,82,62,75,46,77,80,83,84,83,74,82,84,82,68,45,68,55,60,66,72,79,75,76,80,72,41,40,44,42,80,71,89,78,77,15,10,13,13,,"Finesse Shot,Chip Shot",,3,2,2
France,I,Brice Samba,11,Michael Olise,FWD,247827,Michael Olise,RM,RW,86,78,80,84,87,50,66,83,73,83,78,80,71,72,84,86,79,82,81,79,88,88,86,90,85,86,84,55,44,58,49,36,66,62,85,57,9,11,9,10,,"Finesse Shot,Whipped Pass,Inventive,Technical",,4,2,2
France,I,Brice Samba,12,Bradley Barcola,FWD,264652,Bradley Barcola,LW,"RW,LM",84,90,77,78,84,39,66,88,91,80,74,74,73,66,84,83,64,80,64,81,79,86,84,88,64,82,83,39,34,39,28,69,60,79,74,64,8,8,15,6,,"Finesse Shot,Gamechanger,Rapid",,4,4,1
France,I,Brice Samba,20,Désiré Doué,FWD,271421,Désiré Doué,RW,"LW,CM,RM",85,83,80,77,90,55,74,85,82,78,86,83,68,71,81,81,74,82,68,74,78,91,89,88,87,85,89,59,52,60,52,46,61,75,80,77,9,12,7,5,,"Gamechanger,Inventive,First Touch,Press Proven,Quick Step",Trickster+,5,4,1
Germany,E,Manuel Neuer,26,Deniz Undav,FWD,244176,Deniz Undav,ST,CAM,80,66,82,74,80,33,77,67,65,83,84,80,83,72,83,80,64,74,66,67,82,78,83,73,86,80,82,18,25,37,29,75,79,82,70,80,9,12,9,11,,"Finesse Shot,Chip Shot,Acrobatic,Low Driven Shot,Gamechanger,Incisive Pass",,3,5,1
France,I,Brice Samba,24,Rayan Cherki,FWD,251570,Rayan Cherki,RW,"RM,CAM",81,75,75,80,88,21,65,75,75,75,80,75,71,66,73,82,76,80,73,76,86,91,88,81,86,78,86,22,19,23,15,28,59,59,68,67,7,14,6,8,,"Chip Shot,Low Driven Shot,Incisive Pass,Inventive,Technical,First Touch",Trickster+,5,5,2
France,I,Brice Samba,25,Maghnes Akliouche,FWD,264862,Maghnes Akliouche,RM,"CAM,RW",80,74,70,78,83,48,62,75,74,72,66,71,59,70,74,80,74,80,67,76,82,84,84,84,75,78,81,48,46,52,44,46,54,62,77,58,8,10,9,5,,"Low Driven Shot,Inventive",,4,3,2
Iraq,I,Fahad Talib,1,Fahad Talib,GK,N/A,N/A,N/A,N/A,N/A,N/A,N/A,N/A,N/A,N/A,N/A,N/A,N/A,N/A,N/A,N/A,N/A,N/A,N/A,N/A,N/A,N/A,N/A,N/A,N/A,N/A,N/A,N/A,N/A,N/A,N/A,N/A,N/A,N/A,N/A,N/A,N/A,N/A,N/A,N/A,N/A,N/A,N/A,N/A,N/A,N/A,N/A,N/A,N/A,N/A
Iraq,I,Fahad Talib,12,Jalal Hassan,GK,N/A,N/A,N/A,N/A,N/A,N/A,N/A,N/A,N/A,N/A,N/A,N/A,N/A,N/A,N/A,N/A,N/A,N/A,N/A,N/A,N/A,N/A,N/A,N/A,N/A,N/A,N/A,N/A,N/A,N/A,N/A,N/A,N/A,N/A,N/A,N/A,N/A,N/A,N/A,N/A,N/A,N/A,N/A,N/A,N/A,N/A,N/A,N/A,N/A,N/A
Iraq,I,Fahad Talib,22,Ahmed Basil,GK,N/A,N/A,N/A,N/A,N/A,N/A,N/A,N/A,N/A,N/A,N/A,N/A,N/A,N/A,N/A,N/A,N/A,N/A,N/A,N/A,N/A,N/A,N/A,N/A,N/A,N/A,N/A,N/A,N/A,N/A,N/A,N/A,N/A,N/A,N/A,N/A,N/A,N/A,N/A,N/A,N/A,N/A,N/A,N/A,N/A,N/A,N/A,N/A,N/A,N/A
Iraq,I,Fahad Talib,2,Rebin Sulaka,DEF,N/A,N/A,N/A,N/A,N/A,N/A,N/A,N/A,N/A,N/A,N/A,N/A,N/A,N/A,N/A,N/A,N/A,N/A,N/A,N/A,N/A,N/A,N/A,N/A,N/A,N/A,N/A,N/A,N/A,N/A,N/A,N/A,N/A,N/A,N/A,N/A,N/A,N/A,N/A,N/A,N/A,N/A,N/A,N/A,N/A,N/A,N/A,N/A,N/A,N/A
Iraq,I,Fahad Talib,3,Hussein Ali,DEF,N/A,N/A,N/A,N/A,N/A,N/A,N/A,N/A,N/A,N/A,N/A,N/A,N/A,N/A,N/A,N/A,N/A,N/A,N/A,N/A,N/A,N/A,N/A,N/A,N/A,N/A,N/A,N/A,N/A,N/A,N/A,N/A,N/A,N/A,N/A,N/A,N/A,N/A,N/A,N/A,N/A,N/A,N/A,N/A,N/A,N/A,N/A,N/A,N/A,N/A
Iraq,I,Fahad Talib,4,Zaid Tahseen,DEF,N/A,N/A,N/A,N/A,N/A,N/A,N/A,N/A,N/A,N/A,N/A,N/A,N/A,N/A,N/A,N/A,N/A,N/A,N/A,N/A,N/A,N/A,N/A,N/A,N/A,N/A,N/A,N/A,N/A,N/A,N/A,N/A,N/A,N/A,N/A,N/A,N/A,N/A,N/A,N/A,N/A,N/A,N/A,N/A,N/A,N/A,N/A,N/A,N/A,N/A
Iraq,I,Fahad Talib,5,Akam Hashem,DEF,N/A,N/A,N/A,N/A,N/A,N/A,N/A,N/A,N/A,N/A,N/A,N/A,N/A,N/A,N/A,N/A,N/A,N/A,N/A,N/A,N/A,N/A,N/A,N/A,N/A,N/A,N/A,N/A,N/A,N/A,N/A,N/A,N/A,N/A,N/A,N/A,N/A,N/A,N/A,N/A,N/A,N/A,N/A,N/A,N/A,N/A,N/A,N/A,N/A,N/A
Iraq,I,Fahad Talib,6,Manaf Younis,DEF,N/A,N/A,N/A,N/A,N/A,N/A,N/A,N/A,N/A,N/A,N/A,N/A,N/A,N/A,N/A,N/A,N/A,N/A,N/A,N/A,N/A,N/A,N/A,N/A,N/A,N/A,N/A,N/A,N/A,N/A,N/A,N/A,N/A,N/A,N/A,N/A,N/A,N/A,N/A,N/A,N/A,N/A,N/A,N/A,N/A,N/A,N/A,N/A,N/A,N/A
Iraq,I,Fahad Talib,15,Ahmed Maknzi,DEF,N/A,N/A,N/A,N/A,N/A,N/A,N/A,N/A,N/A,N/A,N/A,N/A,N/A,N/A,N/A,N/A,N/A,N/A,N/A,N/A,N/A,N/A,N/A,N/A,N/A,N/A,N/A,N/A,N/A,N/A,N/A,N/A,N/A,N/A,N/A,N/A,N/A,N/A,N/A,N/A,N/A,N/A,N/A,N/A,N/A,N/A,N/A,N/A,N/A,N/A
Iraq,I,Fahad Talib,23,Merchas Doski,DEF,76603,Merchas Doski,LB,LM,68,75,54,65,71,62,62,76,75,52,62,53,43,51,62,64,62,63,55,70,66,70,69,77,81,69,68,65,63,61,62,58,63,71,64,60,10,11,10,12,,,,2,3,2
Iraq,I,Fahad Talib,25,Mustafa Saadoon,DEF,N/A,N/A,N/A,N/A,N/A,N/A,N/A,N/A,N/A,N/A,N/A,N/A,N/A,N/A,N/A,N/A,N/A,N/A,N/A,N/A,N/A,N/A,N/A,N/A,N/A,N/A,N/A,N/A,N/A,N/A,N/A,N/A,N/A,N/A,N/A,N/A,N/A,N/A,N/A,N/A,N/A,N/A,N/A,N/A,N/A,N/A,N/A,N/A,N/A,N/A
Iraq,I,Fahad Talib,26,Frans Putros,DEF,N/A,N/A,N/A,N/A,N/A,N/A,N/A,N/A,N/A,N/A,N/A,N/A,N/A,N/A,N/A,N/A,N/A,N/A,N/A,N/A,N/A,N/A,N/A,N/A,N/A,N/A,N/A,N/A,N/A,N/A,N/A,N/A,N/A,N/A,N/A,N/A,N/A,N/A,N/A,N/A,N/A,N/A,N/A,N/A,N/A,N/A,N/A,N/A,N/A,N/A
Iraq,I,Fahad Talib,7,Youssef Amyn,MID,N/A,N/A,N/A,N/A,N/A,N/A,N/A,N/A,N/A,N/A,N/A,N/A,N/A,N/A,N/A,N/A,N/A,N/A,N/A,N/A,N/A,N/A,N/A,N/A,N/A,N/A,N/A,N/A,N/A,N/A,N/A,N/A,N/A,N/A,N/A,N/A,N/A,N/A,N/A,N/A,N/A,N/A,N/A,N/A,N/A,N/A,N/A,N/A,N/A,N/A
Iraq,I,Fahad Talib,8,Ibrahim Bayesh,MID,74514,Ibrahim Bayesh,LM,"RM,ST,LW",68,79,67,60,69,58,75,78,80,66,73,72,54,57,63,61,55,60,57,62,59,73,66,73,66,64,57,52,55,62,60,67,77,80,82,71,14,14,13,10,,,,3,3,1
Iraq,I,Fahad Talib,11,Ahmed Qasim,MID,N/A,N/A,N/A,N/A,N/A,N/A,N/A,N/A,N/A,N/A,N/A,N/A,N/A,N/A,N/A,N/A,N/A,N/A,N/A,N/A,N/A,N/A,N/A,N/A,N/A,N/A,N/A,N/A,N/A,N/A,N/A,N/A,N/A,N/A,N/A,N/A,N/A,N/A,N/A,N/A,N/A,N/A,N/A,N/A,N/A,N/A,N/A,N/A,N/A,N/A
Iraq,I,Fahad Talib,14,Zidane Iqbal,MID,265788,Zidane Iqbal,CDM,"CM,CB",68,64,60,64,73,63,62,68,60,59,62,65,48,52,60,70,66,66,44,55,67,72,70,83,81,66,69,66,63,68,58,46,62,57,76,56,6,10,9,8,,Technical,,4,3,1
Iraq,I,Fahad Talib,16,Amir Al-Ammari,MID,261298,Amir Al-Ammari,CM,CDM,65,68,57,66,63,60,70,66,70,53,64,58,54,55,57,68,68,65,70,62,66,61,65,65,67,62,63,69,62,58,58,44,69,61,68,73,8,6,11,14,,Intercept,,2,3,2
Iraq,I,Fahad Talib,19,Kevin Yakob,MID,243539,Kevin Yakob,CM,,66,66,61,66,68,59,64,68,65,62,62,60,56,55,64,68,65,64,60,63,67,67,68,72,76,65,68,59,58,61,58,56,64,66,65,63,5,12,12,7,,Long Ball Pass,,3,4,1
Iraq,I,Fahad Talib,20,Aimar Sher,MID,253010,Aimar Sher,CDM,CM,67,62,47,61,69,61,66,72,54,40,57,52,39,44,53,67,65,45,42,53,66,67,66,85,83,66,67,64,62,64,62,45,73,59,82,56,9,9,11,11,,Intercept,,3,3,1
Iraq,I,Fahad Talib,24,Zaid Ismail,MID,N/A,N/A,N/A,N/A,N/A,N/A,N/A,N/A,N/A,N/A,N/A,N/A,N/A,N/A,N/A,N/A,N/A,N/A,N/A,N/A,N/A,N/A,N/A,N/A,N/A,N/A,N/A,N/A,N/A,N/A,N/A,N/A,N/A,N/A,N/A,N/A,N/A,N/A,N/A,N/A,N/A,N/A,N/A,N/A,N/A,N/A,N/A,N/A,N/A,N/A
Iraq,I,Fahad Talib,9,Ali Al-Hamadi,FWD,N/A,N/A,N/A,N/A,N/A,N/A,N/A,N/A,N/A,N/A,N/A,N/A,N/A,N/A,N/A,N/A,N/A,N/A,N/A,N/A,N/A,N/A,N/A,N/A,N/A,N/A,N/A,N/A,N/A,N/A,N/A,N/A,N/A,N/A,N/A,N/A,N/A,N/A,N/A,N/A,N/A,N/A,N/A,N/A,N/A,N/A,N/A,N/A,N/A,N/A
Iraq,I,Fahad Talib,10,Mohanad Ali,FWD,N/A,N/A,N/A,N/A,N/A,N/A,N/A,N/A,N/A,N/A,N/A,N/A,N/A,N/A,N/A,N/A,N/A,N/A,N/A,N/A,N/A,N/A,N/A,N/A,N/A,N/A,N/A,N/A,N/A,N/A,N/A,N/A,N/A,N/A,N/A,N/A,N/A,N/A,N/A,N/A,N/A,N/A,N/A,N/A,N/A,N/A,N/A,N/A,N/A,N/A
Iraq,I,Fahad Talib,13,Ali Yousef,FWD,N/A,N/A,N/A,N/A,N/A,N/A,N/A,N/A,N/A,N/A,N/A,N/A,N/A,N/A,N/A,N/A,N/A,N/A,N/A,N/A,N/A,N/A,N/A,N/A,N/A,N/A,N/A,N/A,N/A,N/A,N/A,N/A,N/A,N/A,N/A,N/A,N/A,N/A,N/A,N/A,N/A,N/A,N/A,N/A,N/A,N/A,N/A,N/A,N/A,N/A
Iraq,I,Fahad Talib,17,Ali Jassim,FWD,N/A,N/A,N/A,N/A,N/A,N/A,N/A,N/A,N/A,N/A,N/A,N/A,N/A,N/A,N/A,N/A,N/A,N/A,N/A,N/A,N/A,N/A,N/A,N/A,N/A,N/A,N/A,N/A,N/A,N/A,N/A,N/A,N/A,N/A,N/A,N/A,N/A,N/A,N/A,N/A,N/A,N/A,N/A,N/A,N/A,N/A,N/A,N/A,N/A,N/A
Iraq,I,Fahad Talib,18,Aymen Hussein,FWD,N/A,N/A,N/A,N/A,N/A,N/A,N/A,N/A,N/A,N/A,N/A,N/A,N/A,N/A,N/A,N/A,N/A,N/A,N/A,N/A,N/A,N/A,N/A,N/A,N/A,N/A,N/A,N/A,N/A,N/A,N/A,N/A,N/A,N/A,N/A,N/A,N/A,N/A,N/A,N/A,N/A,N/A,N/A,N/A,N/A,N/A,N/A,N/A,N/A,N/A
Iraq,I,Fahad Talib,21,Marko Farji,FWD,276252,Marko Farji,LW,"CM,RW,LM",66,81,60,60,66,32,65,82,81,61,60,62,48,52,61,60,58,58,51,63,63,66,65,69,72,62,62,32,28,32,32,43,48,69,59,74,13,15,7,8,,,,4,3,1
Norway,I,Ørjan Håskjold Nyland,1,Ørjan Håskjold Nyland,GK,N/A,N/A,N/A,N/A,N/A,N/A,N/A,N/A,N/A,N/A,N/A,N/A,N/A,N/A,N/A,N/A,N/A,N/A,N/A,N/A,N/A,N/A,N/A,N/A,N/A,N/A,N/A,N/A,N/A,N/A,N/A,N/A,N/A,N/A,N/A,N/A,N/A,N/A,N/A,N/A,N/A,N/A,N/A,N/A,N/A,N/A,N/A,N/A,N/A,N/A
Netherlands,F,Bart Verbruggen,1,Bart Verbruggen,GK,258498,Bart Verbruggen,GK,,78,,,,,,,,,,,,,,,,,,,,,,,,,,,,,,,,,,,,79,76,76,75,81,Footwork,,1,4,1
Netherlands,F,Bart Verbruggen,23,Mark Flekken,GK,211738,Mark Flekken,GK,,78,,,,,,,,,,,,,,,,,,,,,,,,,,,,,,,,,,,,79,76,80,76,80,"Long Ball Pass,Footwork",,1,4,1
Norway,I,Ørjan Håskjold Nyland,3,Kristoffer Ajer,DEF,224258,Kristoffer Ajer,RB,"CB,RM",75,67,56,65,68,74,81,63,70,58,64,47,41,49,61,71,64,58,42,69,57,71,74,44,46,75,77,72,73,76,77,74,79,77,69,89,9,9,14,7,,Slide Tackle,,3,3,1
Norway,I,Ørjan Håskjold Nyland,4,Leo Østigård,DEF,238516,Leo Østigård,CB,,73,60,37,50,61,71,79,63,58,33,52,32,33,42,35,62,55,46,24,48,34,58,61,66,61,71,58,69,68,73,70,76,86,85,65,82,13,10,13,8,,Precision Header,,2,3,1
Norway,I,Ørjan Håskjold Nyland,5,David Møller Wolfe,DEF,262135,David Møller Wolfe,LB,LM,73,78,53,65,69,67,77,77,79,52,59,50,47,48,64,70,59,55,43,71,63,68,70,69,66,71,66,68,67,68,69,60,72,80,82,76,8,9,14,10,,"Rapid,Relentless",,2,2,2
Norway,I,Ørjan Håskjold Nyland,15,Fredrik André Bjørkan,DEF,N/A,N/A,N/A,N/A,N/A,N/A,N/A,N/A,N/A,N/A,N/A,N/A,N/A,N/A,N/A,N/A,N/A,N/A,N/A,N/A,N/A,N/A,N/A,N/A,N/A,N/A,N/A,N/A,N/A,N/A,N/A,N/A,N/A,N/A,N/A,N/A,N/A,N/A,N/A,N/A,N/A,N/A,N/A,N/A,N/A,N/A,N/A,N/A,N/A,N/A
Norway,I,Ørjan Håskjold Nyland,16,Marcus Holmgren Pedersen,DEF,N/A,N/A,N/A,N/A,N/A,N/A,N/A,N/A,N/A,N/A,N/A,N/A,N/A,N/A,N/A,N/A,N/A,N/A,N/A,N/A,N/A,N/A,N/A,N/A,N/A,N/A,N/A,N/A,N/A,N/A,N/A,N/A,N/A,N/A,N/A,N/A,N/A,N/A,N/A,N/A,N/A,N/A,N/A,N/A,N/A,N/A,N/A,N/A,N/A,N/A
Norway,I,Ørjan Håskjold Nyland,17,Torbjørn Heggem,DEF,N/A,N/A,N/A,N/A,N/A,N/A,N/A,N/A,N/A,N/A,N/A,N/A,N/A,N/A,N/A,N/A,N/A,N/A,N/A,N/A,N/A,N/A,N/A,N/A,N/A,N/A,N/A,N/A,N/A,N/A,N/A,N/A,N/A,N/A,N/A,N/A,N/A,N/A,N/A,N/A,N/A,N/A,N/A,N/A,N/A,N/A,N/A,N/A,N/A,N/A
Norway,I,Ørjan Håskjold Nyland,24,Sondre Langås,DEF,277305,Sondre Langås,CB,,71,86,38,56,63,68,85,87,86,32,50,43,30,37,33,62,59,53,33,56,48,60,62,72,63,68,65,67,68,68,67,69,83,91,80,87,13,9,5,6,,"Jockey,Anticipate,Aerial Fortress",,2,3,1
Norway,I,Ørjan Håskjold Nyland,25,Henrik Falchener,DEF,256435,Henrik Falchener,CB,,65,64,46,53,56,62,73,62,65,45,55,40,45,48,45,64,60,45,40,41,46,53,59,56,65,63,56,62,62,63,62,63,65,75,70,78,5,5,9,12,,"Precision Header,Bruiser",,2,3,1
Norway,I,Ørjan Håskjold Nyland,26,Julian Ryerson,DEF,229891,Julian Ryerson,RB,"LB,RM",79,74,63,71,76,77,82,77,72,62,73,61,55,44,63,76,69,63,54,79,63,76,76,76,77,77,74,74,83,75,80,64,86,74,83,80,7,13,8,7,,"Jockey,Relentless,Bruiser",,2,3,1
Norway,I,Ørjan Håskjold Nyland,2,Morten Thorsby,MID,222475,Morten Thorsby,CM,,72,55,62,69,71,72,75,62,50,62,69,60,55,49,71,73,72,56,48,68,69,70,74,64,62,74,73,73,68,73,66,83,81,82,78,70,13,14,10,7,,"Precision Header,Aerial Fortress",,2,3,1
Norway,I,Ørjan Håskjold Nyland,6,Patrick Berg,MID,222227,Patrick Berg,CDM,CM,77,73,67,75,73,71,78,72,74,64,69,74,65,58,68,78,76,73,66,72,76,72,75,70,77,76,78,77,72,72,70,58,68,74,92,75,14,11,16,10,,"Inventive,Intercept,Press Proven,Relentless",,3,3,1
Norway,I,Ørjan Håskjold Nyland,8,Sander Berge,MID,228092,Sander Berge,CDM,"CM,CB",79,55,65,74,71,75,84,54,55,63,78,62,51,54,70,80,78,72,51,66,75,75,78,47,33,77,78,76,76,76,72,74,76,81,81,89,14,9,10,8,,"Pinged Pass,Aerial Fortress",,2,3,1
Norway,I,Ørjan Håskjold Nyland,10,Martin Ødegaard,MID,222665,Martin Ødegaard,CM,CAM,87,68,79,88,87,67,65,68,68,79,82,80,79,68,78,90,88,84,82,86,90,87,88,85,83,88,87,69,68,72,57,55,64,63,88,55,14,15,15,8,,"Pinged Pass,Inventive,Technical,First Touch",Incisive Pass+,5,2,2
Norway,I,Ørjan Håskjold Nyland,14,Fredrik Aursnes,MID,231913,Fredrik Aursnes,CM,"RB,RM,CAM",80,74,71,78,80,77,82,73,75,71,74,68,59,66,79,80,79,72,63,76,79,78,82,80,80,83,82,78,78,78,75,68,80,80,92,78,12,14,14,8,,"Low Driven Shot,Anticipate,First Touch,Press Proven,Relentless",,3,3,1
Norway,I,Ørjan Håskjold Nyland,18,Kristian Thorstvedt,MID,242725,Kristian Thorstvedt,CM,CAM,75,61,71,74,73,67,82,55,66,69,78,74,65,62,70,78,74,70,67,68,74,76,76,62,45,72,72,69,63,69,63,72,74,79,86,83,13,8,10,6,,"Finesse Shot,Slide Tackle",,3,4,2
Norway,I,Ørjan Håskjold Nyland,19,Thelo Aasgaard,MID,259185,Thelo Aasgaard,CM,"CAM,LM",68,67,68,68,71,46,63,65,69,67,72,70,64,55,67,71,68,66,63,63,70,70,71,71,79,70,66,48,40,46,42,59,44,67,71,66,8,11,7,11,,"Finesse Shot,Precision Header",,3,4,1
Spain,H,David Raya,26,Borja Iglesias,FWD,224179,Borja Iglesias,ST,,80,62,82,71,74,40,77,59,65,83,85,76,75,90,85,78,72,51,68,54,80,74,80,53,67,80,80,32,40,36,27,83,73,85,64,84,14,12,16,13,,Enforcer,,3,3,1
Senegal,I,Yehvann Diouf,11,Nicolas Jackson,FWD,259197,Nicolas Jackson,ST,,80,82,77,69,79,40,77,81,83,81,79,70,76,60,83,77,62,72,50,62,73,81,79,72,71,80,77,40,30,40,30,76,70,89,81,77,12,7,12,7,,"Low Driven Shot,Gamechanger,Technical",,3,3,1
Portugal,K,Diogo Costa,9,Gonçalo Ramos,FWD,256903,Gonçalo Ramos,ST,,80,73,79,64,77,48,79,73,73,82,82,68,75,75,85,72,63,64,48,58,63,76,78,77,71,81,75,44,43,47,34,83,78,89,79,79,15,9,7,7,,"Finesse Shot,Precision Header,Low Driven Shot,Aerial Fortress,Press Proven",,2,4,1
Norway,I,Ørjan Håskjold Nyland,20,Antonio Nusa,FWD,262863,Antonio Nusa,LM,"CAM,LW",76,89,72,68,81,41,63,92,86,73,83,67,59,54,72,70,62,74,58,67,73,81,80,91,87,70,68,32,37,47,53,45,57,69,73,59,12,14,14,9,,"Inventive,Technical,Quick Step",,4,4,1
Norway,I,Ørjan Håskjold Nyland,21,Andreas Schjelderup,FWD,260952,Andreas Schjelderup,LW,"CAM,RW,LM",74,80,68,68,80,35,57,83,77,70,72,61,56,69,70,69,61,68,65,66,72,81,79,84,78,73,74,35,35,35,35,39,47,58,77,50,13,10,10,15,,"Finesse Shot,Technical",,3,3,1
Norway,I,Ørjan Håskjold Nyland,22,Oscar Bobb,FWD,277295,Oscar Bobb,RW,"LW,RM",72,79,65,71,77,33,41,84,74,66,66,65,55,63,64,74,72,69,58,66,72,79,76,81,80,63,73,24,32,34,31,48,44,46,50,34,11,12,9,15,,Technical,,4,3,2
Norway,I,Ørjan Håskjold Nyland,23,Jens Petter Hauge,FWD,233848,Jens Petter Hauge,LW,"RW,LM",74,80,69,69,75,40,64,83,77,71,69,68,56,65,72,70,66,67,54,71,72,75,75,81,77,70,70,39,43,37,32,49,52,68,79,60,9,7,14,9,,"Finesse Shot,Gamechanger,Technical",,4,3,1
Belgium,G,Thibaut Courtois,12,Senne Lammens,GK,254803,Senne Lammens,GK,,78,,,,,,,,,,,,,,,,,,,,,,,,,,,,,,,,,,,,79,77,71,79,77,"Footwork,Cross Claimer",,1,4,1
Senegal,I,Yehvann Diouf,1,Yehvann Diouf,GK,235633,Yehvann Diouf,GK,,78,,,,,,,,,,,,,,,,,,,,,,,,,,,,,,,,,,,,78,75,76,76,80,"Far Throw,Cross Claimer",,1,3,1
Uruguay,H,Sergio Rochet,23,Fernando Muslera,GK,182494,Fernando Muslera,GK,,79,,,,,,,,,,,,,,,,,,,,,,,,,,,,,,,,,,,,81,80,66,78,77,"Long Ball Pass,Far Throw,Cross Claimer,Rush Out",,1,2,1
Senegal,I,Yehvann Diouf,2,Mamadou Sarr,DEF,275507,Mamadou Sarr,CB,,76,66,30,56,57,77,73,53,76,21,58,26,21,44,19,71,58,53,30,36,56,53,63,37,54,75,75,77,77,78,74,75,70,78,61,80,14,5,8,13,,,,2,3,1
Senegal,I,Yehvann Diouf,3,Kalidou Koulibaly,DEF,201024,Kalidou Koulibaly,CB,,82,74,48,62,65,82,84,61,84,43,67,38,48,50,50,71,64,53,39,50,64,69,70,39,33,81,75,81,81,83,81,82,83,87,74,89,7,11,7,13,,"Long Ball Pass,Block,Anticipate,Aerial Fortress,Bruiser",,3,4,1
Senegal,I,Yehvann Diouf,4,Abdoulaye Seck,DEF,N/A,N/A,N/A,N/A,N/A,N/A,N/A,N/A,N/A,N/A,N/A,N/A,N/A,N/A,N/A,N/A,N/A,N/A,N/A,N/A,N/A,N/A,N/A,N/A,N/A,N/A,N/A,N/A,N/A,N/A,N/A,N/A,N/A,N/A,N/A,N/A,N/A,N/A,N/A,N/A,N/A,N/A,N/A,N/A,N/A,N/A,N/A,N/A,N/A,N/A
Senegal,I,Yehvann Diouf,14,Ismail Jakobs,DEF,252293,Ismail Jakobs,LB,LM,75,90,60,65,74,70,68,90,90,64,65,52,41,55,68,71,54,59,30,74,65,74,73,84,68,70,68,68,71,72,70,61,66,79,74,65,15,8,10,7,,"Rapid,Long Throw",,3,3,2
Senegal,I,Yehvann Diouf,15,Krépin Diatta,DEF,238227,Krépin Diatta,RM,RW,74,88,69,67,76,57,67,90,86,68,73,70,68,59,69,68,64,62,58,67,69,77,74,88,76,70,70,57,57,57,55,62,60,78,83,61,10,8,11,11,,"Aerial Fortress,Rapid,Quick Step",,4,4,1
Senegal,I,Yehvann Diouf,19,Moussa Niakhaté,DEF,225859,Moussa Niakhaté,CB,,77,68,48,63,64,77,80,55,78,49,49,38,39,74,49,72,65,41,36,63,59,65,64,50,51,76,75,76,76,79,77,75,80,73,75,83,9,14,6,8,,Long Throw,,2,3,2
Senegal,I,Yehvann Diouf,24,Antoine Mendy,DEF,272515,Antoine Mendy,CB,"RB,RM",70,64,41,55,63,71,72,63,65,32,52,44,36,45,58,68,50,52,39,56,38,61,64,64,67,67,67,70,71,73,70,67,73,73,69,72,15,8,9,11,,,,2,3,1
Senegal,I,Yehvann Diouf,25,El Hadji Malick Diouf,DEF,274915,El Hadji Malick Diouf,LB,LM,75,80,67,68,74,70,77,78,82,67,73,62,69,59,72,70,69,51,58,75,64,76,74,68,67,72,70,68,68,70,69,79,66,91,78,80,9,9,7,13,,,,3,2,2
Senegal,I,Yehvann Diouf,5,Idrissa Gana Gueye,MID,N/A,N/A,N/A,N/A,N/A,N/A,N/A,N/A,N/A,N/A,N/A,N/A,N/A,N/A,N/A,N/A,N/A,N/A,N/A,N/A,N/A,N/A,N/A,N/A,N/A,N/A,N/A,N/A,N/A,N/A,N/A,N/A,N/A,N/A,N/A,N/A,N/A,N/A,N/A,N/A,N/A,N/A,N/A,N/A,N/A,N/A,N/A,N/A,N/A,N/A
Senegal,I,Yehvann Diouf,6,Pathé Ciss,MID,250858,Pathé Ciss,CDM,"CM,CB",77,63,57,64,65,76,87,64,62,55,73,54,32,40,64,75,74,40,30,52,65,62,72,60,58,76,65,76,75,76,74,80,84,88,87,88,13,5,11,14,,"Jockey,Aerial Fortress,Bruiser",,2,3,1
Senegal,I,Yehvann Diouf,8,Lamine Camara,MID,275138,Lamine Camara,CM,CDM,77,79,66,78,77,71,69,82,76,65,72,66,52,55,72,80,78,71,74,80,77,76,77,79,80,76,75,74,70,76,72,48,74,68,81,61,13,12,15,12,,"Dead Ball,Long Ball Pass",,3,3,1
Senegal,I,Yehvann Diouf,17,Pape Matar Sarr,MID,259868,Pape Matar Sarr,CM,CDM,79,68,66,76,78,77,76,71,66,65,69,67,54,54,73,81,79,67,60,72,77,79,79,75,72,82,79,80,77,79,74,66,76,76,85,71,14,8,14,8,,,,2,3,1
Senegal,I,Yehvann Diouf,21,Habib Diarra,MID,264293,Habib Diarra,CM,CAM,77,70,68,71,77,71,71,74,67,66,78,68,52,59,76,78,77,67,52,56,77,78,78,73,70,76,77,76,66,76,70,58,68,72,77,69,8,12,7,7,,Technical,,2,2,1
Senegal,I,Yehvann Diouf,22,Bara Sapoko Ndiaye,MID,N/A,N/A,N/A,N/A,N/A,N/A,N/A,N/A,N/A,N/A,N/A,N/A,N/A,N/A,N/A,N/A,N/A,N/A,N/A,N/A,N/A,N/A,N/A,N/A,N/A,N/A,N/A,N/A,N/A,N/A,N/A,N/A,N/A,N/A,N/A,N/A,N/A,N/A,N/A,N/A,N/A,N/A,N/A,N/A,N/A,N/A,N/A,N/A,N/A,N/A
Senegal,I,Yehvann Diouf,26,Pape Gueye,MID,241707,Pape Gueye,CM,CDM,78,67,65,75,75,76,79,66,68,56,81,72,49,52,75,81,79,51,55,67,79,76,78,67,68,77,76,76,77,77,74,68,79,77,80,78,12,12,12,14,,Aerial Fortress,,2,3,2
Senegal,I,Yehvann Diouf,7,Assane Diao,FWD,275324,Assane Diao,LM,"RM,LW",76,90,74,67,77,36,60,90,90,79,68,75,65,61,75,69,63,58,54,69,70,78,79,82,72,69,66,40,36,33,34,42,61,62,74,53,7,7,12,8,,"Finesse Shot,Rapid,Quick Step",,4,4,1
Bosnia and Herzegovina,B,Nikola Vasilj,11,Edin Dzeko,FWD,180930,Edin Džeko,ST,,81,55,82,74,77,40,72,53,57,84,85,77,84,67,83,79,75,67,54,67,77,77,82,62,55,80,87,50,39,28,16,86,65,75,68,77,9,11,13,15,,"Finesse Shot,Low Driven Shot,Incisive Pass,Technical",,3,5,1
Senegal,I,Yehvann Diouf,10,Sadio Mané,FWD,208722,Sadio Mané,LM,"RM,ST,LW",83,82,81,78,85,44,75,81,83,81,85,77,75,75,83,81,71,77,69,77,82,84,85,86,89,84,83,35,42,42,38,78,75,86,80,72,10,10,15,7,,"Low Driven Shot,Gamechanger,Aerial Fortress,Rapid",,4,4,1
DR Congo,K,Lionel Mpasi,23,Simon Banza,FWD,231652,Simon Banza,ST,,81,79,81,62,77,36,79,76,81,84,82,74,76,76,85,65,52,66,52,60,66,76,82,71,66,81,78,30,42,23,18,85,70,92,77,83,8,7,9,5,,"Acrobatic,Aerial Fortress,First Touch,Press Proven",,3,3,1
Senegal,I,Yehvann Diouf,12,Cherif Ndiaye,FWD,N/A,N/A,N/A,N/A,N/A,N/A,N/A,N/A,N/A,N/A,N/A,N/A,N/A,N/A,N/A,N/A,N/A,N/A,N/A,N/A,N/A,N/A,N/A,N/A,N/A,N/A,N/A,N/A,N/A,N/A,N/A,N/A,N/A,N/A,N/A,N/A,N/A,N/A,N/A,N/A,N/A,N/A,N/A,N/A,N/A,N/A,N/A,N/A,N/A,N/A
Senegal,I,Yehvann Diouf,13,Iliman Ndiaye,FWD,261188,Iliman Ndiaye,LM,LW,79,84,76,70,84,40,63,83,85,78,76,70,71,80,79,75,58,68,55,70,74,86,83,84,77,79,82,49,44,28,26,59,47,75,71,65,7,9,7,15,,Technical,,4,4,1
Senegal,I,Yehvann Diouf,18,Ismaïla Sarr,FWD,235353,Ismaïla Sarr,CAM,"RW,CM",79,91,78,76,78,28,69,89,93,79,83,75,74,68,80,78,71,78,60,75,80,77,79,77,74,78,82,24,25,29,21,44,57,72,72,72,14,13,7,6,,"Rapid,Quick Step",,3,2,1
Senegal,I,Yehvann Diouf,20,Ibrahim Mbaye,FWD,74449,Ibrahim Mbaye,RW,"LW,RM",66,77,59,59,70,25,45,78,77,59,60,57,56,53,64,62,53,59,49,59,59,70,66,82,74,62,66,19,21,29,25,39,44,47,51,42,15,14,7,9,,,,3,3,1
Algeria,J,Melvin Mastil,1,Melvin Mastil,GK,N/A,N/A,N/A,N/A,N/A,N/A,N/A,N/A,N/A,N/A,N/A,N/A,N/A,N/A,N/A,N/A,N/A,N/A,N/A,N/A,N/A,N/A,N/A,N/A,N/A,N/A,N/A,N/A,N/A,N/A,N/A,N/A,N/A,N/A,N/A,N/A,N/A,N/A,N/A,N/A,N/A,N/A,N/A,N/A,N/A,N/A,N/A,N/A,N/A,N/A
Algeria,J,Melvin Mastil,16,Oussama Benbot,GK,N/A,N/A,N/A,N/A,N/A,N/A,N/A,N/A,N/A,N/A,N/A,N/A,N/A,N/A,N/A,N/A,N/A,N/A,N/A,N/A,N/A,N/A,N/A,N/A,N/A,N/A,N/A,N/A,N/A,N/A,N/A,N/A,N/A,N/A,N/A,N/A,N/A,N/A,N/A,N/A,N/A,N/A,N/A,N/A,N/A,N/A,N/A,N/A,N/A,N/A
Argentina,J,Juan Musso,1,Juan Musso,GK,214979,Juan Musso,GK,,79,,,,,,,,,,,,,,,,,,,,,,,,,,,,,,,,,,,,79,77,73,81,82,,,1,3,1
Algeria,J,Melvin Mastil,2,Aissa Mandi,DEF,N/A,N/A,N/A,N/A,N/A,N/A,N/A,N/A,N/A,N/A,N/A,N/A,N/A,N/A,N/A,N/A,N/A,N/A,N/A,N/A,N/A,N/A,N/A,N/A,N/A,N/A,N/A,N/A,N/A,N/A,N/A,N/A,N/A,N/A,N/A,N/A,N/A,N/A,N/A,N/A,N/A,N/A,N/A,N/A,N/A,N/A,N/A,N/A,N/A,N/A
Algeria,J,Melvin Mastil,3,Achraf Abada,DEF,N/A,N/A,N/A,N/A,N/A,N/A,N/A,N/A,N/A,N/A,N/A,N/A,N/A,N/A,N/A,N/A,N/A,N/A,N/A,N/A,N/A,N/A,N/A,N/A,N/A,N/A,N/A,N/A,N/A,N/A,N/A,N/A,N/A,N/A,N/A,N/A,N/A,N/A,N/A,N/A,N/A,N/A,N/A,N/A,N/A,N/A,N/A,N/A,N/A,N/A
Algeria,J,Melvin Mastil,4,Mohamed Tougai,DEF,N/A,N/A,N/A,N/A,N/A,N/A,N/A,N/A,N/A,N/A,N/A,N/A,N/A,N/A,N/A,N/A,N/A,N/A,N/A,N/A,N/A,N/A,N/A,N/A,N/A,N/A,N/A,N/A,N/A,N/A,N/A,N/A,N/A,N/A,N/A,N/A,N/A,N/A,N/A,N/A,N/A,N/A,N/A,N/A,N/A,N/A,N/A,N/A,N/A,N/A
Algeria,J,Melvin Mastil,5,Zineddine Belaid,DEF,N/A,N/A,N/A,N/A,N/A,N/A,N/A,N/A,N/A,N/A,N/A,N/A,N/A,N/A,N/A,N/A,N/A,N/A,N/A,N/A,N/A,N/A,N/A,N/A,N/A,N/A,N/A,N/A,N/A,N/A,N/A,N/A,N/A,N/A,N/A,N/A,N/A,N/A,N/A,N/A,N/A,N/A,N/A,N/A,N/A,N/A,N/A,N/A,N/A,N/A
Algeria,J,Melvin Mastil,13,Jaouen Hadjam,DEF,258230,Jaouen Hadjam,LB,LM,69,79,54,59,69,65,72,77,80,52,61,52,48,52,58,62,52,51,45,61,60,71,67,71,65,60,62,60,64,72,71,52,66,74,74,74,6,13,8,13,,"Technical,Bruiser",,3,3,2
Algeria,J,Melvin Mastil,15,Rayan Aït-Nouri,DEF,242641,Rayan Aït-Nouri,LB,LM,81,84,53,76,84,77,70,85,84,50,61,48,48,42,75,79,72,72,58,80,75,87,84,81,77,80,80,78,77,78,80,66,69,78,80,65,15,11,8,14,,"Jockey,First Touch,Trickster",,5,3,2
Algeria,J,Melvin Mastil,17,Rafik Belghali,DEF,276314,Rafik Belghali,RB,"CB,RM",66,81,60,61,66,61,62,79,83,60,64,59,55,55,62,63,58,60,56,63,61,67,64,71,62,66,64,59,58,65,62,56,61,72,60,62,11,8,13,12,,,,3,2,1
Algeria,J,Melvin Mastil,21,Ramy Bensebaini,DEF,224196,Ramy Bensebaini,LB,"CB,LM",79,73,70,70,77,78,79,72,73,72,70,65,57,85,66,76,68,67,62,73,63,78,82,67,67,75,74,74,73,80,87,82,82,88,77,78,6,13,14,7,,"Chip Shot,Bruiser",Slide Tackle+,3,4,2
Algeria,J,Melvin Mastil,26,Samir Chergui,DEF,248477,Samir Chergui,CB,RB,67,48,43,64,63,66,66,53,44,42,47,44,30,40,52,71,66,41,43,64,60,62,64,63,66,65,64,67,65,68,66,65,66,69,54,71,7,9,11,10,,Intercept,,2,2,1
Algeria,J,Melvin Mastil,6,Ramiz Zerrouki,MID,252383,Ramiz Zerrouki,CDM,CM,73,62,66,69,72,68,80,65,59,59,76,74,58,57,65,75,74,64,66,59,69,72,72,74,71,68,73,70,70,69,68,51,81,70,80,80,6,11,14,12,,Intercept,,3,2,1
Argentina,J,Juan Musso,16,Thiago Almada,MID,245371,Thiago Almada,CAM,CM,79,79,74,79,83,51,58,86,74,70,78,76,73,75,76,80,74,85,83,74,81,82,83,92,93,74,80,58,44,57,51,39,64,53,69,50,12,8,9,8,,"Finesse Shot,Incisive Pass,First Touch,Quick Step",,4,4,1
Argentina,J,Juan Musso,18,Nico Paz,MID,277846,Nico Paz,CAM,CM,79,78,71,77,82,51,64,76,79,76,64,78,51,53,71,84,79,64,67,67,78,85,85,78,61,68,73,58,35,65,44,48,42,67,75,66,14,10,15,12,,"Finesse Shot,Incisive Pass,Inventive,Technical",,4,3,2
Algeria,J,Melvin Mastil,14,Hicham Boudaoui,MID,253157,Hicham Boudaoui,CM,CDM,77,73,67,74,77,74,76,74,73,68,70,67,51,54,74,78,75,77,58,68,75,77,78,79,77,77,75,73,72,76,75,73,75,79,93,67,7,6,7,13,,Technical,,3,3,1
Algeria,J,Melvin Mastil,19,Nabil Bentaleb,MID,213296,Nabil Bentaleb,CDM,CM,77,50,72,77,79,71,73,51,50,65,83,78,68,83,65,83,79,70,71,65,80,80,82,70,69,74,80,73,72,74,66,62,77,69,64,76,9,10,16,9,,"Power Shot,Dead Ball,Pinged Pass,Long Ball Pass,Inventive,Aerial Fortress,Technical",,4,2,2
Portugal,K,Diogo Costa,11,João Félix,FWD,242444,João Félix,CAM,"LW,LM,ST",79,77,78,77,82,45,66,79,75,76,81,78,80,70,80,79,72,83,67,76,79,82,81,85,81,79,84,45,35,47,47,68,72,75,70,60,13,12,14,13,,"Finesse Shot,Technical,First Touch",,5,4,1
Algeria,J,Melvin Mastil,24,Yacine Titraoui,MID,73348,Yacine Titraoui,CDM,"CAM,CM",68,66,53,65,70,62,63,70,62,55,52,50,41,50,70,72,71,41,40,55,69,70,72,67,87,66,60,64,66,62,63,40,59,56,70,61,11,12,8,14,,,,2,3,1
Algeria,J,Melvin Mastil,7,Riyad Mahrez,FWD,204485,Riyad Mahrez,RM,RW,84,78,80,81,88,39,63,81,76,80,82,81,76,73,83,82,74,85,80,81,82,87,89,91,90,81,81,39,45,34,22,56,48,71,79,60,15,9,13,11,,"Finesse Shot,Dead Ball,Low Driven Shot,Incisive Pass,Inventive,Technical,First Touch",,5,4,2
England,L,Jordan Pickford,22,Ivan Toney,FWD,212228,Ivan Toney,ST,,81,78,82,71,75,51,81,76,79,85,84,73,79,93,82,76,65,65,73,63,74,73,79,74,67,79,80,52,45,51,39,83,83,91,76,81,16,8,8,7,,Bruiser,,3,3,1
Algeria,J,Melvin Mastil,11,Anis Hadj Moussa,FWD,N/A,N/A,N/A,N/A,N/A,N/A,N/A,N/A,N/A,N/A,N/A,N/A,N/A,N/A,N/A,N/A,N/A,N/A,N/A,N/A,N/A,N/A,N/A,N/A,N/A,N/A,N/A,N/A,N/A,N/A,N/A,N/A,N/A,N/A,N/A,N/A,N/A,N/A,N/A,N/A,N/A,N/A,N/A,N/A,N/A,N/A,N/A,N/A,N/A,N/A
Algeria,J,Melvin Mastil,12,Nadhir Benbouali,FWD,N/A,N/A,N/A,N/A,N/A,N/A,N/A,N/A,N/A,N/A,N/A,N/A,N/A,N/A,N/A,N/A,N/A,N/A,N/A,N/A,N/A,N/A,N/A,N/A,N/A,N/A,N/A,N/A,N/A,N/A,N/A,N/A,N/A,N/A,N/A,N/A,N/A,N/A,N/A,N/A,N/A,N/A,N/A,N/A,N/A,N/A,N/A,N/A,N/A,N/A
Algeria,J,Melvin Mastil,18,Mohamed Amine Amoura,FWD,N/A,N/A,N/A,N/A,N/A,N/A,N/A,N/A,N/A,N/A,N/A,N/A,N/A,N/A,N/A,N/A,N/A,N/A,N/A,N/A,N/A,N/A,N/A,N/A,N/A,N/A,N/A,N/A,N/A,N/A,N/A,N/A,N/A,N/A,N/A,N/A,N/A,N/A,N/A,N/A,N/A,N/A,N/A,N/A,N/A,N/A,N/A,N/A,N/A,N/A
Algeria,J,Melvin Mastil,20,Adil Boulbina,FWD,N/A,N/A,N/A,N/A,N/A,N/A,N/A,N/A,N/A,N/A,N/A,N/A,N/A,N/A,N/A,N/A,N/A,N/A,N/A,N/A,N/A,N/A,N/A,N/A,N/A,N/A,N/A,N/A,N/A,N/A,N/A,N/A,N/A,N/A,N/A,N/A,N/A,N/A,N/A,N/A,N/A,N/A,N/A,N/A,N/A,N/A,N/A,N/A,N/A,N/A
Algeria,J,Melvin Mastil,25,Farès Ghedjemis,FWD,279877,Farès Ghedjemis,RW,RM,63,67,64,56,64,29,38,68,67,66,72,53,60,67,64,58,41,53,45,60,64,66,65,61,68,58,57,26,22,32,30,48,31,43,51,34,12,7,7,6,,,,3,3,2
France,I,Brice Samba,1,Brice Samba,GK,204883,Brice Samba,GK,,80,,,,,,,,,,,,,,,,,,,,,,,,,,,,,,,,,,,,78,80,80,80,80,"Long Ball Pass,Footwork",,1,3,2
Senegal,I,Yehvann Diouf,16,Édouard Mendy,GK,234642,Édouard Mendy,GK,,80,,,,,,,,,,,,,,,,,,,,,,,,,,,,,,,,,,,,78,77,75,79,81,"Footwork,Cross Claimer",,1,2,1
Germany,E,Manuel Neuer,21,Alexander Nübel,GK,223885,Alexander Nübel,GK,,81,,,,,,,,,,,,,,,,,,,,,,,,,,,,,,,,,,,,81,76,84,78,82,"Footwork,Deflector",,1,4,1
Argentina,J,Juan Musso,2,Leonardo Balerdi,DEF,242835,Leonardo Balerdi,CB,,81,77,46,65,69,82,79,69,83,34,64,56,29,57,48,77,81,39,32,42,70,66,77,62,56,75,76,82,84,82,79,77,84,85,69,81,6,8,15,15,,"Jockey,Intercept,Anticipate,Aerial Fortress",,2,3,1
Argentina,J,Juan Musso,3,Nicolás Tagliafico,DEF,211256,Nicolás Tagliafico,LB,LM,78,67,56,70,76,77,76,74,61,57,65,46,51,46,70,74,72,66,40,74,68,73,77,77,83,79,77,78,75,79,76,77,81,84,78,72,13,9,10,15,,Slide Tackle,,3,2,2
Argentina,J,Juan Musso,4,Gonzalo Montiel,DEF,231340,Gonzalo Montiel,RB,RM,78,81,63,71,77,74,80,80,81,60,68,61,43,84,81,74,71,63,39,75,73,74,79,82,75,77,75,73,74,75,74,75,83,86,84,76,6,10,11,5,,"Whipped Pass,Slide Tackle,Long Throw",,3,3,1
Argentina,J,Juan Musso,6,Lisandro Martínez,DEF,239301,Lisandro Martínez,CB,,81,67,59,75,75,81,80,70,65,52,73,64,56,55,62,79,76,74,55,72,76,74,77,69,75,80,79,84,81,81,84,75,92,88,73,77,6,14,13,14,,"Intercept,Slide Tackle,Bruiser",,3,3,2
Argentina,J,Juan Musso,13,Cristian Romero,DEF,232488,Cristian Romero,CB,,82,66,48,62,65,83,81,63,68,48,64,36,52,40,43,76,70,54,38,42,60,60,67,65,64,81,79,84,83,83,86,82,89,86,69,83,5,7,11,10,,"Precision Header,Slide Tackle,Aerial Fortress,Bruiser",,3,2,1
Argentina,J,Juan Musso,19,Nicolás Otamendi,DEF,192366,Nicolás Otamendi,CB,,82,60,57,64,62,83,85,54,64,54,69,56,57,45,55,74,72,50,39,52,62,56,67,58,58,80,79,84,84,83,80,84,89,89,87,81,12,5,8,11,,"Precision Header,Jockey,Intercept,Anticipate,Slide Tackle,Aerial Fortress,Bruiser",,2,3,1
Argentina,J,Juan Musso,25,Facundo Medina,DEF,236804,Facundo Medina,CB,"LB,LM",79,74,44,70,72,79,81,67,79,44,45,41,29,44,63,79,76,52,32,64,70,71,76,62,67,80,79,79,78,81,80,74,84,82,78,81,13,5,12,13,,"Jockey,Slide Tackle,Bruiser",,3,2,2
Argentina,J,Juan Musso,26,Nahuel Molina,DEF,233084,Nahuel Molina,RB,RM,79,82,67,73,76,75,71,79,84,67,70,67,62,45,77,76,69,68,44,78,76,75,76,81,76,76,74,77,75,77,76,63,74,74,85,63,12,13,8,5,,"Whipped Pass,Block",,3,3,1
Argentina,J,Juan Musso,5,Leandro Paredes,MID,207439,Leandro Paredes,CM,CDM,78,62,70,82,79,72,74,62,62,60,86,72,71,85,62,84,84,83,78,77,81,78,84,68,75,71,82,77,70,76,75,56,88,67,73,70,9,14,6,9,,"Long Ball Pass,Tiki Taka,Aerial Fortress",,4,4,1
Argentina,J,Juan Musso,7,Rodrigo De Paul,MID,212616,Rodrigo De Paul,CM,"CDM,CAM",84,75,78,83,83,76,83,74,76,75,82,83,71,66,79,85,84,84,76,78,85,84,85,77,78,81,81,80,76,80,75,58,86,76,88,79,13,12,10,7,,"Finesse Shot,Incisive Pass,Long Ball Pass,Technical",,4,3,1
Argentina,J,Juan Musso,8,Valentín Barco,MID,263370,Valentín Barco,LB,"LM,CM",75,76,50,75,78,68,61,77,76,42,60,52,42,67,72,78,73,75,60,75,74,77,77,85,81,74,74,71,66,73,72,50,76,60,75,48,12,10,9,6,,"Slide Tackle,Technical",,3,3,2
Belgium,G,Thibaut Courtois,20,Hans Vanaken,MID,200155,Hans Vanaken,CAM,CM,80,45,79,84,77,60,78,39,50,81,76,75,79,79,82,88,86,78,75,77,88,79,83,62,42,82,91,61,58,55,50,84,57,77,91,79,13,6,9,15,,"Precision Header,Incisive Pass,Long Ball Pass,Inventive,Aerial Fortress,Press Proven",,4,4,1
Argentina,J,Juan Musso,14,Exequiel Palacios,MID,231521,Exequiel Palacios,CM,CDM,84,62,76,80,82,81,71,72,53,74,81,79,63,72,79,86,84,73,54,70,83,82,84,78,79,85,83,86,80,84,80,67,84,74,68,67,10,5,8,9,,Anticipate,,3,4,1
Argentina,J,Juan Musso,15,Nicolás González,MID,N/A,N/A,N/A,N/A,N/A,N/A,N/A,N/A,N/A,N/A,N/A,N/A,N/A,N/A,N/A,N/A,N/A,N/A,N/A,N/A,N/A,N/A,N/A,N/A,N/A,N/A,N/A,N/A,N/A,N/A,N/A,N/A,N/A,N/A,N/A,N/A,N/A,N/A,N/A,N/A,N/A,N/A,N/A,N/A,N/A,N/A,N/A,N/A,N/A,N/A
Netherlands,F,Bart Verbruggen,20,Teun Koopmeiners,MID,240679,Teun Koopmeiners,CAM,CM,81,70,79,83,78,75,75,71,70,76,82,84,72,85,80,85,84,74,80,79,84,76,83,69,69,82,81,78,76,74,72,72,72,79,83,71,14,8,14,12,,Dead Ball,,3,2,2
USA,D,Matt Turner,17,Malik Tillman,FWD,256853,Malik Tillman,CAM,"LW,CM",82,84,76,77,83,65,77,83,84,75,77,84,60,60,78,80,75,82,75,69,79,83,84,83,82,81,78,66,60,67,59,73,62,88,76,82,9,11,11,12,,"Power Shot,Incisive Pass,Inventive,Technical,First Touch",,4,3,1
Argentina,J,Juan Musso,20,Alexis Mac Allister,MID,239837,Alexis Mac Allister,CM,CDM,87,66,82,85,85,78,76,68,64,79,88,85,77,86,78,88,87,83,82,79,86,84,86,82,86,89,86,80,78,83,74,65,83,72,87,69,7,10,14,15,,"Power Shot,Dead Ball,Gamechanger,Block,Press Proven",Pinged Pass+,3,3,1
Argentina,J,Juan Musso,24,Enzo Fernández,MID,247090,Enzo Fernández,CM,"CDM,CAM",84,68,75,85,81,73,75,68,68,72,82,76,77,73,78,88,89,84,76,79,86,80,85,75,78,86,82,74,72,75,72,71,83,74,85,67,8,6,7,8,,"First Touch,Press Proven,Relentless",Long Ball Pass+,3,4,1
Argentina,J,Juan Musso,9,Julián Álvarez,FWD,N/A,N/A,N/A,N/A,N/A,N/A,N/A,N/A,N/A,N/A,N/A,N/A,N/A,N/A,N/A,N/A,N/A,N/A,N/A,N/A,N/A,N/A,N/A,N/A,N/A,N/A,N/A,N/A,N/A,N/A,N/A,N/A,N/A,N/A,N/A,N/A,N/A,N/A,N/A,N/A,N/A,N/A,N/A,N/A,N/A,N/A,N/A,N/A,N/A,N/A
Argentina,J,Juan Musso,10,Lionel Messi,FWD,158023,Lionel Messi,RW,"ST,CAM,RM",86,78,85,85,90,33,64,84,73,84,84,87,89,75,86,85,84,90,93,80,87,89,94,84,89,80,92,40,20,35,24,60,44,70,70,68,6,11,15,14,,"Finesse Shot,Dead Ball,Gamechanger,Incisive Pass,Technical,Quick Step",Tiki Taka+,4,4,2
Argentina,J,Juan Musso,17,Giuliano Simeone,FWD,253396,Giuliano Simeone,RM,"ST,LM,RW",81,91,73,72,81,45,81,92,91,76,76,66,62,62,78,77,66,56,46,76,76,82,78,85,83,79,77,44,42,43,39,69,81,87,84,79,8,14,7,14,,Rapid,,3,3,1
Argentina,J,Juan Musso,21,José López,FWD,N/A,N/A,N/A,N/A,N/A,N/A,N/A,N/A,N/A,N/A,N/A,N/A,N/A,N/A,N/A,N/A,N/A,N/A,N/A,N/A,N/A,N/A,N/A,N/A,N/A,N/A,N/A,N/A,N/A,N/A,N/A,N/A,N/A,N/A,N/A,N/A,N/A,N/A,N/A,N/A,N/A,N/A,N/A,N/A,N/A,N/A,N/A,N/A,N/A,N/A
Canada,B,Dayne St. Clair,10,Jonathan David,FWD,243630,Jonathan David,ST,,82,81,82,71,80,34,78,79,83,85,79,77,77,86,88,76,69,59,58,67,74,80,81,75,71,84,81,33,29,29,19,77,61,87,90,77,7,7,11,7,,"Low Driven Shot,Press Proven,Quick Step,Relentless",,3,5,1
Portugal,K,Diogo Costa,22,Rui Silva,GK,210385,Rui Silva,GK,,81,,,,,,,,,,,,,,,,,,,,,,,,,,,,,,,,,,,,82,78,77,81,84,"Footwork,Deflector",,1,3,2
England,L,Jordan Pickford,13,Dean Henderson,GK,233306,Dean Henderson,GK,,81,,,,,,,,,,,,,,,,,,,,,,,,,,,,,,,,,,,,82,78,77,80,82,Footwork,,1,3,1
Morocco,C,Yassine Bounou,1,Yassine Bounou,GK,209981,Yassine Bounou,GK,,82,,,,,,,,,,,,,,,,,,,,,,,,,,,,,,,,,,,,81,82,76,82,85,"Far Throw,Footwork,Cross Claimer",,1,2,2
Austria,J,Alexander Schlager,2,David Affengruber,DEF,261264,David Affengruber,CB,,75,73,41,56,69,75,83,74,72,38,46,42,34,41,56,71,71,38,33,30,53,68,68,71,77,74,74,75,76,74,73,75,76,87,89,83,8,15,5,11,,,,2,3,1
Austria,J,Alexander Schlager,3,Kevin Danso,DEF,237985,Kevin Danso,CB,,79,73,32,57,62,78,83,65,79,26,49,25,31,42,43,69,62,46,31,44,52,59,68,53,46,77,72,77,77,80,76,81,85,89,66,90,12,13,6,11,,"Long Ball Pass,Aerial Fortress,Bruiser",,2,3,1
Austria,J,Alexander Schlager,5,Stefan Posch,DEF,223671,Stefan Posch,RB,RM,79,75,55,68,66,80,74,71,78,52,63,54,51,38,71,74,70,65,45,73,55,65,75,36,60,76,70,78,79,82,78,80,73,85,70,75,6,8,7,6,,"Anticipate,Bruiser",,2,3,1
Austria,J,Alexander Schlager,8,David Alaba,DEF,197445,David Alaba,CB,"LB,LM",82,68,71,82,79,82,75,64,72,62,82,78,67,79,71,86,80,76,85,83,78,77,83,71,77,83,84,83,84,83,80,75,73,79,72,77,5,7,14,15,,"Dead Ball,Anticipate",,3,4,2
Austria,J,Alexander Schlager,15,Philipp Lienhart,DEF,231366,Philipp Lienhart,CB,,79,67,28,59,64,81,78,62,71,24,29,34,21,41,35,74,70,28,40,41,53,59,69,63,62,78,75,80,83,80,74,84,77,85,75,79,14,8,11,12,,Long Ball Pass,,2,3,1
Austria,J,Alexander Schlager,16,Phillipp Mwene,DEF,216275,Phillipp Mwene,LB,LM,76,78,55,69,75,70,70,83,73,52,62,56,42,42,70,73,64,64,46,76,67,75,73,82,86,75,70,74,73,73,72,44,59,67,88,66,12,9,11,9,,,,3,4,1
Austria,J,Alexander Schlager,22,Alexander Prass,DEF,263041,Alexander Prass,LB,"LM,CM,LW",74,74,65,74,75,69,74,76,73,59,72,71,64,57,69,75,73,68,66,74,75,74,74,78,77,74,74,72,72,68,66,56,68,75,79,73,7,15,12,8,,"Power Shot,Incisive Pass",,3,2,2
Austria,J,Alexander Schlager,23,Marco Friedl,DEF,237595,Marco Friedl,CB,,77,75,44,64,69,79,77,67,82,39,48,45,47,45,56,70,75,45,42,63,54,68,71,65,62,76,73,78,80,79,81,71,79,80,75,77,11,15,6,6,,"Long Ball Pass,Jockey,Intercept,Slide Tackle",,2,2,2
Austria,J,Alexander Schlager,25,Michael Svoboda,DEF,250779,Michael Svoboda,CB,,68,59,44,52,56,67,80,48,68,36,67,41,38,36,45,63,57,29,26,40,55,58,61,32,33,63,62,65,66,69,65,65,71,73,80,85,5,9,6,14,,,,2,3,1
Austria,J,Alexander Schlager,4,Xaver Schlager,MID,233195,Xaver Schlager,CDM,CM,80,69,70,74,78,75,78,74,64,66,78,76,60,56,75,80,80,73,60,59,78,78,78,75,78,80,74,82,77,78,73,44,84,68,77,77,6,8,8,12,,"Incisive Pass,Jockey,Relentless,Bruiser",,3,3,2
Austria,J,Alexander Schlager,6,Nicolas Seiwald,MID,257876,Nicolas Seiwald,CDM,"CM,CB",77,72,62,74,74,74,76,74,70,58,70,66,58,54,68,75,79,73,60,73,74,72,75,77,76,78,70,79,71,77,72,63,78,76,81,72,5,8,7,14,,"Anticipate,Press Proven",,2,3,1
Austria,J,Alexander Schlager,9,Marcel Sabitzer,MID,204923,Marcel Sabitzer,CDM,CM,80,74,80,80,80,76,76,76,72,76,87,83,83,80,78,82,80,77,78,77,79,78,82,77,78,83,83,80,79,75,77,62,79,71,78,75,11,13,14,15,,"Power Shot,Pinged Pass",,3,4,1
Austria,J,Alexander Schlager,10,Florian Grillitsch,MID,228336,Florian Grillitsch,CM,"CB,CDM",75,63,59,74,74,72,66,55,69,58,64,60,53,50,66,80,81,47,66,66,76,74,77,68,61,77,74,73,74,73,68,69,54,71,64,72,13,12,7,14,,"Long Ball Pass,Intercept",,3,3,1
Belgium,G,Thibaut Courtois,17,Charles De Ketelaere,FWD,251470,Charles De Ketelaere,CAM,"ST,CM",82,70,79,80,83,56,68,71,70,78,82,79,76,69,82,83,80,78,72,76,83,85,86,79,61,77,73,58,45,59,54,75,55,78,78,68,11,8,14,8,,"Precision Header,Low Driven Shot,Incisive Pass,Inventive,Aerial Fortress,Technical",,4,3,2
Argentina,J,Juan Musso,11,Giovani Lo Celso,MID,226226,Giovani Lo Celso,CAM,"CM,CDM",82,68,81,82,84,68,71,67,68,82,83,83,73,65,81,82,82,82,81,81,84,85,85,79,80,80,82,70,64,73,68,62,82,71,67,69,10,7,10,15,,"Finesse Shot,Dead Ball,Incisive Pass,Technical",,4,3,2
England,L,Jordan Pickford,17,Morgan Rogers,MID,260247,Morgan Rogers,CAM,"RM,LM,CM",82,77,77,79,84,67,79,74,79,80,76,75,74,60,81,82,78,76,55,75,83,86,84,80,74,82,85,68,68,72,49,64,70,79,83,80,7,8,13,11,,"Incisive Pass,Technical,Enforcer",,4,4,1
Austria,J,Alexander Schlager,20,Konrad Laimer,MID,225375,Konrad Laimer,RB,"CDM,CM,RM",82,82,69,76,75,81,76,82,82,69,74,68,60,54,73,81,78,70,47,76,76,74,75,76,77,84,79,80,86,81,79,67,88,78,79,69,9,12,12,13,,"Block,Relentless,Bruiser",,3,3,1
Brazil,C,Alisson,9,Matheus Cunha,FWD,240243,Matheus Cunha,CAM,"LW,ST",83,77,85,79,84,44,75,78,76,85,87,88,78,76,80,81,75,83,70,79,81,85,87,76,74,82,83,42,43,41,39,68,72,79,82,73,8,7,13,13,,"Power Shot,Dead Ball,Inventive,First Touch,Trickster",,4,4,1
France,I,Brice Samba,14,Adrien Rabiot,MID,210008,Adrien Rabiot,CAM,CM,83,81,79,81,80,77,84,75,86,79,83,77,76,69,88,85,80,73,59,78,84,81,84,69,69,84,85,78,72,79,74,83,77,90,94,82,9,12,9,7,,"Precision Header,First Touch,Press Proven",,3,3,2
Austria,J,Alexander Schlager,26,Alessandro Schöpf,MID,220925,Alessandro Schöpf,CM,"CDM,CAM",68,67,62,67,69,60,70,69,65,58,67,66,60,63,64,71,67,68,60,62,65,68,68,72,74,66,66,64,63,58,64,43,63,58,84,66,13,6,13,11,,,,3,4,1
Austria,J,Alexander Schlager,7,Marko Arnautović,FWD,N/A,N/A,N/A,N/A,N/A,N/A,N/A,N/A,N/A,N/A,N/A,N/A,N/A,N/A,N/A,N/A,N/A,N/A,N/A,N/A,N/A,N/A,N/A,N/A,N/A,N/A,N/A,N/A,N/A,N/A,N/A,N/A,N/A,N/A,N/A,N/A,N/A,N/A,N/A,N/A,N/A,N/A,N/A,N/A,N/A,N/A,N/A,N/A,N/A,N/A
Germany,E,Manuel Neuer,7,Kai Havertz,FWD,235790,Kai Havertz,ST,"CM,CAM",82,72,79,78,81,48,74,71,72,80,81,74,81,83,84,82,77,81,53,75,81,84,85,70,54,81,78,43,45,47,41,81,56,85,85,75,6,8,11,10,,"Chip Shot,Precision Header,Gamechanger,Technical,First Touch,Enforcer",,4,4,2
New Zealand,G,Max Crocombe,9,Chris Wood,FWD,192123,Chris Wood,ST,,82,53,83,68,72,40,81,55,52,85,85,73,83,85,86,78,60,70,65,52,71,73,80,49,33,85,80,40,40,30,25,88,77,87,70,87,14,16,16,7,,"Precision Header,Aerial Fortress,Enforcer",,2,3,1
Jordan,J,Yazeed Abulaila,1,Yazeed Abulaila,GK,N/A,N/A,N/A,N/A,N/A,N/A,N/A,N/A,N/A,N/A,N/A,N/A,N/A,N/A,N/A,N/A,N/A,N/A,N/A,N/A,N/A,N/A,N/A,N/A,N/A,N/A,N/A,N/A,N/A,N/A,N/A,N/A,N/A,N/A,N/A,N/A,N/A,N/A,N/A,N/A,N/A,N/A,N/A,N/A,N/A,N/A,N/A,N/A,N/A,N/A
Jordan,J,Yazeed Abulaila,12,Nour Bani Attiah,GK,N/A,N/A,N/A,N/A,N/A,N/A,N/A,N/A,N/A,N/A,N/A,N/A,N/A,N/A,N/A,N/A,N/A,N/A,N/A,N/A,N/A,N/A,N/A,N/A,N/A,N/A,N/A,N/A,N/A,N/A,N/A,N/A,N/A,N/A,N/A,N/A,N/A,N/A,N/A,N/A,N/A,N/A,N/A,N/A,N/A,N/A,N/A,N/A,N/A,N/A
Jordan,J,Yazeed Abulaila,22,Abdallah Al Fakhouri,GK,N/A,N/A,N/A,N/A,N/A,N/A,N/A,N/A,N/A,N/A,N/A,N/A,N/A,N/A,N/A,N/A,N/A,N/A,N/A,N/A,N/A,N/A,N/A,N/A,N/A,N/A,N/A,N/A,N/A,N/A,N/A,N/A,N/A,N/A,N/A,N/A,N/A,N/A,N/A,N/A,N/A,N/A,N/A,N/A,N/A,N/A,N/A,N/A,N/A,N/A
Jordan,J,Yazeed Abulaila,2,Mohammad Abu Hashish,DEF,N/A,N/A,N/A,N/A,N/A,N/A,N/A,N/A,N/A,N/A,N/A,N/A,N/A,N/A,N/A,N/A,N/A,N/A,N/A,N/A,N/A,N/A,N/A,N/A,N/A,N/A,N/A,N/A,N/A,N/A,N/A,N/A,N/A,N/A,N/A,N/A,N/A,N/A,N/A,N/A,N/A,N/A,N/A,N/A,N/A,N/A,N/A,N/A,N/A,N/A
Jordan,J,Yazeed Abulaila,3,Abdallah Nasib,DEF,N/A,N/A,N/A,N/A,N/A,N/A,N/A,N/A,N/A,N/A,N/A,N/A,N/A,N/A,N/A,N/A,N/A,N/A,N/A,N/A,N/A,N/A,N/A,N/A,N/A,N/A,N/A,N/A,N/A,N/A,N/A,N/A,N/A,N/A,N/A,N/A,N/A,N/A,N/A,N/A,N/A,N/A,N/A,N/A,N/A,N/A,N/A,N/A,N/A,N/A
Jordan,J,Yazeed Abulaila,4,Husam Abu Dahab,DEF,N/A,N/A,N/A,N/A,N/A,N/A,N/A,N/A,N/A,N/A,N/A,N/A,N/A,N/A,N/A,N/A,N/A,N/A,N/A,N/A,N/A,N/A,N/A,N/A,N/A,N/A,N/A,N/A,N/A,N/A,N/A,N/A,N/A,N/A,N/A,N/A,N/A,N/A,N/A,N/A,N/A,N/A,N/A,N/A,N/A,N/A,N/A,N/A,N/A,N/A
Jordan,J,Yazeed Abulaila,5,Yazan Al-Arab,DEF,N/A,N/A,N/A,N/A,N/A,N/A,N/A,N/A,N/A,N/A,N/A,N/A,N/A,N/A,N/A,N/A,N/A,N/A,N/A,N/A,N/A,N/A,N/A,N/A,N/A,N/A,N/A,N/A,N/A,N/A,N/A,N/A,N/A,N/A,N/A,N/A,N/A,N/A,N/A,N/A,N/A,N/A,N/A,N/A,N/A,N/A,N/A,N/A,N/A,N/A
Jordan,J,Yazeed Abulaila,16,Mohammad Abualnadi,DEF,N/A,N/A,N/A,N/A,N/A,N/A,N/A,N/A,N/A,N/A,N/A,N/A,N/A,N/A,N/A,N/A,N/A,N/A,N/A,N/A,N/A,N/A,N/A,N/A,N/A,N/A,N/A,N/A,N/A,N/A,N/A,N/A,N/A,N/A,N/A,N/A,N/A,N/A,N/A,N/A,N/A,N/A,N/A,N/A,N/A,N/A,N/A,N/A,N/A,N/A
Jordan,J,Yazeed Abulaila,17,Salim Obaid,DEF,N/A,N/A,N/A,N/A,N/A,N/A,N/A,N/A,N/A,N/A,N/A,N/A,N/A,N/A,N/A,N/A,N/A,N/A,N/A,N/A,N/A,N/A,N/A,N/A,N/A,N/A,N/A,N/A,N/A,N/A,N/A,N/A,N/A,N/A,N/A,N/A,N/A,N/A,N/A,N/A,N/A,N/A,N/A,N/A,N/A,N/A,N/A,N/A,N/A,N/A
Jordan,J,Yazeed Abulaila,19,Saed Al-Rosan,DEF,N/A,N/A,N/A,N/A,N/A,N/A,N/A,N/A,N/A,N/A,N/A,N/A,N/A,N/A,N/A,N/A,N/A,N/A,N/A,N/A,N/A,N/A,N/A,N/A,N/A,N/A,N/A,N/A,N/A,N/A,N/A,N/A,N/A,N/A,N/A,N/A,N/A,N/A,N/A,N/A,N/A,N/A,N/A,N/A,N/A,N/A,N/A,N/A,N/A,N/A
Jordan,J,Yazeed Abulaila,20,Mohannad Abu Taha,DEF,N/A,N/A,N/A,N/A,N/A,N/A,N/A,N/A,N/A,N/A,N/A,N/A,N/A,N/A,N/A,N/A,N/A,N/A,N/A,N/A,N/A,N/A,N/A,N/A,N/A,N/A,N/A,N/A,N/A,N/A,N/A,N/A,N/A,N/A,N/A,N/A,N/A,N/A,N/A,N/A,N/A,N/A,N/A,N/A,N/A,N/A,N/A,N/A,N/A,N/A
Jordan,J,Yazeed Abulaila,23,Ehsan Haddad,DEF,N/A,N/A,N/A,N/A,N/A,N/A,N/A,N/A,N/A,N/A,N/A,N/A,N/A,N/A,N/A,N/A,N/A,N/A,N/A,N/A,N/A,N/A,N/A,N/A,N/A,N/A,N/A,N/A,N/A,N/A,N/A,N/A,N/A,N/A,N/A,N/A,N/A,N/A,N/A,N/A,N/A,N/A,N/A,N/A,N/A,N/A,N/A,N/A,N/A,N/A
Jordan,J,Yazeed Abulaila,26,Anas Badawi,DEF,N/A,N/A,N/A,N/A,N/A,N/A,N/A,N/A,N/A,N/A,N/A,N/A,N/A,N/A,N/A,N/A,N/A,N/A,N/A,N/A,N/A,N/A,N/A,N/A,N/A,N/A,N/A,N/A,N/A,N/A,N/A,N/A,N/A,N/A,N/A,N/A,N/A,N/A,N/A,N/A,N/A,N/A,N/A,N/A,N/A,N/A,N/A,N/A,N/A,N/A
Jordan,J,Yazeed Abulaila,6,Amer Jamous,MID,N/A,N/A,N/A,N/A,N/A,N/A,N/A,N/A,N/A,N/A,N/A,N/A,N/A,N/A,N/A,N/A,N/A,N/A,N/A,N/A,N/A,N/A,N/A,N/A,N/A,N/A,N/A,N/A,N/A,N/A,N/A,N/A,N/A,N/A,N/A,N/A,N/A,N/A,N/A,N/A,N/A,N/A,N/A,N/A,N/A,N/A,N/A,N/A,N/A,N/A
Jordan,J,Yazeed Abulaila,8,Noor Al-Rawabdeh,MID,N/A,N/A,N/A,N/A,N/A,N/A,N/A,N/A,N/A,N/A,N/A,N/A,N/A,N/A,N/A,N/A,N/A,N/A,N/A,N/A,N/A,N/A,N/A,N/A,N/A,N/A,N/A,N/A,N/A,N/A,N/A,N/A,N/A,N/A,N/A,N/A,N/A,N/A,N/A,N/A,N/A,N/A,N/A,N/A,N/A,N/A,N/A,N/A,N/A,N/A
Jordan,J,Yazeed Abulaila,14,Rajaei Ayed,MID,N/A,N/A,N/A,N/A,N/A,N/A,N/A,N/A,N/A,N/A,N/A,N/A,N/A,N/A,N/A,N/A,N/A,N/A,N/A,N/A,N/A,N/A,N/A,N/A,N/A,N/A,N/A,N/A,N/A,N/A,N/A,N/A,N/A,N/A,N/A,N/A,N/A,N/A,N/A,N/A,N/A,N/A,N/A,N/A,N/A,N/A,N/A,N/A,N/A,N/A
Jordan,J,Yazeed Abulaila,15,Ibrahim Sadeh,MID,N/A,N/A,N/A,N/A,N/A,N/A,N/A,N/A,N/A,N/A,N/A,N/A,N/A,N/A,N/A,N/A,N/A,N/A,N/A,N/A,N/A,N/A,N/A,N/A,N/A,N/A,N/A,N/A,N/A,N/A,N/A,N/A,N/A,N/A,N/A,N/A,N/A,N/A,N/A,N/A,N/A,N/A,N/A,N/A,N/A,N/A,N/A,N/A,N/A,N/A
Jordan,J,Yazeed Abulaila,21,Nizar Al-Rashdan,MID,N/A,N/A,N/A,N/A,N/A,N/A,N/A,N/A,N/A,N/A,N/A,N/A,N/A,N/A,N/A,N/A,N/A,N/A,N/A,N/A,N/A,N/A,N/A,N/A,N/A,N/A,N/A,N/A,N/A,N/A,N/A,N/A,N/A,N/A,N/A,N/A,N/A,N/A,N/A,N/A,N/A,N/A,N/A,N/A,N/A,N/A,N/A,N/A,N/A,N/A
Jordan,J,Yazeed Abulaila,25,Mohammad Al-Dawoud,MID,N/A,N/A,N/A,N/A,N/A,N/A,N/A,N/A,N/A,N/A,N/A,N/A,N/A,N/A,N/A,N/A,N/A,N/A,N/A,N/A,N/A,N/A,N/A,N/A,N/A,N/A,N/A,N/A,N/A,N/A,N/A,N/A,N/A,N/A,N/A,N/A,N/A,N/A,N/A,N/A,N/A,N/A,N/A,N/A,N/A,N/A,N/A,N/A,N/A,N/A
Jordan,J,Yazeed Abulaila,7,Mohammad Abu Zrayq,FWD,N/A,N/A,N/A,N/A,N/A,N/A,N/A,N/A,N/A,N/A,N/A,N/A,N/A,N/A,N/A,N/A,N/A,N/A,N/A,N/A,N/A,N/A,N/A,N/A,N/A,N/A,N/A,N/A,N/A,N/A,N/A,N/A,N/A,N/A,N/A,N/A,N/A,N/A,N/A,N/A,N/A,N/A,N/A,N/A,N/A,N/A,N/A,N/A,N/A,N/A
Jordan,J,Yazeed Abulaila,9,Ali Olwan,FWD,N/A,N/A,N/A,N/A,N/A,N/A,N/A,N/A,N/A,N/A,N/A,N/A,N/A,N/A,N/A,N/A,N/A,N/A,N/A,N/A,N/A,N/A,N/A,N/A,N/A,N/A,N/A,N/A,N/A,N/A,N/A,N/A,N/A,N/A,N/A,N/A,N/A,N/A,N/A,N/A,N/A,N/A,N/A,N/A,N/A,N/A,N/A,N/A,N/A,N/A
Jordan,J,Yazeed Abulaila,10,Musa Al-Taamari,FWD,N/A,N/A,N/A,N/A,N/A,N/A,N/A,N/A,N/A,N/A,N/A,N/A,N/A,N/A,N/A,N/A,N/A,N/A,N/A,N/A,N/A,N/A,N/A,N/A,N/A,N/A,N/A,N/A,N/A,N/A,N/A,N/A,N/A,N/A,N/A,N/A,N/A,N/A,N/A,N/A,N/A,N/A,N/A,N/A,N/A,N/A,N/A,N/A,N/A,N/A
Jordan,J,Yazeed Abulaila,11,Odeh Al-Fakhouri,FWD,N/A,N/A,N/A,N/A,N/A,N/A,N/A,N/A,N/A,N/A,N/A,N/A,N/A,N/A,N/A,N/A,N/A,N/A,N/A,N/A,N/A,N/A,N/A,N/A,N/A,N/A,N/A,N/A,N/A,N/A,N/A,N/A,N/A,N/A,N/A,N/A,N/A,N/A,N/A,N/A,N/A,N/A,N/A,N/A,N/A,N/A,N/A,N/A,N/A,N/A
Jordan,J,Yazeed Abulaila,13,Mahmoud Al-Mardi,FWD,N/A,N/A,N/A,N/A,N/A,N/A,N/A,N/A,N/A,N/A,N/A,N/A,N/A,N/A,N/A,N/A,N/A,N/A,N/A,N/A,N/A,N/A,N/A,N/A,N/A,N/A,N/A,N/A,N/A,N/A,N/A,N/A,N/A,N/A,N/A,N/A,N/A,N/A,N/A,N/A,N/A,N/A,N/A,N/A,N/A,N/A,N/A,N/A,N/A,N/A
Jordan,J,Yazeed Abulaila,18,Ibrahim Sabra,FWD,N/A,N/A,N/A,N/A,N/A,N/A,N/A,N/A,N/A,N/A,N/A,N/A,N/A,N/A,N/A,N/A,N/A,N/A,N/A,N/A,N/A,N/A,N/A,N/A,N/A,N/A,N/A,N/A,N/A,N/A,N/A,N/A,N/A,N/A,N/A,N/A,N/A,N/A,N/A,N/A,N/A,N/A,N/A,N/A,N/A,N/A,N/A,N/A,N/A,N/A
Jordan,J,Yazeed Abulaila,24,Ali Azaizeh,FWD,N/A,N/A,N/A,N/A,N/A,N/A,N/A,N/A,N/A,N/A,N/A,N/A,N/A,N/A,N/A,N/A,N/A,N/A,N/A,N/A,N/A,N/A,N/A,N/A,N/A,N/A,N/A,N/A,N/A,N/A,N/A,N/A,N/A,N/A,N/A,N/A,N/A,N/A,N/A,N/A,N/A,N/A,N/A,N/A,N/A,N/A,N/A,N/A,N/A,N/A
Argentina,J,Juan Musso,12,Gerónimo Rulli,GK,215316,Gerónimo Rulli,GK,,82,,,,,,,,,,,,,,,,,,,,,,,,,,,,,,,,,,,,82,77,80,81,83,Footwork,,1,3,1
Colombia,K,David Ospina,12,Camilo Vargas,GK,N/A,N/A,N/A,N/A,N/A,N/A,N/A,N/A,N/A,N/A,N/A,N/A,N/A,N/A,N/A,N/A,N/A,N/A,N/A,N/A,N/A,N/A,N/A,N/A,N/A,N/A,N/A,N/A,N/A,N/A,N/A,N/A,N/A,N/A,N/A,N/A,N/A,N/A,N/A,N/A,N/A,N/A,N/A,N/A,N/A,N/A,N/A,N/A,N/A,N/A
Germany,E,Manuel Neuer,12,Oliver Baumann,GK,193698,Oliver Baumann,GK,,83,,,,,,,,,,,,,,,,,,,,,,,,,,,,,,,,,,,,83,81,78,80,83,"Footwork,Deflector",,1,2,1
Colombia,K,David Ospina,2,Daniel Muñoz,DEF,237646,Daniel Muñoz,RB,RM,81,75,69,72,76,79,81,76,74,72,77,52,73,58,76,77,72,66,34,77,69,76,77,74,78,80,76,77,75,82,82,78,88,85,88,74,7,14,12,7,,"Jockey,Anticipate,Rapid,Relentless",,3,3,1
Colombia,K,David Ospina,3,Jhon Lucumí,DEF,231207,Jhon Lucumí,CB,,76,65,38,62,61,77,78,63,67,24,63,45,26,36,40,74,71,53,31,60,48,58,69,48,52,74,71,75,78,78,75,75,73,82,77,81,6,11,10,8,,"Long Ball Pass,Block,Anticipate",,2,3,2
Colombia,K,David Ospina,4,Santiago Arias,DEF,N/A,N/A,N/A,N/A,N/A,N/A,N/A,N/A,N/A,N/A,N/A,N/A,N/A,N/A,N/A,N/A,N/A,N/A,N/A,N/A,N/A,N/A,N/A,N/A,N/A,N/A,N/A,N/A,N/A,N/A,N/A,N/A,N/A,N/A,N/A,N/A,N/A,N/A,N/A,N/A,N/A,N/A,N/A,N/A,N/A,N/A,N/A,N/A,N/A,N/A
Colombia,K,David Ospina,13,Yerry Mina,DEF,220523,Yerry Mina,CB,,77,34,50,52,55,77,84,33,34,44,65,45,40,69,45,64,56,39,32,43,47,56,60,35,30,69,73,74,79,79,73,79,90,78,68,91,10,8,12,9,,"Block,Anticipate,Aerial Fortress,Bruiser",,2,3,1
Colombia,K,David Ospina,17,Johan Mojica,DEF,214026,Johan Mojica,LB,LM,78,88,65,73,73,74,70,86,90,62,80,61,43,60,71,77,72,74,64,77,65,75,75,69,58,74,70,75,73,77,75,65,77,80,63,69,13,8,14,9,,"Rapid,Quick Step",,3,2,2
Colombia,K,David Ospina,18,Willer Ditta,DEF,N/A,N/A,N/A,N/A,N/A,N/A,N/A,N/A,N/A,N/A,N/A,N/A,N/A,N/A,N/A,N/A,N/A,N/A,N/A,N/A,N/A,N/A,N/A,N/A,N/A,N/A,N/A,N/A,N/A,N/A,N/A,N/A,N/A,N/A,N/A,N/A,N/A,N/A,N/A,N/A,N/A,N/A,N/A,N/A,N/A,N/A,N/A,N/A,N/A,N/A
Colombia,K,David Ospina,22,Deiver Machado,DEF,220837,Deiver Machado,LB,LM,76,84,69,71,76,71,76,83,84,66,80,68,61,57,72,74,63,64,61,75,71,76,75,76,79,75,74,71,70,73,72,66,75,83,74,76,13,12,8,12,,"Block,Anticipate",,2,3,2
Colombia,K,David Ospina,23,Davinson Sánchez,DEF,220793,Davinson Sánchez,CB,,82,82,58,63,73,82,88,80,84,59,66,44,69,44,68,76,76,31,27,36,73,72,75,72,64,78,69,82,83,81,82,78,85,92,84,90,9,7,10,6,,"Precision Header,Slide Tackle,Aerial Fortress,Bruiser",,3,2,1
Colombia,K,David Ospina,5,Kevin Castaño,MID,272951,Kevin Castaño,CM,CDM,77,76,68,76,76,72,75,74,78,68,70,68,58,63,73,81,80,68,62,67,80,75,77,73,76,78,76,72,71,76,70,66,76,77,76,73,14,13,12,7,,"Long Ball Pass,Tiki Taka,Anticipate,First Touch,Press Proven,Relentless",,2,3,1
Colombia,K,David Ospina,6,Richard Ríos,MID,262881,Richard Ríos,CM,CDM,79,81,70,77,82,72,82,83,80,67,78,75,70,53,62,80,78,73,72,74,78,82,83,84,79,83,80,68,74,79,71,52,85,78,88,79,9,10,14,6,,"Block,First Touch,Press Proven,Relentless,Enforcer",,3,3,1
Colombia,K,David Ospina,8,Jorge Carrascal,MID,N/A,N/A,N/A,N/A,N/A,N/A,N/A,N/A,N/A,N/A,N/A,N/A,N/A,N/A,N/A,N/A,N/A,N/A,N/A,N/A,N/A,N/A,N/A,N/A,N/A,N/A,N/A,N/A,N/A,N/A,N/A,N/A,N/A,N/A,N/A,N/A,N/A,N/A,N/A,N/A,N/A,N/A,N/A,N/A,N/A,N/A,N/A,N/A,N/A,N/A
Colombia,K,David Ospina,10,James Rodríguez,MID,N/A,N/A,N/A,N/A,N/A,N/A,N/A,N/A,N/A,N/A,N/A,N/A,N/A,N/A,N/A,N/A,N/A,N/A,N/A,N/A,N/A,N/A,N/A,N/A,N/A,N/A,N/A,N/A,N/A,N/A,N/A,N/A,N/A,N/A,N/A,N/A,N/A,N/A,N/A,N/A,N/A,N/A,N/A,N/A,N/A,N/A,N/A,N/A,N/A,N/A
Colombia,K,David Ospina,11,Jhon Arias,MID,241602,Jhon Arias,RW,"CAM,LW,RM",78,85,75,74,79,42,68,86,85,75,79,75,68,70,75,76,69,71,63,76,77,78,76,90,88,76,76,55,45,32,33,48,45,74,78,72,7,7,7,6,,"Press Proven,Relentless",,3,4,1
Colombia,K,David Ospina,14,Gustavo Puerta,MID,273827,Gustavo Puerta,CM,"CDM,CAM",68,61,60,68,72,62,67,66,57,58,67,60,48,49,64,71,68,69,61,62,70,71,72,77,84,64,65,63,63,64,62,51,74,62,74,61,15,8,8,10,,,,2,3,1
Colombia,K,David Ospina,15,Juan Portilla,MID,N/A,N/A,N/A,N/A,N/A,N/A,N/A,N/A,N/A,N/A,N/A,N/A,N/A,N/A,N/A,N/A,N/A,N/A,N/A,N/A,N/A,N/A,N/A,N/A,N/A,N/A,N/A,N/A,N/A,N/A,N/A,N/A,N/A,N/A,N/A,N/A,N/A,N/A,N/A,N/A,N/A,N/A,N/A,N/A,N/A,N/A,N/A,N/A,N/A,N/A
Colombia,K,David Ospina,16,Jefferson Lerma,MID,213991,Jefferson Lerma,CDM,"CM,CB",77,68,71,70,74,76,79,65,71,65,83,75,78,58,60,74,80,67,61,65,63,74,75,65,75,77,72,77,75,76,76,77,88,88,80,73,16,14,11,7,,"Intercept,Anticipate,Slide Tackle,Aerial Fortress,Relentless,Bruiser",,3,3,1
Colombia,K,David Ospina,20,Juan Quintero,MID,N/A,N/A,N/A,N/A,N/A,N/A,N/A,N/A,N/A,N/A,N/A,N/A,N/A,N/A,N/A,N/A,N/A,N/A,N/A,N/A,N/A,N/A,N/A,N/A,N/A,N/A,N/A,N/A,N/A,N/A,N/A,N/A,N/A,N/A,N/A,N/A,N/A,N/A,N/A,N/A,N/A,N/A,N/A,N/A,N/A,N/A,N/A,N/A,N/A,N/A
Colombia,K,David Ospina,7,Luis Díaz,FWD,241084,Luis Díaz,LM,"LW,ST",85,88,81,76,87,45,75,88,88,83,85,75,81,63,84,77,72,77,58,76,79,89,87,88,79,83,82,38,41,47,38,71,75,83,87,69,10,13,13,14,,"Low Driven Shot,Inventive,Technical,Quick Step",,4,4,1
Colombia,K,David Ospina,9,Jhon Córdoba,FWD,N/A,N/A,N/A,N/A,N/A,N/A,N/A,N/A,N/A,N/A,N/A,N/A,N/A,N/A,N/A,N/A,N/A,N/A,N/A,N/A,N/A,N/A,N/A,N/A,N/A,N/A,N/A,N/A,N/A,N/A,N/A,N/A,N/A,N/A,N/A,N/A,N/A,N/A,N/A,N/A,N/A,N/A,N/A,N/A,N/A,N/A,N/A,N/A,N/A,N/A
Colombia,K,David Ospina,19,Juan Camilo Cucho Hernández,FWD,N/A,N/A,N/A,N/A,N/A,N/A,N/A,N/A,N/A,N/A,N/A,N/A,N/A,N/A,N/A,N/A,N/A,N/A,N/A,N/A,N/A,N/A,N/A,N/A,N/A,N/A,N/A,N/A,N/A,N/A,N/A,N/A,N/A,N/A,N/A,N/A,N/A,N/A,N/A,N/A,N/A,N/A,N/A,N/A,N/A,N/A,N/A,N/A,N/A,N/A
Colombia,K,David Ospina,21,Jaminton Campaz,FWD,238230,Jaminton Campaz,LM,"CAM,LW",76,85,72,72,77,30,57,86,84,74,76,76,53,50,70,74,71,70,61,72,73,80,75,77,83,72,62,29,37,22,28,39,33,63,72,58,10,12,6,5,,Rapid,,3,2,2
France,I,Brice Samba,22,Jean-Philippe Mateta,FWD,236461,Jean-Philippe Mateta,ST,,82,75,84,70,77,41,81,69,80,86,86,79,79,83,84,78,63,75,54,59,73,82,80,53,55,82,82,41,35,39,30,76,81,86,68,86,8,8,7,13,,"Low Driven Shot,Gamechanger,Enforcer",,3,5,1
Colombia,K,David Ospina,26,Carlos Andrés Gómez,FWD,N/A,N/A,N/A,N/A,N/A,N/A,N/A,N/A,N/A,N/A,N/A,N/A,N/A,N/A,N/A,N/A,N/A,N/A,N/A,N/A,N/A,N/A,N/A,N/A,N/A,N/A,N/A,N/A,N/A,N/A,N/A,N/A,N/A,N/A,N/A,N/A,N/A,N/A,N/A,N/A,N/A,N/A,N/A,N/A,N/A,N/A,N/A,N/A,N/A,N/A
Spain,H,David Raya,13,Joan García,GK,259532,Joan García,GK,,83,,,,,,,,,,,,,,,,,,,,,,,,,,,,,,,,,,,,81,82,77,83,86,Cross Claimer,,1,3,1
DR Congo,K,Lionel Mpasi,16,Timothy Fayulu,GK,N/A,N/A,N/A,N/A,N/A,N/A,N/A,N/A,N/A,N/A,N/A,N/A,N/A,N/A,N/A,N/A,N/A,N/A,N/A,N/A,N/A,N/A,N/A,N/A,N/A,N/A,N/A,N/A,N/A,N/A,N/A,N/A,N/A,N/A,N/A,N/A,N/A,N/A,N/A,N/A,N/A,N/A,N/A,N/A,N/A,N/A,N/A,N/A,N/A,N/A
Germany,E,Manuel Neuer,1,Manuel Neuer,GK,167495,Manuel Neuer,GK,,84,,,,,,,,,,,,,,,,,,,,,,,,,,,,,,,,,,,,81,81,90,86,81,"Long Ball Pass,Far Throw",Pinged Pass+,1,4,1
DR Congo,K,Lionel Mpasi,2,Aaron Wan-Bissaka,DEF,229880,Aaron Wan-Bissaka,RB,RM,80,80,51,69,77,78,73,79,80,46,70,44,43,44,72,75,58,74,45,72,68,79,74,77,70,79,78,81,78,80,89,57,73,75,75,71,9,8,6,8,,"Block,Intercept,Anticipate,Rapid",Slide Tackle+,3,2,1
DR Congo,K,Lionel Mpasi,3,Steve Kapuadi,DEF,269507,Steve Kapuadi,CB,,71,65,33,45,50,70,83,63,67,32,45,28,20,35,25,57,52,37,25,39,31,35,69,50,42,65,54,69,70,72,72,68,69,81,81,90,10,13,12,13,,"Aerial Fortress,Bruiser",,2,2,2
DR Congo,K,Lionel Mpasi,4,Axel Tuanzebe,DEF,231485,Axel Tuanzebe,RB,CB,73,76,36,64,68,73,75,74,77,26,53,34,41,50,55,71,69,45,37,61,63,66,68,65,68,74,77,73,73,74,72,71,77,84,68,76,5,8,5,13,,,,3,3,1
DR Congo,K,Lionel Mpasi,5,Dylan Batubinsika,DEF,239814,Dylan Batubinsika,CB,,71,69,28,52,55,69,79,65,73,21,50,23,20,31,24,64,62,22,28,35,54,52,59,52,54,66,61,69,68,70,68,73,80,84,67,84,15,14,8,13,,,,2,3,1
DR Congo,K,Lionel Mpasi,12,Joris Kayembe,DEF,222875,Joris Kayembe,LB,"CB,LM",74,79,60,71,74,66,74,76,82,58,66,63,55,41,67,75,68,62,44,75,73,74,75,72,69,71,72,67,64,69,68,62,68,78,80,73,9,8,11,16,,"Inventive,Anticipate,Rapid,Quick Step",,3,4,2
DR Congo,K,Lionel Mpasi,15,Aaron Tshibola,DEF,N/A,N/A,N/A,N/A,N/A,N/A,N/A,N/A,N/A,N/A,N/A,N/A,N/A,N/A,N/A,N/A,N/A,N/A,N/A,N/A,N/A,N/A,N/A,N/A,N/A,N/A,N/A,N/A,N/A,N/A,N/A,N/A,N/A,N/A,N/A,N/A,N/A,N/A,N/A,N/A,N/A,N/A,N/A,N/A,N/A,N/A,N/A,N/A,N/A,N/A
DR Congo,K,Lionel Mpasi,22,Chancel Mbemba,DEF,N/A,N/A,N/A,N/A,N/A,N/A,N/A,N/A,N/A,N/A,N/A,N/A,N/A,N/A,N/A,N/A,N/A,N/A,N/A,N/A,N/A,N/A,N/A,N/A,N/A,N/A,N/A,N/A,N/A,N/A,N/A,N/A,N/A,N/A,N/A,N/A,N/A,N/A,N/A,N/A,N/A,N/A,N/A,N/A,N/A,N/A,N/A,N/A,N/A,N/A
DR Congo,K,Lionel Mpasi,24,Gédéon Kalulu,DEF,N/A,N/A,N/A,N/A,N/A,N/A,N/A,N/A,N/A,N/A,N/A,N/A,N/A,N/A,N/A,N/A,N/A,N/A,N/A,N/A,N/A,N/A,N/A,N/A,N/A,N/A,N/A,N/A,N/A,N/A,N/A,N/A,N/A,N/A,N/A,N/A,N/A,N/A,N/A,N/A,N/A,N/A,N/A,N/A,N/A,N/A,N/A,N/A,N/A,N/A
DR Congo,K,Lionel Mpasi,26,Arthur Masuaku,DEF,212491,Arthur Masuaku,LB,LM,75,79,62,74,78,68,79,77,80,52,75,72,62,49,65,75,73,78,73,78,70,80,77,77,79,69,74,68,67,71,70,63,72,74,83,80,8,7,10,7,,"Whipped Pass,Bruiser",,4,2,2
DR Congo,K,Lionel Mpasi,6,Ngal'ayel Mukau,MID,274447,Ngal'ayel Mukau,CDM,CM,74,69,57,65,71,70,75,71,67,55,67,54,43,40,70,76,72,58,38,45,71,70,73,66,73,71,70,71,69,72,69,66,79,77,75,73,9,8,10,13,,,,2,2,2
DR Congo,K,Lionel Mpasi,8,Samuel Moutoussamy,MID,N/A,N/A,N/A,N/A,N/A,N/A,N/A,N/A,N/A,N/A,N/A,N/A,N/A,N/A,N/A,N/A,N/A,N/A,N/A,N/A,N/A,N/A,N/A,N/A,N/A,N/A,N/A,N/A,N/A,N/A,N/A,N/A,N/A,N/A,N/A,N/A,N/A,N/A,N/A,N/A,N/A,N/A,N/A,N/A,N/A,N/A,N/A,N/A,N/A,N/A
DR Congo,K,Lionel Mpasi,11,Gaël Kakuta,MID,N/A,N/A,N/A,N/A,N/A,N/A,N/A,N/A,N/A,N/A,N/A,N/A,N/A,N/A,N/A,N/A,N/A,N/A,N/A,N/A,N/A,N/A,N/A,N/A,N/A,N/A,N/A,N/A,N/A,N/A,N/A,N/A,N/A,N/A,N/A,N/A,N/A,N/A,N/A,N/A,N/A,N/A,N/A,N/A,N/A,N/A,N/A,N/A,N/A,N/A
DR Congo,K,Lionel Mpasi,14,Noah Sadiki,MID,269230,Noah Sadiki,CM,"CDM,CAM",74,77,65,68,76,68,76,81,74,66,68,69,38,52,60,77,74,43,49,57,72,76,75,82,82,75,73,71,68,70,68,53,74,75,84,72,13,9,8,13,,,,2,3,1
DR Congo,K,Lionel Mpasi,18,Charles Pickel,MID,233884,Charles Pickel,CM,CAM,71,63,63,68,69,67,80,65,62,61,65,65,61,59,65,74,70,59,50,60,72,68,70,67,67,71,70,68,66,68,66,70,71,79,86,81,10,7,15,13,,,,3,3,1
DR Congo,K,Lionel Mpasi,25,Edo Kayembe,MID,242217,Edo Kayembe,CM,CAM,71,72,66,69,70,67,78,70,73,60,80,70,59,66,64,74,71,65,59,62,69,70,71,66,70,69,69,69,66,69,67,64,72,78,80,80,10,9,12,10,,,,3,3,2
DR Congo,K,Lionel Mpasi,7,Nathanaël Mbuku,FWD,253036,Nathanaël Mbuku,RM,"ST,RW",70,73,63,68,74,35,53,78,69,62,71,58,64,64,67,72,66,66,56,65,70,74,71,85,88,63,69,29,32,36,35,50,48,62,60,51,14,8,12,8,,Gamechanger,,4,2,2
DR Congo,K,Lionel Mpasi,9,Brian Cipenga,FWD,73317,Brian Cipenga,LM,"RM,LW",66,81,58,59,66,33,63,80,81,60,58,57,57,52,58,60,58,60,50,60,59,65,64,79,76,66,56,33,30,33,34,45,54,66,70,63,8,11,9,8,,,,4,3,1
DR Congo,K,Lionel Mpasi,10,Théo Bongonda,FWD,N/A,N/A,N/A,N/A,N/A,N/A,N/A,N/A,N/A,N/A,N/A,N/A,N/A,N/A,N/A,N/A,N/A,N/A,N/A,N/A,N/A,N/A,N/A,N/A,N/A,N/A,N/A,N/A,N/A,N/A,N/A,N/A,N/A,N/A,N/A,N/A,N/A,N/A,N/A,N/A,N/A,N/A,N/A,N/A,N/A,N/A,N/A,N/A,N/A,N/A
DR Congo,K,Lionel Mpasi,20,Yoane Wissa,FWD,234824,Yoane Wissa,ST,,82,85,82,70,80,31,71,83,87,85,82,76,85,79,85,76,61,57,54,72,72,80,80,83,73,84,74,31,25,24,19,81,67,86,78,68,14,7,6,8,,"Acrobatic,Low Driven Shot,Gamechanger,Rapid",,3,3,1
Croatia,L,Dominik Livakovic,11,Ante Budimir,FWD,188335,Ante Budimir,ST,,82,59,84,63,76,35,80,54,63,86,83,78,82,86,85,82,58,44,62,50,50,79,83,56,32,82,75,24,29,35,27,87,77,85,75,84,11,14,8,16,,"Precision Header,Enforcer",,3,4,2
DR Congo,K,Lionel Mpasi,19,Fiston Mayele,FWD,N/A,N/A,N/A,N/A,N/A,N/A,N/A,N/A,N/A,N/A,N/A,N/A,N/A,N/A,N/A,N/A,N/A,N/A,N/A,N/A,N/A,N/A,N/A,N/A,N/A,N/A,N/A,N/A,N/A,N/A,N/A,N/A,N/A,N/A,N/A,N/A,N/A,N/A,N/A,N/A,N/A,N/A,N/A,N/A,N/A,N/A,N/A,N/A,N/A,N/A
Belgium,G,Thibaut Courtois,9,Romelu Lukaku,FWD,192505,Romelu Lukaku,ST,,84,79,82,75,75,41,84,71,86,84,86,73,70,88,88,80,70,74,60,68,82,76,80,55,54,84,82,36,35,40,30,83,68,92,74,94,8,15,14,7,,"Power Shot,Low Driven Shot,Incisive Pass,Press Proven,Enforcer",,3,4,2
Egypt,G,Mohamed El-Shenawy,22,Omar Marmoush,FWD,256675,Omar Marmoush,ST,"CAM,LW",84,89,85,76,86,34,71,87,90,87,85,84,82,79,87,85,63,77,84,64,79,87,86,89,78,85,84,34,31,30,21,69,72,80,76,67,11,13,15,8,,"Finesse Shot,Dead Ball,Technical",,4,3,1
Portugal,K,Diogo Costa,1,Diogo Costa,GK,234577,Diogo Costa,GK,,84,,,,,,,,,,,,,,,,,,,,,,,,,,,,,,,,,,,,83,78,82,83,86,"Long Ball Pass,Far Throw,Rush Out",,1,2,1
England,L,Jordan Pickford,1,Jordan Pickford,GK,204935,Jordan Pickford,GK,,84,,,,,,,,,,,,,,,,,,,,,,,,,,,,,,,,,,,,84,78,88,81,87,"Long Ball Pass,Far Throw,Footwork",,1,4,2
Brazil,C,Alisson,23,Ederson,GK,210257,Ederson,GK,,85,,,,,,,,,,,,,,,,,,,,,,,,,,,,,,,,,,,,83,82,91,83,83,"Pinged Pass,Cross Claimer",Long Ball Pass+,1,3,2
Portugal,K,Diogo Costa,2,Nélson Semedo,DEF,227928,Nélson Semedo,RB,RM,77,79,56,69,77,73,73,79,79,49,73,57,42,38,70,75,67,63,34,75,64,77,77,80,76,75,76,75,73,77,76,58,78,74,78,69,16,12,10,14,,"Whipped Pass,Rapid",,4,3,1
Portugal,K,Diogo Costa,3,Rúben Dias,DEF,239818,Rúben Dias,CB,,86,59,39,69,69,86,84,55,62,29,74,26,32,45,39,81,79,46,48,54,64,64,75,62,56,86,85,86,87,87,85,85,88,85,71,89,7,8,13,7,,Long Ball Pass,Bruiser+,2,4,1
Portugal,K,Diogo Costa,4,Tomás Araújo,DEF,266096,Tomás Araújo,CB,"RB,RM",78,82,30,69,72,77,79,81,83,25,40,22,34,39,52,78,79,52,30,58,71,72,76,63,58,78,74,78,75,80,74,74,73,89,75,82,12,11,7,9,,"Long Ball Pass,Jockey",,3,2,1
Portugal,K,Diogo Costa,5,Diogo Dalot,DEF,234574,Diogo Dalot,RB,"LB,RM",79,85,63,74,77,76,78,84,86,54,81,69,44,47,75,76,74,79,52,75,75,78,76,74,74,75,76,78,74,76,78,71,82,85,81,74,10,6,10,6,,"Long Ball Pass,Intercept,Slide Tackle,Long Throw",,4,4,1
Portugal,K,Diogo Costa,6,Matheus Nunes,DEF,253124,Matheus Nunes,RB,"CM,RM",79,85,70,76,79,73,76,78,91,69,77,68,59,62,75,80,79,74,58,73,77,79,80,78,71,78,75,78,74,75,74,53,76,74,79,74,13,10,12,12,,Press Proven,,3,3,1
Portugal,K,Diogo Costa,13,Renato Veiga,DEF,273906,Renato Veiga,CB,CDM,76,73,60,73,72,75,82,67,77,50,72,70,68,60,63,77,75,70,72,68,70,72,74,70,59,73,72,73,74,77,76,70,84,80,80,82,6,15,11,13,,Block,,2,3,2
Portugal,K,Diogo Costa,14,Gonçalo Inácio,DEF,257179,Gonçalo Inácio,CB,,81,77,37,71,73,82,81,79,76,23,67,28,45,40,64,81,85,64,27,52,75,72,75,76,65,76,77,82,82,82,79,83,78,85,82,82,6,6,7,10,,"Pinged Pass,Long Ball Pass,Jockey",,2,2,2
Portugal,K,Diogo Costa,20,João Cancelo,DEF,210514,João Cancelo,RB,"LB,RM",84,83,73,84,84,78,74,88,78,69,80,79,62,52,81,86,79,87,69,86,85,85,86,79,78,84,85,79,75,81,77,72,76,82,88,65,6,9,15,14,,"Whipped Pass,Inventive,Block,Technical,First Touch",,4,4,1
Portugal,K,Diogo Costa,25,Nuno Mendes,DEF,252145,Nuno Mendes,LB,LM,86,95,65,76,82,80,77,94,95,61,80,64,54,45,77,80,72,77,59,81,72,81,82,87,84,83,82,79,77,86,81,73,75,87,83,73,7,8,8,12,,"Pinged Pass,Whipped Pass,Jockey,Anticipate,Rapid",Quick Step+,3,4,2
England,L,Jordan Pickford,21,Eberechi Eze,MID,235794,Eberechi Eze,CAM,"LW,ST",83,74,80,81,87,50,68,73,75,79,81,82,79,76,80,83,78,82,77,76,83,87,87,87,89,82,87,52,40,58,42,56,58,71,76,68,10,12,9,14,,"Finesse Shot,Power Shot,Dead Ball,Gamechanger,Inventive,Technical,First Touch",,4,4,1
Portugal,K,Diogo Costa,10,Bernardo Silva,MID,218667,Bernardo Silva,CM,"RM,CDM,CAM",84,61,78,83,89,71,65,68,55,78,79,79,78,64,80,86,82,84,67,82,85,88,88,93,92,87,86,73,70,76,68,54,78,58,90,47,9,10,14,12,,"Low Driven Shot,Gamechanger,Whipped Pass,Technical,Relentless",Tiki Taka+,4,3,2
Portugal,K,Diogo Costa,15,João Neves,MID,272834,João Neves,CM,CDM,85,74,69,80,84,82,83,77,71,69,73,68,66,60,77,86,86,74,53,67,84,83,86,84,86,83,85,84,83,83,80,72,84,83,92,78,8,7,5,13,,"Long Ball Pass,Tiki Taka,Aerial Fortress,Relentless",Press Proven+,3,4,1
Portugal,K,Diogo Costa,16,Francisco Trincão,MID,N/A,N/A,N/A,N/A,N/A,N/A,N/A,N/A,N/A,N/A,N/A,N/A,N/A,N/A,N/A,N/A,N/A,N/A,N/A,N/A,N/A,N/A,N/A,N/A,N/A,N/A,N/A,N/A,N/A,N/A,N/A,N/A,N/A,N/A,N/A,N/A,N/A,N/A,N/A,N/A,N/A,N/A,N/A,N/A,N/A,N/A,N/A,N/A,N/A,N/A
Portugal,K,Diogo Costa,21,Rúben Neves,MID,224293,Rúben Neves,CDM,CM,84,57,75,87,77,77,76,58,57,66,86,83,82,84,62,88,88,84,81,85,87,74,84,64,73,85,88,79,81,79,79,57,76,68,80,74,16,12,10,8,,"Dead Ball,Long Ball Pass,Whipped Pass,Inventive,Intercept,Aerial Fortress",,3,4,1
Portugal,K,Diogo Costa,23,Vitinha,MID,255253,Vitinha,CM,"CDM,CAM",89,72,80,86,90,75,70,75,69,80,77,84,62,88,81,90,89,81,69,78,90,91,88,91,89,88,88,85,74,79,69,52,77,66,87,59,12,13,8,5,,"Finesse Shot,Incisive Pass,Long Ball Pass,Tiki Taka,Intercept,Relentless",Technical+,4,3,1
Portugal,K,Diogo Costa,24,Samú Costa,MID,255566,Samú Costa,CDM,CM,78,61,65,70,71,75,79,65,57,59,79,72,50,54,64,79,76,47,52,58,71,69,76,67,64,74,66,75,74,78,75,71,81,79,82,76,6,7,12,14,,"Intercept,Aerial Fortress,Press Proven",,2,2,2
Norway,I,Ørjan Håskjold Nyland,7,Alexander Sørloth,FWD,216549,Alexander Sørloth,ST,"RW,RM",84,77,82,71,76,36,85,72,81,85,86,76,79,70,84,78,59,74,60,66,73,77,82,56,55,83,83,36,39,23,21,83,74,91,84,90,15,12,8,15,,"Power Shot,Precision Header,Low Driven Shot,Gamechanger,Enforcer",,3,4,2
England,L,Jordan Pickford,19,Ollie Watkins,FWD,221697,Ollie Watkins,ST,,84,77,83,73,80,50,80,77,77,85,84,76,84,74,87,79,64,74,63,67,77,81,79,78,70,85,77,55,45,46,36,85,76,89,88,76,14,14,14,6,,"Chip Shot,Precision Header,Low Driven Shot,Relentless",,3,4,1
Spain,H,David Raya,10,Dani Olmo,MID,244260,Dani Olmo,CAM,"CM,ST",85,73,79,83,87,50,56,78,69,80,79,80,80,66,83,87,81,75,75,78,86,87,87,86,87,86,82,57,50,50,44,43,51,60,65,54,15,15,13,12,,"Finesse Shot,Gamechanger,Incisive Pass,Tiki Taka,Technical,First Touch",,4,4,1
Portugal,K,Diogo Costa,17,Rafael Leão,FWD,241721,Rafael Leão,LW,LM,84,93,78,80,86,28,75,93,93,82,80,74,74,63,76,83,70,79,60,84,81,87,86,84,79,83,83,24,22,24,21,72,60,89,75,79,10,12,15,11,,"Gamechanger,Incisive Pass,Rapid,Trickster,Quick Step",,5,4,1
Portugal,K,Diogo Costa,18,Pedro Neto,FWD,238616,Pedro Neto,RM,"LM,ST,RW",80,91,76,74,82,40,68,92,90,75,80,75,73,65,77,76,63,77,72,78,76,82,81,88,88,75,76,40,40,40,25,50,68,74,73,65,6,13,7,12,,"Rapid,Quick Step",,4,4,2
Czechia,A,Matej Kovar,10,Patrik Schick,FWD,234236,Patrik Schick,ST,,85,72,83,71,81,38,77,72,72,86,85,78,84,61,87,78,64,78,56,64,75,81,83,80,67,85,85,25,44,29,19,88,65,91,69,85,11,15,8,9,,"Precision Header,Acrobatic,Low Driven Shot",,3,3,2
Portugal,K,Diogo Costa,26,Francisco Conceição,FWD,261050,Francisco Conceição,RM,"RW,CAM",79,87,68,73,85,36,50,88,87,68,72,65,71,59,76,77,69,77,58,74,71,85,83,93,90,79,72,31,34,41,37,36,49,54,69,40,9,6,7,15,,"Finesse Shot,Technical,Quick Step",,4,2,2
Uzbekistan,K,Utkir Yusupov,1,Utkir Yusupov,GK,N/A,N/A,N/A,N/A,N/A,N/A,N/A,N/A,N/A,N/A,N/A,N/A,N/A,N/A,N/A,N/A,N/A,N/A,N/A,N/A,N/A,N/A,N/A,N/A,N/A,N/A,N/A,N/A,N/A,N/A,N/A,N/A,N/A,N/A,N/A,N/A,N/A,N/A,N/A,N/A,N/A,N/A,N/A,N/A,N/A,N/A,N/A,N/A,N/A,N/A
Uzbekistan,K,Utkir Yusupov,12,Abduvokhid Nematov,GK,N/A,N/A,N/A,N/A,N/A,N/A,N/A,N/A,N/A,N/A,N/A,N/A,N/A,N/A,N/A,N/A,N/A,N/A,N/A,N/A,N/A,N/A,N/A,N/A,N/A,N/A,N/A,N/A,N/A,N/A,N/A,N/A,N/A,N/A,N/A,N/A,N/A,N/A,N/A,N/A,N/A,N/A,N/A,N/A,N/A,N/A,N/A,N/A,N/A,N/A
Uzbekistan,K,Utkir Yusupov,16,Botirali Ergashev,GK,N/A,N/A,N/A,N/A,N/A,N/A,N/A,N/A,N/A,N/A,N/A,N/A,N/A,N/A,N/A,N/A,N/A,N/A,N/A,N/A,N/A,N/A,N/A,N/A,N/A,N/A,N/A,N/A,N/A,N/A,N/A,N/A,N/A,N/A,N/A,N/A,N/A,N/A,N/A,N/A,N/A,N/A,N/A,N/A,N/A,N/A,N/A,N/A,N/A,N/A
Uzbekistan,K,Utkir Yusupov,2,Abdukodir Khusanov,DEF,277031,Abdukodir Khusanov,CB,,77,85,39,59,64,77,76,78,90,34,49,36,37,46,44,69,64,48,40,47,58,61,69,59,51,75,69,77,76,78,76,73,79,86,64,79,12,7,9,8,,"Jockey,Bruiser",,2,3,1
Uzbekistan,K,Utkir Yusupov,3,Khojiakbar Alijonov,DEF,N/A,N/A,N/A,N/A,N/A,N/A,N/A,N/A,N/A,N/A,N/A,N/A,N/A,N/A,N/A,N/A,N/A,N/A,N/A,N/A,N/A,N/A,N/A,N/A,N/A,N/A,N/A,N/A,N/A,N/A,N/A,N/A,N/A,N/A,N/A,N/A,N/A,N/A,N/A,N/A,N/A,N/A,N/A,N/A,N/A,N/A,N/A,N/A,N/A,N/A
Uzbekistan,K,Utkir Yusupov,4,Farrukh Sayfiev,DEF,N/A,N/A,N/A,N/A,N/A,N/A,N/A,N/A,N/A,N/A,N/A,N/A,N/A,N/A,N/A,N/A,N/A,N/A,N/A,N/A,N/A,N/A,N/A,N/A,N/A,N/A,N/A,N/A,N/A,N/A,N/A,N/A,N/A,N/A,N/A,N/A,N/A,N/A,N/A,N/A,N/A,N/A,N/A,N/A,N/A,N/A,N/A,N/A,N/A,N/A
Uzbekistan,K,Utkir Yusupov,5,Rustam Ashurmatov,DEF,N/A,N/A,N/A,N/A,N/A,N/A,N/A,N/A,N/A,N/A,N/A,N/A,N/A,N/A,N/A,N/A,N/A,N/A,N/A,N/A,N/A,N/A,N/A,N/A,N/A,N/A,N/A,N/A,N/A,N/A,N/A,N/A,N/A,N/A,N/A,N/A,N/A,N/A,N/A,N/A,N/A,N/A,N/A,N/A,N/A,N/A,N/A,N/A,N/A,N/A
Uzbekistan,K,Utkir Yusupov,13,Sherzod Nasrullaev,DEF,N/A,N/A,N/A,N/A,N/A,N/A,N/A,N/A,N/A,N/A,N/A,N/A,N/A,N/A,N/A,N/A,N/A,N/A,N/A,N/A,N/A,N/A,N/A,N/A,N/A,N/A,N/A,N/A,N/A,N/A,N/A,N/A,N/A,N/A,N/A,N/A,N/A,N/A,N/A,N/A,N/A,N/A,N/A,N/A,N/A,N/A,N/A,N/A,N/A,N/A
Uzbekistan,K,Utkir Yusupov,15,Umar Eshmurodov,DEF,N/A,N/A,N/A,N/A,N/A,N/A,N/A,N/A,N/A,N/A,N/A,N/A,N/A,N/A,N/A,N/A,N/A,N/A,N/A,N/A,N/A,N/A,N/A,N/A,N/A,N/A,N/A,N/A,N/A,N/A,N/A,N/A,N/A,N/A,N/A,N/A,N/A,N/A,N/A,N/A,N/A,N/A,N/A,N/A,N/A,N/A,N/A,N/A,N/A,N/A
Uzbekistan,K,Utkir Yusupov,18,Abdulla Abdullaev,DEF,N/A,N/A,N/A,N/A,N/A,N/A,N/A,N/A,N/A,N/A,N/A,N/A,N/A,N/A,N/A,N/A,N/A,N/A,N/A,N/A,N/A,N/A,N/A,N/A,N/A,N/A,N/A,N/A,N/A,N/A,N/A,N/A,N/A,N/A,N/A,N/A,N/A,N/A,N/A,N/A,N/A,N/A,N/A,N/A,N/A,N/A,N/A,N/A,N/A,N/A
Uzbekistan,K,Utkir Yusupov,24,Bekhruz Karimov,DEF,N/A,N/A,N/A,N/A,N/A,N/A,N/A,N/A,N/A,N/A,N/A,N/A,N/A,N/A,N/A,N/A,N/A,N/A,N/A,N/A,N/A,N/A,N/A,N/A,N/A,N/A,N/A,N/A,N/A,N/A,N/A,N/A,N/A,N/A,N/A,N/A,N/A,N/A,N/A,N/A,N/A,N/A,N/A,N/A,N/A,N/A,N/A,N/A,N/A,N/A
Uzbekistan,K,Utkir Yusupov,25,Avazbek Ulmasaliev,DEF,N/A,N/A,N/A,N/A,N/A,N/A,N/A,N/A,N/A,N/A,N/A,N/A,N/A,N/A,N/A,N/A,N/A,N/A,N/A,N/A,N/A,N/A,N/A,N/A,N/A,N/A,N/A,N/A,N/A,N/A,N/A,N/A,N/A,N/A,N/A,N/A,N/A,N/A,N/A,N/A,N/A,N/A,N/A,N/A,N/A,N/A,N/A,N/A,N/A,N/A
Uzbekistan,K,Utkir Yusupov,26,Jakhongir Urozov,DEF,N/A,N/A,N/A,N/A,N/A,N/A,N/A,N/A,N/A,N/A,N/A,N/A,N/A,N/A,N/A,N/A,N/A,N/A,N/A,N/A,N/A,N/A,N/A,N/A,N/A,N/A,N/A,N/A,N/A,N/A,N/A,N/A,N/A,N/A,N/A,N/A,N/A,N/A,N/A,N/A,N/A,N/A,N/A,N/A,N/A,N/A,N/A,N/A,N/A,N/A
Uzbekistan,K,Utkir Yusupov,6,Akmal Mozgovoy,MID,N/A,N/A,N/A,N/A,N/A,N/A,N/A,N/A,N/A,N/A,N/A,N/A,N/A,N/A,N/A,N/A,N/A,N/A,N/A,N/A,N/A,N/A,N/A,N/A,N/A,N/A,N/A,N/A,N/A,N/A,N/A,N/A,N/A,N/A,N/A,N/A,N/A,N/A,N/A,N/A,N/A,N/A,N/A,N/A,N/A,N/A,N/A,N/A,N/A,N/A
Uzbekistan,K,Utkir Yusupov,7,Otabek Shukurov,MID,N/A,N/A,N/A,N/A,N/A,N/A,N/A,N/A,N/A,N/A,N/A,N/A,N/A,N/A,N/A,N/A,N/A,N/A,N/A,N/A,N/A,N/A,N/A,N/A,N/A,N/A,N/A,N/A,N/A,N/A,N/A,N/A,N/A,N/A,N/A,N/A,N/A,N/A,N/A,N/A,N/A,N/A,N/A,N/A,N/A,N/A,N/A,N/A,N/A,N/A
Uzbekistan,K,Utkir Yusupov,8,Jamshid Iskanderov,MID,N/A,N/A,N/A,N/A,N/A,N/A,N/A,N/A,N/A,N/A,N/A,N/A,N/A,N/A,N/A,N/A,N/A,N/A,N/A,N/A,N/A,N/A,N/A,N/A,N/A,N/A,N/A,N/A,N/A,N/A,N/A,N/A,N/A,N/A,N/A,N/A,N/A,N/A,N/A,N/A,N/A,N/A,N/A,N/A,N/A,N/A,N/A,N/A,N/A,N/A
Uzbekistan,K,Utkir Yusupov,9,Odiljon Khamrobekov,MID,N/A,N/A,N/A,N/A,N/A,N/A,N/A,N/A,N/A,N/A,N/A,N/A,N/A,N/A,N/A,N/A,N/A,N/A,N/A,N/A,N/A,N/A,N/A,N/A,N/A,N/A,N/A,N/A,N/A,N/A,N/A,N/A,N/A,N/A,N/A,N/A,N/A,N/A,N/A,N/A,N/A,N/A,N/A,N/A,N/A,N/A,N/A,N/A,N/A,N/A
Uzbekistan,K,Utkir Yusupov,19,Azizjon Ganiev,MID,N/A,N/A,N/A,N/A,N/A,N/A,N/A,N/A,N/A,N/A,N/A,N/A,N/A,N/A,N/A,N/A,N/A,N/A,N/A,N/A,N/A,N/A,N/A,N/A,N/A,N/A,N/A,N/A,N/A,N/A,N/A,N/A,N/A,N/A,N/A,N/A,N/A,N/A,N/A,N/A,N/A,N/A,N/A,N/A,N/A,N/A,N/A,N/A,N/A,N/A
Uzbekistan,K,Utkir Yusupov,20,Azizbek Amonov,MID,N/A,N/A,N/A,N/A,N/A,N/A,N/A,N/A,N/A,N/A,N/A,N/A,N/A,N/A,N/A,N/A,N/A,N/A,N/A,N/A,N/A,N/A,N/A,N/A,N/A,N/A,N/A,N/A,N/A,N/A,N/A,N/A,N/A,N/A,N/A,N/A,N/A,N/A,N/A,N/A,N/A,N/A,N/A,N/A,N/A,N/A,N/A,N/A,N/A,N/A
Uzbekistan,K,Utkir Yusupov,22,Abbosbek Fayzullaev,MID,N/A,N/A,N/A,N/A,N/A,N/A,N/A,N/A,N/A,N/A,N/A,N/A,N/A,N/A,N/A,N/A,N/A,N/A,N/A,N/A,N/A,N/A,N/A,N/A,N/A,N/A,N/A,N/A,N/A,N/A,N/A,N/A,N/A,N/A,N/A,N/A,N/A,N/A,N/A,N/A,N/A,N/A,N/A,N/A,N/A,N/A,N/A,N/A,N/A,N/A
Uzbekistan,K,Utkir Yusupov,23,Sherzod Esanov,MID,N/A,N/A,N/A,N/A,N/A,N/A,N/A,N/A,N/A,N/A,N/A,N/A,N/A,N/A,N/A,N/A,N/A,N/A,N/A,N/A,N/A,N/A,N/A,N/A,N/A,N/A,N/A,N/A,N/A,N/A,N/A,N/A,N/A,N/A,N/A,N/A,N/A,N/A,N/A,N/A,N/A,N/A,N/A,N/A,N/A,N/A,N/A,N/A,N/A,N/A
Uzbekistan,K,Utkir Yusupov,10,Jaloliddin Masharipov,FWD,N/A,N/A,N/A,N/A,N/A,N/A,N/A,N/A,N/A,N/A,N/A,N/A,N/A,N/A,N/A,N/A,N/A,N/A,N/A,N/A,N/A,N/A,N/A,N/A,N/A,N/A,N/A,N/A,N/A,N/A,N/A,N/A,N/A,N/A,N/A,N/A,N/A,N/A,N/A,N/A,N/A,N/A,N/A,N/A,N/A,N/A,N/A,N/A,N/A,N/A
Uzbekistan,K,Utkir Yusupov,11,Oston Urunov,FWD,N/A,N/A,N/A,N/A,N/A,N/A,N/A,N/A,N/A,N/A,N/A,N/A,N/A,N/A,N/A,N/A,N/A,N/A,N/A,N/A,N/A,N/A,N/A,N/A,N/A,N/A,N/A,N/A,N/A,N/A,N/A,N/A,N/A,N/A,N/A,N/A,N/A,N/A,N/A,N/A,N/A,N/A,N/A,N/A,N/A,N/A,N/A,N/A,N/A,N/A
France,I,Brice Samba,9,Marcus Thuram,FWD,228093,Marcus Thuram,ST,,85,86,83,76,82,50,80,84,88,85,84,79,81,70,86,80,70,73,58,76,78,85,81,78,61,84,78,50,44,48,42,84,75,91,83,79,11,13,14,9,,"Precision Header,Aerial Fortress,Rapid",,3,4,1
Uzbekistan,K,Utkir Yusupov,17,Dostonbek Khamdamov,FWD,N/A,N/A,N/A,N/A,N/A,N/A,N/A,N/A,N/A,N/A,N/A,N/A,N/A,N/A,N/A,N/A,N/A,N/A,N/A,N/A,N/A,N/A,N/A,N/A,N/A,N/A,N/A,N/A,N/A,N/A,N/A,N/A,N/A,N/A,N/A,N/A,N/A,N/A,N/A,N/A,N/A,N/A,N/A,N/A,N/A,N/A,N/A,N/A,N/A,N/A
Uzbekistan,K,Utkir Yusupov,21,Igor Sergeev,FWD,N/A,N/A,N/A,N/A,N/A,N/A,N/A,N/A,N/A,N/A,N/A,N/A,N/A,N/A,N/A,N/A,N/A,N/A,N/A,N/A,N/A,N/A,N/A,N/A,N/A,N/A,N/A,N/A,N/A,N/A,N/A,N/A,N/A,N/A,N/A,N/A,N/A,N/A,N/A,N/A,N/A,N/A,N/A,N/A,N/A,N/A,N/A,N/A,N/A,N/A
Croatia,L,Dominik Livakovic,1,Dominik Livakovic,GK,N/A,N/A,N/A,N/A,N/A,N/A,N/A,N/A,N/A,N/A,N/A,N/A,N/A,N/A,N/A,N/A,N/A,N/A,N/A,N/A,N/A,N/A,N/A,N/A,N/A,N/A,N/A,N/A,N/A,N/A,N/A,N/A,N/A,N/A,N/A,N/A,N/A,N/A,N/A,N/A,N/A,N/A,N/A,N/A,N/A,N/A,N/A,N/A,N/A,N/A
Spain,H,David Raya,23,Unai Simón,GK,230869,Unai Simón,GK,,85,,,,,,,,,,,,,,,,,,,,,,,,,,,,,,,,,,,,84,80,76,84,85,"Pinged Pass,Footwork,Rush Out",,1,3,1
Uruguay,H,Sergio Rochet,15,Emiliano Martínez,MID,202811,Emiliano Martínez,GK,,85,83,82,82,85,56,85,55,57,16,62,16,13,43,12,61,59,22,20,22,67,24,43,54,49,81,69,21,25,20,20,26,40,79,40,78,83,82,82,85,,"Footwork,Rush Out",,1,4,1
Croatia,L,Dominik Livakovic,2,Josip Stanisic,DEF,N/A,N/A,N/A,N/A,N/A,N/A,N/A,N/A,N/A,N/A,N/A,N/A,N/A,N/A,N/A,N/A,N/A,N/A,N/A,N/A,N/A,N/A,N/A,N/A,N/A,N/A,N/A,N/A,N/A,N/A,N/A,N/A,N/A,N/A,N/A,N/A,N/A,N/A,N/A,N/A,N/A,N/A,N/A,N/A,N/A,N/A,N/A,N/A,N/A,N/A
Croatia,L,Dominik Livakovic,3,Marin Pongracic,DEF,N/A,N/A,N/A,N/A,N/A,N/A,N/A,N/A,N/A,N/A,N/A,N/A,N/A,N/A,N/A,N/A,N/A,N/A,N/A,N/A,N/A,N/A,N/A,N/A,N/A,N/A,N/A,N/A,N/A,N/A,N/A,N/A,N/A,N/A,N/A,N/A,N/A,N/A,N/A,N/A,N/A,N/A,N/A,N/A,N/A,N/A,N/A,N/A,N/A,N/A
Croatia,L,Dominik Livakovic,4,Josko Gvardiol,DEF,N/A,N/A,N/A,N/A,N/A,N/A,N/A,N/A,N/A,N/A,N/A,N/A,N/A,N/A,N/A,N/A,N/A,N/A,N/A,N/A,N/A,N/A,N/A,N/A,N/A,N/A,N/A,N/A,N/A,N/A,N/A,N/A,N/A,N/A,N/A,N/A,N/A,N/A,N/A,N/A,N/A,N/A,N/A,N/A,N/A,N/A,N/A,N/A,N/A,N/A
Croatia,L,Dominik Livakovic,5,Duje Caleta-Car,DEF,N/A,N/A,N/A,N/A,N/A,N/A,N/A,N/A,N/A,N/A,N/A,N/A,N/A,N/A,N/A,N/A,N/A,N/A,N/A,N/A,N/A,N/A,N/A,N/A,N/A,N/A,N/A,N/A,N/A,N/A,N/A,N/A,N/A,N/A,N/A,N/A,N/A,N/A,N/A,N/A,N/A,N/A,N/A,N/A,N/A,N/A,N/A,N/A,N/A,N/A
Croatia,L,Dominik Livakovic,6,Josip Sutalo,DEF,N/A,N/A,N/A,N/A,N/A,N/A,N/A,N/A,N/A,N/A,N/A,N/A,N/A,N/A,N/A,N/A,N/A,N/A,N/A,N/A,N/A,N/A,N/A,N/A,N/A,N/A,N/A,N/A,N/A,N/A,N/A,N/A,N/A,N/A,N/A,N/A,N/A,N/A,N/A,N/A,N/A,N/A,N/A,N/A,N/A,N/A,N/A,N/A,N/A,N/A
Croatia,L,Dominik Livakovic,22,Luka Vuskovic,DEF,N/A,N/A,N/A,N/A,N/A,N/A,N/A,N/A,N/A,N/A,N/A,N/A,N/A,N/A,N/A,N/A,N/A,N/A,N/A,N/A,N/A,N/A,N/A,N/A,N/A,N/A,N/A,N/A,N/A,N/A,N/A,N/A,N/A,N/A,N/A,N/A,N/A,N/A,N/A,N/A,N/A,N/A,N/A,N/A,N/A,N/A,N/A,N/A,N/A,N/A
Croatia,L,Dominik Livakovic,25,Martin Erlic,DEF,N/A,N/A,N/A,N/A,N/A,N/A,N/A,N/A,N/A,N/A,N/A,N/A,N/A,N/A,N/A,N/A,N/A,N/A,N/A,N/A,N/A,N/A,N/A,N/A,N/A,N/A,N/A,N/A,N/A,N/A,N/A,N/A,N/A,N/A,N/A,N/A,N/A,N/A,N/A,N/A,N/A,N/A,N/A,N/A,N/A,N/A,N/A,N/A,N/A,N/A
Croatia,L,Dominik Livakovic,7,Nikola Moro,MID,244270,Nikola Moro,CDM,CM,75,66,72,74,73,70,72,66,66,67,82,74,64,68,74,78,80,68,69,67,74,72,76,68,63,72,77,69,68,73,72,69,73,73,74,70,9,9,10,13,,,,3,4,1
Croatia,L,Dominik Livakovic,8,Mateo Kovacic,MID,N/A,N/A,N/A,N/A,N/A,N/A,N/A,N/A,N/A,N/A,N/A,N/A,N/A,N/A,N/A,N/A,N/A,N/A,N/A,N/A,N/A,N/A,N/A,N/A,N/A,N/A,N/A,N/A,N/A,N/A,N/A,N/A,N/A,N/A,N/A,N/A,N/A,N/A,N/A,N/A,N/A,N/A,N/A,N/A,N/A,N/A,N/A,N/A,N/A,N/A
Croatia,L,Dominik Livakovic,10,Luka Modric,MID,N/A,N/A,N/A,N/A,N/A,N/A,N/A,N/A,N/A,N/A,N/A,N/A,N/A,N/A,N/A,N/A,N/A,N/A,N/A,N/A,N/A,N/A,N/A,N/A,N/A,N/A,N/A,N/A,N/A,N/A,N/A,N/A,N/A,N/A,N/A,N/A,N/A,N/A,N/A,N/A,N/A,N/A,N/A,N/A,N/A,N/A,N/A,N/A,N/A,N/A
Croatia,L,Dominik Livakovic,13,Nikola Vlasic,MID,N/A,N/A,N/A,N/A,N/A,N/A,N/A,N/A,N/A,N/A,N/A,N/A,N/A,N/A,N/A,N/A,N/A,N/A,N/A,N/A,N/A,N/A,N/A,N/A,N/A,N/A,N/A,N/A,N/A,N/A,N/A,N/A,N/A,N/A,N/A,N/A,N/A,N/A,N/A,N/A,N/A,N/A,N/A,N/A,N/A,N/A,N/A,N/A,N/A,N/A
Croatia,L,Dominik Livakovic,15,Mario Pasalic,MID,N/A,N/A,N/A,N/A,N/A,N/A,N/A,N/A,N/A,N/A,N/A,N/A,N/A,N/A,N/A,N/A,N/A,N/A,N/A,N/A,N/A,N/A,N/A,N/A,N/A,N/A,N/A,N/A,N/A,N/A,N/A,N/A,N/A,N/A,N/A,N/A,N/A,N/A,N/A,N/A,N/A,N/A,N/A,N/A,N/A,N/A,N/A,N/A,N/A,N/A
Portugal,K,Diogo Costa,8,Bruno Fernandes,MID,212198,Bruno Fernandes,CAM,CM,87,67,83,89,83,65,75,68,66,80,86,85,87,91,86,90,90,85,85,85,92,82,87,78,73,90,85,63,62,71,66,63,84,69,95,61,12,14,15,8,,"Dead Ball,Gamechanger,Incisive Pass,Long Ball Pass,Tiki Taka,Inventive",Relentless+,4,4,1
Croatia,L,Dominik Livakovic,17,Petar Sucic,MID,N/A,N/A,N/A,N/A,N/A,N/A,N/A,N/A,N/A,N/A,N/A,N/A,N/A,N/A,N/A,N/A,N/A,N/A,N/A,N/A,N/A,N/A,N/A,N/A,N/A,N/A,N/A,N/A,N/A,N/A,N/A,N/A,N/A,N/A,N/A,N/A,N/A,N/A,N/A,N/A,N/A,N/A,N/A,N/A,N/A,N/A,N/A,N/A,N/A,N/A
Croatia,L,Dominik Livakovic,18,Kristijan Jakic,MID,N/A,N/A,N/A,N/A,N/A,N/A,N/A,N/A,N/A,N/A,N/A,N/A,N/A,N/A,N/A,N/A,N/A,N/A,N/A,N/A,N/A,N/A,N/A,N/A,N/A,N/A,N/A,N/A,N/A,N/A,N/A,N/A,N/A,N/A,N/A,N/A,N/A,N/A,N/A,N/A,N/A,N/A,N/A,N/A,N/A,N/A,N/A,N/A,N/A,N/A
Croatia,L,Dominik Livakovic,19,Toni Fruk,MID,N/A,N/A,N/A,N/A,N/A,N/A,N/A,N/A,N/A,N/A,N/A,N/A,N/A,N/A,N/A,N/A,N/A,N/A,N/A,N/A,N/A,N/A,N/A,N/A,N/A,N/A,N/A,N/A,N/A,N/A,N/A,N/A,N/A,N/A,N/A,N/A,N/A,N/A,N/A,N/A,N/A,N/A,N/A,N/A,N/A,N/A,N/A,N/A,N/A,N/A
Croatia,L,Dominik Livakovic,21,Luka Sucic,MID,N/A,N/A,N/A,N/A,N/A,N/A,N/A,N/A,N/A,N/A,N/A,N/A,N/A,N/A,N/A,N/A,N/A,N/A,N/A,N/A,N/A,N/A,N/A,N/A,N/A,N/A,N/A,N/A,N/A,N/A,N/A,N/A,N/A,N/A,N/A,N/A,N/A,N/A,N/A,N/A,N/A,N/A,N/A,N/A,N/A,N/A,N/A,N/A,N/A,N/A
Croatia,L,Dominik Livakovic,9,Andrej Kramaric,FWD,N/A,N/A,N/A,N/A,N/A,N/A,N/A,N/A,N/A,N/A,N/A,N/A,N/A,N/A,N/A,N/A,N/A,N/A,N/A,N/A,N/A,N/A,N/A,N/A,N/A,N/A,N/A,N/A,N/A,N/A,N/A,N/A,N/A,N/A,N/A,N/A,N/A,N/A,N/A,N/A,N/A,N/A,N/A,N/A,N/A,N/A,N/A,N/A,N/A,N/A
Portugal,K,Diogo Costa,7,Cristiano Ronaldo,FWD,20801,Cristiano Ronaldo,ST,,85,76,88,76,80,34,76,73,78,88,91,84,84,91,89,76,70,79,81,78,76,77,85,76,63,82,91,29,24,32,24,87,62,95,77,80,7,11,15,14,,"Precision Header,Acrobatic,Low Driven Shot,Gamechanger,Aerial Fortress,Trickster",Power Shot+,5,4,1
Croatia,L,Dominik Livakovic,14,Ivan Perisic,FWD,N/A,N/A,N/A,N/A,N/A,N/A,N/A,N/A,N/A,N/A,N/A,N/A,N/A,N/A,N/A,N/A,N/A,N/A,N/A,N/A,N/A,N/A,N/A,N/A,N/A,N/A,N/A,N/A,N/A,N/A,N/A,N/A,N/A,N/A,N/A,N/A,N/A,N/A,N/A,N/A,N/A,N/A,N/A,N/A,N/A,N/A,N/A,N/A,N/A,N/A
Croatia,L,Dominik Livakovic,20,Igor Matanovic,FWD,N/A,N/A,N/A,N/A,N/A,N/A,N/A,N/A,N/A,N/A,N/A,N/A,N/A,N/A,N/A,N/A,N/A,N/A,N/A,N/A,N/A,N/A,N/A,N/A,N/A,N/A,N/A,N/A,N/A,N/A,N/A,N/A,N/A,N/A,N/A,N/A,N/A,N/A,N/A,N/A,N/A,N/A,N/A,N/A,N/A,N/A,N/A,N/A,N/A,N/A
Croatia,L,Dominik Livakovic,24,Marco Pasalic,FWD,N/A,N/A,N/A,N/A,N/A,N/A,N/A,N/A,N/A,N/A,N/A,N/A,N/A,N/A,N/A,N/A,N/A,N/A,N/A,N/A,N/A,N/A,N/A,N/A,N/A,N/A,N/A,N/A,N/A,N/A,N/A,N/A,N/A,N/A,N/A,N/A,N/A,N/A,N/A,N/A,N/A,N/A,N/A,N/A,N/A,N/A,N/A,N/A,N/A,N/A
Sweden,F,Jacob Widell Zetterström,17,Viktor Gyökeres,FWD,241651,Viktor Gyökeres,ST,,87,90,86,73,81,36,91,88,92,88,88,80,77,88,88,78,58,72,71,72,79,80,83,82,72,87,85,28,34,34,16,81,87,95,93,91,10,13,11,14,,"Finesse Shot,Power Shot,Acrobatic,Low Driven Shot,Press Proven,Quick Step",Enforcer+,3,4,1
Argentina,J,Juan Musso,23,Emiliano Martínez,GK,202811,Emiliano Martínez,GK,,85,,,,,,,,,,,,,,,,,,,,,,,,,,,,,,,,,,,,83,82,82,85,85,"Footwork,Rush Out",,1,4,1
Switzerland,B,Gregor Kobel,1,Gregor Kobel,GK,235073,Gregor Kobel,GK,,86,,,,,,,,,,,,,,,,,,,,,,,,,,,,,,,,,,,,87,83,64,86,87,"Far Throw,Deflector",Rush Out+,1,3,1
Spain,H,David Raya,1,David Raya,GK,220901,David Raya,GK,,87,,,,,,,,,,,,,,,,,,,,,,,,,,,,,,,,,,,,86,84,87,85,87,Footwork,Cross Claimer+,1,3,1
England,L,Jordan Pickford,2,Ezri Konsa,DEF,227678,Ezri Konsa,CB,"RB,RM",82,75,53,71,75,84,78,72,78,55,69,32,69,38,50,78,72,64,38,65,75,73,78,67,68,84,81,83,85,85,80,80,76,86,79,78,14,8,11,13,,"Jockey,Anticipate,Slide Tackle",,2,3,1
England,L,Jordan Pickford,3,Nico O'Reilly,DEF,277427,Nico O'Reilly,LB,"CM,CAM",73,73,66,72,73,69,70,71,74,65,70,66,57,59,70,75,70,70,59,71,71,74,73,72,69,70,72,71,68,70,68,69,70,75,72,68,7,13,8,7,,,,3,2,2
England,L,Jordan Pickford,5,John Stones,DEF,203574,John Stones,CB,RB,82,64,58,74,75,84,72,65,64,54,68,61,44,52,58,82,79,62,37,63,78,74,79,62,62,82,85,83,84,85,84,84,79,85,53,78,7,15,11,10,,Long Throw,,3,4,1
England,L,Jordan Pickford,6,Marc Guéhi,DEF,241159,Marc Guéhi,CB,,82,69,39,69,73,83,78,68,69,42,49,26,32,38,35,79,78,67,32,58,66,72,76,61,65,83,76,82,84,84,85,79,77,84,73,80,8,9,11,12,,"Long Ball Pass,Jockey,Block,Anticipate",,2,5,1
England,L,Jordan Pickford,12,Tino Livramento,DEF,262118,Tino Livramento,RB,"LB,RM",80,82,51,72,78,76,74,80,84,49,61,46,41,41,71,77,62,80,51,79,68,79,78,76,79,78,79,78,77,80,78,56,74,75,80,71,10,12,8,13,,Jockey,,3,4,1
England,L,Jordan Pickford,15,Dan Burn,DEF,198032,Dan Burn,CB,,79,42,36,67,64,79,85,34,49,26,60,29,22,48,61,75,69,49,46,68,61,69,69,32,32,77,76,76,81,79,80,78,86,70,78,90,15,13,7,8,,"Precision Header,Aerial Fortress",,2,3,2
England,L,Jordan Pickford,24,Reece James,DEF,238074,Reece James,RB,,81,76,71,82,77,81,81,75,76,67,85,70,67,65,74,81,80,83,81,88,78,78,79,66,71,80,82,80,82,82,80,75,83,87,67,86,8,12,7,13,,"Whipped Pass,Jockey,Bruiser",,3,4,1
England,L,Jordan Pickford,25,Djed Spence,DEF,243702,Djed Spence,RB,"LB,RM",78,88,44,71,79,74,72,87,88,38,54,45,27,37,75,77,65,65,28,76,72,82,78,78,67,75,78,72,75,75,73,69,65,83,76,72,13,8,7,11,,Rapid,,3,3,1
England,L,Jordan Pickford,26,Jarell Quansah,DEF,273651,Jarell Quansah,CB,,75,70,34,59,68,74,75,66,73,26,54,28,41,45,36,71,74,48,37,38,54,69,71,53,56,71,76,73,75,74,76,74,75,82,64,79,9,6,11,9,,Slide Tackle,,2,3,1
England,L,Jordan Pickford,4,Declan Rice,MID,234378,Declan Rice,CDM,CM,87,72,73,84,80,83,83,71,73,64,87,83,50,71,77,86,86,86,75,88,79,82,84,63,65,85,86,86,81,86,85,72,85,80,92,78,8,11,14,5,,"Dead Ball,Whipped Pass,Block,Intercept,Aerial Fortress,Press Proven,Relentless",,3,3,1
England,L,Jordan Pickford,8,Elliot Anderson,MID,254243,Elliot Anderson,CDM,CM,80,71,68,79,81,77,78,75,68,66,74,64,63,65,76,82,79,78,57,77,79,82,81,76,84,80,80,78,75,79,77,76,77,84,86,73,6,12,5,10,,"Block,Aerial Fortress,Technical",,3,4,1
Germany,E,Manuel Neuer,10,Jamal Musiala,MID,256790,Jamal Musiala,CAM,"LM,CM,ST",88,80,82,80,90,66,65,85,75,86,80,82,75,61,88,87,79,75,59,70,84,94,85,94,93,89,83,65,64,66,61,75,59,80,73,61,6,9,8,8,,"Precision Header,Low Driven Shot,Gamechanger,Incisive Pass,Inventive,Trickster",Technical+,5,4,1
England,L,Jordan Pickford,14,Jordan Henderson,MID,183711,Jordan Henderson,CDM,CM,79,65,71,80,74,75,77,62,67,69,77,72,70,67,75,81,83,80,70,81,78,74,78,62,65,79,78,78,77,76,74,63,80,74,77,77,7,13,7,9,,"Incisive Pass,Long Ball Pass,Anticipate",,3,3,1
England,L,Jordan Pickford,16,Kobbie Mainoo,MID,269136,Kobbie Mainoo,CM,CDM,77,68,69,74,81,73,74,70,66,73,69,62,58,58,74,79,78,76,55,65,76,82,80,80,88,78,82,74,70,77,75,64,74,74,74,73,14,11,10,5,,"Finesse Shot,Press Proven",,3,3,1
Germany,E,Manuel Neuer,17,Florian Wirtz,MID,256630,Florian Wirtz,CAM,"ST,CM",89,80,82,88,90,54,67,82,79,84,78,84,81,66,85,91,87,83,74,87,91,90,92,88,87,88,86,55,64,49,44,43,63,65,87,59,14,14,13,6,,"Finesse Shot,Chip Shot,Low Driven Shot,Inventive,Technical,First Touch",Incisive Pass+,4,4,1
England,L,Jordan Pickford,10,Jude Bellingham,MID,252371,Jude Bellingham,CAM,CM,90,80,86,83,90,78,85,81,80,88,86,87,77,74,91,90,89,73,68,66,90,91,91,83,83,91,90,82,77,79,77,75,85,85,94,80,14,11,10,5,,"Low Driven Shot,Gamechanger,Inventive,Slide Tackle,Technical,First Touch",Relentless+,4,4,1
England,L,Jordan Pickford,7,Bukayo Saka,FWD,246669,Bukayo Saka,RW,RM,88,84,82,85,88,60,73,87,81,84,79,81,79,87,86,85,77,88,74,90,86,89,88,85,88,88,82,62,60,62,60,49,68,72,86,68,7,8,13,9,,"Finesse Shot,Technical",Whipped Pass+,3,4,2
Sweden,F,Jacob Widell Zetterström,9,Alexander Isak,FWD,233731,Alexander Isak,ST,,88,83,89,73,85,39,76,86,80,91,91,83,81,86,89,79,60,75,64,68,80,88,87,73,69,87,88,38,35,34,29,82,58,90,82,79,7,6,9,7,,"Power Shot,Low Driven Shot,Gamechanger,Rapid,First Touch",Finesse Shot+,4,4,1
England,L,Jordan Pickford,11,Marcus Rashford,FWD,231677,Marcus Rashford,LM,"LW,ST",80,87,82,77,80,33,63,87,87,79,93,80,73,85,80,78,72,80,75,78,80,83,80,77,69,77,76,27,30,29,24,71,52,82,64,65,11,6,15,7,,"Power Shot,Rapid,Quick Step",,5,3,1
England,L,Jordan Pickford,18,Anthony Gordon,FWD,242964,Anthony Gordon,LW,"RW,LM",83,91,79,78,83,50,71,89,92,81,78,76,74,70,82,79,66,82,74,81,81,85,83,78,71,83,81,40,49,56,48,59,74,75,87,61,5,6,14,7,,"Finesse Shot,Whipped Pass,Rapid,Quick Step",,3,3,1
Argentina,J,Juan Musso,22,Lautaro Martínez,FWD,231478,Lautaro Martínez,ST,,88,81,88,75,84,51,83,83,80,93,87,80,92,74,93,78,72,84,65,68,79,81,84,88,87,92,88,48,45,50,45,86,87,91,86,80,11,8,8,8,,"Power Shot,Precision Header,Incisive Pass,Technical,Relentless,Enforcer",Gamechanger+,4,4,1
England,L,Jordan Pickford,20,Noni Madueke,FWD,254796,Noni Madueke,RW,RM,80,88,75,74,83,45,69,89,88,75,79,74,65,75,79,76,67,76,65,74,75,85,83,81,79,76,77,45,45,45,30,55,67,76,75,67,5,13,6,12,,"Low Driven Shot,Technical,Quick Step",,4,3,2
England,L,Jordan Pickford,9,Harry Kane,FWD,202126,Harry Kane,ST,,89,64,92,83,82,48,82,62,66,93,91,89,89,95,94,86,79,82,69,80,86,80,87,67,72,94,92,42,46,44,38,90,80,87,76,86,8,10,11,14,,"Precision Header,Low Driven Shot,Gamechanger,Long Ball Pass,First Touch",Finesse Shot+,3,4,1
Ghana,L,Lawrence Ati-Zigi,1,Lawrence Ati-Zigi,GK,N/A,N/A,N/A,N/A,N/A,N/A,N/A,N/A,N/A,N/A,N/A,N/A,N/A,N/A,N/A,N/A,N/A,N/A,N/A,N/A,N/A,N/A,N/A,N/A,N/A,N/A,N/A,N/A,N/A,N/A,N/A,N/A,N/A,N/A,N/A,N/A,N/A,N/A,N/A,N/A,N/A,N/A,N/A,N/A,N/A,N/A,N/A,N/A,N/A,N/A
France,I,Brice Samba,16,Mike Maignan,GK,215698,Mike Maignan,GK,,87,,,,,,,,,,,,,,,,,,,,,,,,,,,,,,,,,,,,84,83,85,84,88,"Long Ball Pass,Footwork,Deflector",Far Throw+,1,4,1
Ghana,L,Lawrence Ati-Zigi,16,Benjamin Asare,GK,N/A,N/A,N/A,N/A,N/A,N/A,N/A,N/A,N/A,N/A,N/A,N/A,N/A,N/A,N/A,N/A,N/A,N/A,N/A,N/A,N/A,N/A,N/A,N/A,N/A,N/A,N/A,N/A,N/A,N/A,N/A,N/A,N/A,N/A,N/A,N/A,N/A,N/A,N/A,N/A,N/A,N/A,N/A,N/A,N/A,N/A,N/A,N/A,N/A,N/A
Ghana,L,Lawrence Ati-Zigi,2,Alidu Seidu,DEF,257946,Alidu Seidu,CB,"RB,RM",74,61,43,61,70,75,67,64,58,35,62,41,42,37,52,68,61,55,31,66,52,69,72,63,69,75,73,76,77,75,74,71,75,75,51,70,11,9,11,14,,"Block,Anticipate,Long Throw",,2,3,1
Ghana,L,Lawrence Ati-Zigi,4,Jonas Adjetey,DEF,276634,Jonas Adjetey,CB,,70,70,23,47,50,71,71,72,69,21,32,16,21,37,25,67,61,28,24,23,34,26,70,69,69,70,68,69,73,72,74,67,59,78,74,73,10,13,13,12,,Long Ball Pass,,2,4,1
Ghana,L,Lawrence Ati-Zigi,6,Abdul Mumin,DEF,235662,Abdul Mumin,CB,,77,76,49,61,69,77,76,75,77,44,66,53,33,35,43,72,70,60,39,47,54,68,72,62,65,76,65,77,79,78,77,72,82,83,71,76,13,6,10,9,,Slide Tackle,,3,4,1
Ghana,L,Lawrence Ati-Zigi,14,Gideon Mensah,DEF,247124,Gideon Mensah,LB,LM,74,76,57,65,72,68,67,77,76,54,67,54,57,46,66,71,63,67,49,71,54,72,71,72,80,70,63,69,66,70,74,63,76,71,79,57,8,14,8,11,,Jockey,,3,2,2
Ghana,L,Lawrence Ati-Zigi,17,Baba Rahman,DEF,N/A,N/A,N/A,N/A,N/A,N/A,N/A,N/A,N/A,N/A,N/A,N/A,N/A,N/A,N/A,N/A,N/A,N/A,N/A,N/A,N/A,N/A,N/A,N/A,N/A,N/A,N/A,N/A,N/A,N/A,N/A,N/A,N/A,N/A,N/A,N/A,N/A,N/A,N/A,N/A,N/A,N/A,N/A,N/A,N/A,N/A,N/A,N/A,N/A,N/A
Ghana,L,Lawrence Ati-Zigi,18,Jerome Opoku,DEF,241710,Jerome Opoku,CB,,72,59,43,54,59,73,80,63,56,35,60,45,42,39,45,64,52,45,41,55,42,55,65,59,51,59,58,73,74,76,72,62,74,79,68,89,13,10,10,13,,Anticipate,,2,3,2
Ghana,L,Lawrence Ati-Zigi,21,Kojo Peprah Oppong,DEF,273948,Kojo Peprah Oppong,CB,,65,74,25,44,54,64,71,73,74,22,36,24,20,20,31,61,59,29,20,31,27,52,57,57,48,62,55,64,63,65,62,63,63,78,67,75,13,14,12,9,,,,2,3,1
Ghana,L,Lawrence Ati-Zigi,23,Derrick Luckassen,DEF,N/A,N/A,N/A,N/A,N/A,N/A,N/A,N/A,N/A,N/A,N/A,N/A,N/A,N/A,N/A,N/A,N/A,N/A,N/A,N/A,N/A,N/A,N/A,N/A,N/A,N/A,N/A,N/A,N/A,N/A,N/A,N/A,N/A,N/A,N/A,N/A,N/A,N/A,N/A,N/A,N/A,N/A,N/A,N/A,N/A,N/A,N/A,N/A,N/A,N/A
Ghana,L,Lawrence Ati-Zigi,26,Marvin Senaya,DEF,263112,Marvin Senaya,RB,RM,69,70,46,57,66,67,64,70,70,48,42,45,36,45,50,63,55,57,42,65,46,66,66,63,69,68,66,67,65,71,67,58,56,67,72,63,9,11,10,7,,,,2,3,1
Ghana,L,Lawrence Ati-Zigi,3,Caleb Yirenkyi,MID,73638,Caleb Yirenkyi,CM,"CDM,CB",67,66,59,59,67,63,70,66,66,64,54,63,39,43,63,67,65,39,40,45,65,66,68,69,70,67,63,66,61,65,61,58,65,68,77,69,12,5,6,9,,,,2,3,1
Ghana,L,Lawrence Ati-Zigi,5,Thomas Partey,MID,209989,Thomas Partey,CDM,"CM,RB",83,59,71,80,77,80,82,53,63,66,85,79,56,49,70,85,84,69,67,74,80,80,81,63,50,80,85,82,80,84,78,68,84,74,76,84,11,13,9,9,,"Pinged Pass,Press Proven,Long Throw",,3,3,1
Ghana,L,Lawrence Ati-Zigi,8,Kwasi Sibo,MID,253114,Kwasi Sibo,CDM,"CM,CB",69,63,54,58,65,67,79,59,66,48,66,58,42,52,57,66,63,48,40,49,57,65,68,62,67,65,55,67,69,68,66,62,77,74,80,80,14,10,8,6,,"Long Ball Pass,Intercept,Aerial Fortress",,2,4,1
Ghana,L,Lawrence Ati-Zigi,15,Elisha Owusu,MID,238392,Elisha Owusu,CDM,CM,73,55,54,68,70,70,70,62,50,47,68,56,50,54,62,75,72,54,45,60,68,70,72,68,70,71,68,73,70,75,71,50,71,63,76,68,12,10,5,12,,,,2,3,1
Ghana,L,Lawrence Ati-Zigi,20,Augustine Boakye,MID,264441,Augustine Boakye,RW,RM,69,86,61,59,73,26,57,85,87,65,60,55,48,60,63,63,50,53,48,57,66,73,70,90,81,62,50,18,32,22,28,38,33,61,72,58,10,10,11,14,,,,3,3,2
Ghana,L,Lawrence Ati-Zigi,7,Abdul Fatawu,FWD,267680,Abdul Fatawu,RM,RW,76,83,73,74,78,46,64,87,80,69,84,74,68,64,70,71,76,74,71,77,73,78,77,86,86,73,71,39,43,48,45,59,67,74,69,59,13,7,7,7,,"Power Shot,Gamechanger,Technical",,4,4,2
Ghana,L,Lawrence Ati-Zigi,9,Jordan Ayew,FWD,197756,Jordan Ayew,RM,RW,73,66,73,70,75,56,71,68,65,73,75,70,69,82,73,73,59,73,67,74,71,76,75,75,71,74,72,52,55,58,49,72,74,78,68,71,6,8,7,16,,Press Proven,,4,3,1
France,I,Brice Samba,7,Ousmane Dembélé,FWD,231443,Ousmane Dembélé,ST,"RW,CAM",90,91,88,83,93,50,69,93,89,90,91,85,79,80,95,89,78,85,68,80,84,94,94,94,81,91,88,45,49,49,39,74,58,84,76,69,6,6,14,10,,"Low Driven Shot,Pinged Pass,Inventive,Trickster,Quick Step",Rapid+,5,5,2
Ghana,L,Lawrence Ati-Zigi,11,Antoine Semenyo,FWD,241236,Antoine Semenyo,RM,"LM,RW",80,80,78,73,81,40,79,78,82,83,81,69,69,69,81,74,69,74,61,74,76,82,81,79,74,79,79,34,34,44,31,64,71,81,84,79,10,11,14,15,,"Low Driven Shot,Aerial Fortress,Long Throw,Enforcer",,3,5,1
Ghana,L,Lawrence Ati-Zigi,13,Christopher Bonsu Baah,FWD,274913,Christopher Bonsu Baah,LM,"RM,LW",73,87,65,64,79,34,66,89,85,61,74,67,64,51,67,68,53,69,50,67,65,79,76,89,91,72,69,30,29,44,32,29,59,64,72,65,8,5,12,5,,Technical,,4,3,2
Ghana,L,Lawrence Ati-Zigi,19,Iñaki Williams,FWD,216201,Iñaki Williams,RM,"ST,RW",83,94,81,74,80,45,84,93,94,82,86,76,79,68,85,76,65,80,58,78,76,83,80,78,62,83,78,30,42,48,38,80,76,95,88,84,14,15,14,10,,"Finesse Shot,Power Shot,Low Driven Shot,Rapid,Quick Step",,4,3,1
Ghana,L,Lawrence Ati-Zigi,22,Kamaldeen Sulemana,FWD,256035,Kamaldeen Sulemana,LM,"LW,ST",71,88,63,63,76,28,59,90,86,63,66,64,61,55,65,67,57,73,50,62,64,77,71,88,87,64,69,26,30,25,25,42,50,66,62,60,6,13,7,12,,"Finesse Shot,Rapid",,4,4,1
Ghana,L,Lawrence Ati-Zigi,24,Ernest Nuamah,FWD,268763,Ernest Nuamah,RM,RW,75,82,70,69,78,24,58,85,79,71,77,71,58,49,71,72,61,75,58,71,68,80,78,78,80,72,72,17,29,21,23,37,41,64,62,62,11,8,11,9,,"Gamechanger,Rapid,Quick Step",,4,3,2
Norway,I,Ørjan Håskjold Nyland,9,Erling Haaland,FWD,239085,Erling Haaland,ST,,90,86,91,70,80,45,88,79,92,94,94,83,90,90,95,77,66,77,62,58,74,79,82,71,69,93,86,43,38,47,29,83,88,92,76,93,7,14,13,11,,"Chip Shot,Power Shot,Precision Header,Acrobatic,Gamechanger,Enforcer",Low Driven Shot+,3,3,2
Brazil,C,Alisson,1,Alisson,GK,212831,Alisson,GK,,89,,,,,,,,,,,,,,,,,,,,,,,,,,,,,,,,,,,,86,85,86,90,89,"Far Throw,Deflector",Rush Out+,1,3,1
Panama,L,Luis Mejía,12,César Samudio,GK,N/A,N/A,N/A,N/A,N/A,N/A,N/A,N/A,N/A,N/A,N/A,N/A,N/A,N/A,N/A,N/A,N/A,N/A,N/A,N/A,N/A,N/A,N/A,N/A,N/A,N/A,N/A,N/A,N/A,N/A,N/A,N/A,N/A,N/A,N/A,N/A,N/A,N/A,N/A,N/A,N/A,N/A,N/A,N/A,N/A,N/A,N/A,N/A,N/A,N/A
Belgium,G,Thibaut Courtois,1,Thibaut Courtois,GK,192119,Thibaut Courtois,GK,,89,,,,,,,,,,,,,,,,,,,,,,,,,,,,,,,,,,,,85,89,76,88,90,"Far Throw,Rush Out",Cross Claimer+,1,3,2
Panama,L,Luis Mejía,2,César Blackman,DEF,N/A,N/A,N/A,N/A,N/A,N/A,N/A,N/A,N/A,N/A,N/A,N/A,N/A,N/A,N/A,N/A,N/A,N/A,N/A,N/A,N/A,N/A,N/A,N/A,N/A,N/A,N/A,N/A,N/A,N/A,N/A,N/A,N/A,N/A,N/A,N/A,N/A,N/A,N/A,N/A,N/A,N/A,N/A,N/A,N/A,N/A,N/A,N/A,N/A,N/A
Panama,L,Luis Mejía,3,José Córdoba,DEF,72708,José Córdoba,CB,,68,72,31,53,61,65,73,66,77,24,53,26,21,35,29,62,61,34,37,48,46,61,64,59,58,60,59,63,65,67,67,65,70,79,57,82,10,6,8,14,,,,2,2,2
Panama,L,Luis Mejía,4,Fidel Escobar,DEF,N/A,N/A,N/A,N/A,N/A,N/A,N/A,N/A,N/A,N/A,N/A,N/A,N/A,N/A,N/A,N/A,N/A,N/A,N/A,N/A,N/A,N/A,N/A,N/A,N/A,N/A,N/A,N/A,N/A,N/A,N/A,N/A,N/A,N/A,N/A,N/A,N/A,N/A,N/A,N/A,N/A,N/A,N/A,N/A,N/A,N/A,N/A,N/A,N/A,N/A
Panama,L,Luis Mejía,5,Edgardo Fariña,DEF,N/A,N/A,N/A,N/A,N/A,N/A,N/A,N/A,N/A,N/A,N/A,N/A,N/A,N/A,N/A,N/A,N/A,N/A,N/A,N/A,N/A,N/A,N/A,N/A,N/A,N/A,N/A,N/A,N/A,N/A,N/A,N/A,N/A,N/A,N/A,N/A,N/A,N/A,N/A,N/A,N/A,N/A,N/A,N/A,N/A,N/A,N/A,N/A,N/A,N/A
Panama,L,Luis Mejía,13,Jiovany Ramos,DEF,N/A,N/A,N/A,N/A,N/A,N/A,N/A,N/A,N/A,N/A,N/A,N/A,N/A,N/A,N/A,N/A,N/A,N/A,N/A,N/A,N/A,N/A,N/A,N/A,N/A,N/A,N/A,N/A,N/A,N/A,N/A,N/A,N/A,N/A,N/A,N/A,N/A,N/A,N/A,N/A,N/A,N/A,N/A,N/A,N/A,N/A,N/A,N/A,N/A,N/A
Panama,L,Luis Mejía,15,Eric Davis,DEF,N/A,N/A,N/A,N/A,N/A,N/A,N/A,N/A,N/A,N/A,N/A,N/A,N/A,N/A,N/A,N/A,N/A,N/A,N/A,N/A,N/A,N/A,N/A,N/A,N/A,N/A,N/A,N/A,N/A,N/A,N/A,N/A,N/A,N/A,N/A,N/A,N/A,N/A,N/A,N/A,N/A,N/A,N/A,N/A,N/A,N/A,N/A,N/A,N/A,N/A
Panama,L,Luis Mejía,16,Andrés Andrade,DEF,252873,Andrés Andrade,CB,,69,74,51,60,64,68,79,73,74,48,62,52,38,39,59,66,65,43,36,61,56,64,65,61,59,66,67,67,69,70,67,66,71,81,85,78,8,5,7,10,,"Precision Header,Long Ball Pass,Block,Anticipate",,2,3,2
Panama,L,Luis Mejía,23,Michael Amir Murillo,DEF,N/A,N/A,N/A,N/A,N/A,N/A,N/A,N/A,N/A,N/A,N/A,N/A,N/A,N/A,N/A,N/A,N/A,N/A,N/A,N/A,N/A,N/A,N/A,N/A,N/A,N/A,N/A,N/A,N/A,N/A,N/A,N/A,N/A,N/A,N/A,N/A,N/A,N/A,N/A,N/A,N/A,N/A,N/A,N/A,N/A,N/A,N/A,N/A,N/A,N/A
Panama,L,Luis Mejía,25,Roderick Miller,DEF,N/A,N/A,N/A,N/A,N/A,N/A,N/A,N/A,N/A,N/A,N/A,N/A,N/A,N/A,N/A,N/A,N/A,N/A,N/A,N/A,N/A,N/A,N/A,N/A,N/A,N/A,N/A,N/A,N/A,N/A,N/A,N/A,N/A,N/A,N/A,N/A,N/A,N/A,N/A,N/A,N/A,N/A,N/A,N/A,N/A,N/A,N/A,N/A,N/A,N/A
Panama,L,Luis Mejía,26,Jorge Gutiérrez,DEF,N/A,N/A,N/A,N/A,N/A,N/A,N/A,N/A,N/A,N/A,N/A,N/A,N/A,N/A,N/A,N/A,N/A,N/A,N/A,N/A,N/A,N/A,N/A,N/A,N/A,N/A,N/A,N/A,N/A,N/A,N/A,N/A,N/A,N/A,N/A,N/A,N/A,N/A,N/A,N/A,N/A,N/A,N/A,N/A,N/A,N/A,N/A,N/A,N/A,N/A
Panama,L,Luis Mejía,6,Cristian Martínez,MID,N/A,N/A,N/A,N/A,N/A,N/A,N/A,N/A,N/A,N/A,N/A,N/A,N/A,N/A,N/A,N/A,N/A,N/A,N/A,N/A,N/A,N/A,N/A,N/A,N/A,N/A,N/A,N/A,N/A,N/A,N/A,N/A,N/A,N/A,N/A,N/A,N/A,N/A,N/A,N/A,N/A,N/A,N/A,N/A,N/A,N/A,N/A,N/A,N/A,N/A
Panama,L,Luis Mejía,8,Adalberto Carrasquilla,MID,N/A,N/A,N/A,N/A,N/A,N/A,N/A,N/A,N/A,N/A,N/A,N/A,N/A,N/A,N/A,N/A,N/A,N/A,N/A,N/A,N/A,N/A,N/A,N/A,N/A,N/A,N/A,N/A,N/A,N/A,N/A,N/A,N/A,N/A,N/A,N/A,N/A,N/A,N/A,N/A,N/A,N/A,N/A,N/A,N/A,N/A,N/A,N/A,N/A,N/A
Panama,L,Luis Mejía,14,Carlos Harvey,MID,259568,Carlos Harvey,CB,"CM,RB,CDM",65,53,42,54,58,64,73,56,50,40,48,42,33,40,43,66,60,30,30,39,53,53,65,61,70,56,46,61,64,68,65,56,74,70,60,79,15,12,10,5,,,,2,3,1
Panama,L,Luis Mejía,20,Aníbal Godoy,MID,217047,Aníbal Godoy,CM,CDM,70,43,56,65,67,64,75,43,43,53,73,54,31,36,60,78,75,50,47,42,68,67,71,61,62,66,70,68,67,63,62,51,85,59,74,73,8,15,14,9,,"Long Ball Pass,Slide Tackle",,3,2,2
Panama,L,Luis Mejía,7,José Luis Rodríguez,FWD,N/A,N/A,N/A,N/A,N/A,N/A,N/A,N/A,N/A,N/A,N/A,N/A,N/A,N/A,N/A,N/A,N/A,N/A,N/A,N/A,N/A,N/A,N/A,N/A,N/A,N/A,N/A,N/A,N/A,N/A,N/A,N/A,N/A,N/A,N/A,N/A,N/A,N/A,N/A,N/A,N/A,N/A,N/A,N/A,N/A,N/A,N/A,N/A,N/A,N/A
Panama,L,Luis Mejía,9,Tomás Rodríguez,FWD,N/A,N/A,N/A,N/A,N/A,N/A,N/A,N/A,N/A,N/A,N/A,N/A,N/A,N/A,N/A,N/A,N/A,N/A,N/A,N/A,N/A,N/A,N/A,N/A,N/A,N/A,N/A,N/A,N/A,N/A,N/A,N/A,N/A,N/A,N/A,N/A,N/A,N/A,N/A,N/A,N/A,N/A,N/A,N/A,N/A,N/A,N/A,N/A,N/A,N/A
Panama,L,Luis Mejía,10,Ismael Díaz,FWD,N/A,N/A,N/A,N/A,N/A,N/A,N/A,N/A,N/A,N/A,N/A,N/A,N/A,N/A,N/A,N/A,N/A,N/A,N/A,N/A,N/A,N/A,N/A,N/A,N/A,N/A,N/A,N/A,N/A,N/A,N/A,N/A,N/A,N/A,N/A,N/A,N/A,N/A,N/A,N/A,N/A,N/A,N/A,N/A,N/A,N/A,N/A,N/A,N/A,N/A
Panama,L,Luis Mejía,11,Édgar Yoel Bárcenas,FWD,N/A,N/A,N/A,N/A,N/A,N/A,N/A,N/A,N/A,N/A,N/A,N/A,N/A,N/A,N/A,N/A,N/A,N/A,N/A,N/A,N/A,N/A,N/A,N/A,N/A,N/A,N/A,N/A,N/A,N/A,N/A,N/A,N/A,N/A,N/A,N/A,N/A,N/A,N/A,N/A,N/A,N/A,N/A,N/A,N/A,N/A,N/A,N/A,N/A,N/A
France,I,Brice Samba,10,Kylian Mbappé,FWD,231747,Kylian Mbappé,ST,"LW,LM",91,97,90,81,92,37,76,97,97,92,91,86,87,82,91,87,74,80,69,78,83,92,93,93,82,91,88,38,26,34,32,78,61,90,83,77,13,5,7,11,,"Finesse Shot,Acrobatic,Low Driven Shot,Gamechanger,Rapid,First Touch",Quick Step+,5,4,1
Panama,L,Luis Mejía,18,Cecilio Waterman,FWD,N/A,N/A,N/A,N/A,N/A,N/A,N/A,N/A,N/A,N/A,N/A,N/A,N/A,N/A,N/A,N/A,N/A,N/A,N/A,N/A,N/A,N/A,N/A,N/A,N/A,N/A,N/A,N/A,N/A,N/A,N/A,N/A,N/A,N/A,N/A,N/A,N/A,N/A,N/A,N/A,N/A,N/A,N/A,N/A,N/A,N/A,N/A,N/A,N/A,N/A
Panama,L,Luis Mejía,19,Alberto Quintero,FWD,N/A,N/A,N/A,N/A,N/A,N/A,N/A,N/A,N/A,N/A,N/A,N/A,N/A,N/A,N/A,N/A,N/A,N/A,N/A,N/A,N/A,N/A,N/A,N/A,N/A,N/A,N/A,N/A,N/A,N/A,N/A,N/A,N/A,N/A,N/A,N/A,N/A,N/A,N/A,N/A,N/A,N/A,N/A,N/A,N/A,N/A,N/A,N/A,N/A,N/A
Panama,L,Luis Mejía,21,César Yanis,FWD,N/A,N/A,N/A,N/A,N/A,N/A,N/A,N/A,N/A,N/A,N/A,N/A,N/A,N/A,N/A,N/A,N/A,N/A,N/A,N/A,N/A,N/A,N/A,N/A,N/A,N/A,N/A,N/A,N/A,N/A,N/A,N/A,N/A,N/A,N/A,N/A,N/A,N/A,N/A,N/A,N/A,N/A,N/A,N/A,N/A,N/A,N/A,N/A,N/A,N/A
Panama,L,Luis Mejía,24,Azarías Londoño,FWD,N/A,N/A,N/A,N/A,N/A,N/A,N/A,N/A,N/A,N/A,N/A,N/A,N/A,N/A,N/A,N/A,N/A,N/A,N/A,N/A,N/A,N/A,N/A,N/A,N/A,N/A,N/A,N/A,N/A,N/A,N/A,N/A,N/A,N/A,N/A,N/A,N/A,N/A,N/A,N/A,N/A,N/A,N/A,N/A,N/A,N/A,N/A,N/A,N/A,N/A